Worksheet,Cell,Excel formula
Correlation,B7,=1
Correlation,C7,='Asset assumptions'!G7*'Asset assumptions'!G8
Correlation,D7,='Asset assumptions'!G7*'Asset assumptions'!G9
Correlation,E7,='Asset assumptions'!G7*'Asset assumptions'!G10
Correlation,F7,='Asset assumptions'!G7*'Asset assumptions'!G11
Correlation,G7,='Asset assumptions'!G7*'Asset assumptions'!G12
Correlation,H7,='Asset assumptions'!G7*'Asset assumptions'!G13
Correlation,I7,='Asset assumptions'!G7*'Asset assumptions'!G14
Correlation,B8,='Asset assumptions'!G8*'Asset assumptions'!G7
Correlation,C8,=1
Correlation,D8,='Asset assumptions'!G8*'Asset assumptions'!G9
Correlation,E8,='Asset assumptions'!G8*'Asset assumptions'!G10
Correlation,F8,='Asset assumptions'!G8*'Asset assumptions'!G11
Correlation,G8,='Asset assumptions'!G8*'Asset assumptions'!G12
Correlation,H8,='Asset assumptions'!G8*'Asset assumptions'!G13
Correlation,I8,='Asset assumptions'!G8*'Asset assumptions'!G14
Correlation,B9,='Asset assumptions'!G9*'Asset assumptions'!G7
Correlation,C9,='Asset assumptions'!G9*'Asset assumptions'!G8
Correlation,D9,=1
Correlation,E9,='Asset assumptions'!G9*'Asset assumptions'!G10
Correlation,F9,='Asset assumptions'!G9*'Asset assumptions'!G11
Correlation,G9,='Asset assumptions'!G9*'Asset assumptions'!G12
Correlation,H9,='Asset assumptions'!G9*'Asset assumptions'!G13
Correlation,I9,='Asset assumptions'!G9*'Asset assumptions'!G14
Correlation,B10,='Asset assumptions'!G10*'Asset assumptions'!G7
Correlation,C10,='Asset assumptions'!G10*'Asset assumptions'!G8
Correlation,D10,='Asset assumptions'!G10*'Asset assumptions'!G9
Correlation,E10,=1
Correlation,F10,='Asset assumptions'!G10*'Asset assumptions'!G11
Correlation,G10,='Asset assumptions'!G10*'Asset assumptions'!G12
Correlation,H10,='Asset assumptions'!G10*'Asset assumptions'!G13
Correlation,I10,='Asset assumptions'!G10*'Asset assumptions'!G14
Correlation,B11,='Asset assumptions'!G11*'Asset assumptions'!G7
Correlation,C11,='Asset assumptions'!G11*'Asset assumptions'!G8
Correlation,D11,='Asset assumptions'!G11*'Asset assumptions'!G9
Correlation,E11,='Asset assumptions'!G11*'Asset assumptions'!G10
Correlation,F11,=1
Correlation,G11,='Asset assumptions'!G11*'Asset assumptions'!G12
Correlation,H11,='Asset assumptions'!G11*'Asset assumptions'!G13
Correlation,I11,='Asset assumptions'!G11*'Asset assumptions'!G14
Correlation,B12,='Asset assumptions'!G12*'Asset assumptions'!G7
Correlation,C12,='Asset assumptions'!G12*'Asset assumptions'!G8
Correlation,D12,='Asset assumptions'!G12*'Asset assumptions'!G9
Correlation,E12,='Asset assumptions'!G12*'Asset assumptions'!G10
Correlation,F12,='Asset assumptions'!G12*'Asset assumptions'!G11
Correlation,G12,=1
Correlation,H12,='Asset assumptions'!G12*'Asset assumptions'!G13
Correlation,I12,='Asset assumptions'!G12*'Asset assumptions'!G14
Correlation,B13,='Asset assumptions'!G13*'Asset assumptions'!G7
Correlation,C13,='Asset assumptions'!G13*'Asset assumptions'!G8
Correlation,D13,='Asset assumptions'!G13*'Asset assumptions'!G9
Correlation,E13,='Asset assumptions'!G13*'Asset assumptions'!G10
Correlation,F13,='Asset assumptions'!G13*'Asset assumptions'!G11
Correlation,G13,='Asset assumptions'!G13*'Asset assumptions'!G12
Correlation,H13,=1
Correlation,I13,='Asset assumptions'!G13*'Asset assumptions'!G14
Correlation,B14,='Asset assumptions'!G14*'Asset assumptions'!G7
Correlation,C14,='Asset assumptions'!G14*'Asset assumptions'!G8
Correlation,D14,='Asset assumptions'!G14*'Asset assumptions'!G9
Correlation,E14,='Asset assumptions'!G14*'Asset assumptions'!G10
Correlation,F14,='Asset assumptions'!G14*'Asset assumptions'!G11
Correlation,G14,='Asset assumptions'!G14*'Asset assumptions'!G12
Correlation,H14,='Asset assumptions'!G14*'Asset assumptions'!G13
Correlation,I14,=1
Covariance,B7,='Correlation'!B7*'Asset assumptions'!F7*'Asset assumptions'!F7
Covariance,C7,='Correlation'!C7*'Asset assumptions'!F7*'Asset assumptions'!F8
Covariance,D7,='Correlation'!D7*'Asset assumptions'!F7*'Asset assumptions'!F9
Covariance,E7,='Correlation'!E7*'Asset assumptions'!F7*'Asset assumptions'!F10
Covariance,F7,='Correlation'!F7*'Asset assumptions'!F7*'Asset assumptions'!F11
Covariance,G7,='Correlation'!G7*'Asset assumptions'!F7*'Asset assumptions'!F12
Covariance,H7,='Correlation'!H7*'Asset assumptions'!F7*'Asset assumptions'!F13
Covariance,I7,='Correlation'!I7*'Asset assumptions'!F7*'Asset assumptions'!F14
Covariance,B8,='Correlation'!B8*'Asset assumptions'!F8*'Asset assumptions'!F7
Covariance,C8,='Correlation'!C8*'Asset assumptions'!F8*'Asset assumptions'!F8
Covariance,D8,='Correlation'!D8*'Asset assumptions'!F8*'Asset assumptions'!F9
Covariance,E8,='Correlation'!E8*'Asset assumptions'!F8*'Asset assumptions'!F10
Covariance,F8,='Correlation'!F8*'Asset assumptions'!F8*'Asset assumptions'!F11
Covariance,G8,='Correlation'!G8*'Asset assumptions'!F8*'Asset assumptions'!F12
Covariance,H8,='Correlation'!H8*'Asset assumptions'!F8*'Asset assumptions'!F13
Covariance,I8,='Correlation'!I8*'Asset assumptions'!F8*'Asset assumptions'!F14
Covariance,B9,='Correlation'!B9*'Asset assumptions'!F9*'Asset assumptions'!F7
Covariance,C9,='Correlation'!C9*'Asset assumptions'!F9*'Asset assumptions'!F8
Covariance,D9,='Correlation'!D9*'Asset assumptions'!F9*'Asset assumptions'!F9
Covariance,E9,='Correlation'!E9*'Asset assumptions'!F9*'Asset assumptions'!F10
Covariance,F9,='Correlation'!F9*'Asset assumptions'!F9*'Asset assumptions'!F11
Covariance,G9,='Correlation'!G9*'Asset assumptions'!F9*'Asset assumptions'!F12
Covariance,H9,='Correlation'!H9*'Asset assumptions'!F9*'Asset assumptions'!F13
Covariance,I9,='Correlation'!I9*'Asset assumptions'!F9*'Asset assumptions'!F14
Covariance,B10,='Correlation'!B10*'Asset assumptions'!F10*'Asset assumptions'!F7
Covariance,C10,='Correlation'!C10*'Asset assumptions'!F10*'Asset assumptions'!F8
Covariance,D10,='Correlation'!D10*'Asset assumptions'!F10*'Asset assumptions'!F9
Covariance,E10,='Correlation'!E10*'Asset assumptions'!F10*'Asset assumptions'!F10
Covariance,F10,='Correlation'!F10*'Asset assumptions'!F10*'Asset assumptions'!F11
Covariance,G10,='Correlation'!G10*'Asset assumptions'!F10*'Asset assumptions'!F12
Covariance,H10,='Correlation'!H10*'Asset assumptions'!F10*'Asset assumptions'!F13
Covariance,I10,='Correlation'!I10*'Asset assumptions'!F10*'Asset assumptions'!F14
Covariance,B11,='Correlation'!B11*'Asset assumptions'!F11*'Asset assumptions'!F7
Covariance,C11,='Correlation'!C11*'Asset assumptions'!F11*'Asset assumptions'!F8
Covariance,D11,='Correlation'!D11*'Asset assumptions'!F11*'Asset assumptions'!F9
Covariance,E11,='Correlation'!E11*'Asset assumptions'!F11*'Asset assumptions'!F10
Covariance,F11,='Correlation'!F11*'Asset assumptions'!F11*'Asset assumptions'!F11
Covariance,G11,='Correlation'!G11*'Asset assumptions'!F11*'Asset assumptions'!F12
Covariance,H11,='Correlation'!H11*'Asset assumptions'!F11*'Asset assumptions'!F13
Covariance,I11,='Correlation'!I11*'Asset assumptions'!F11*'Asset assumptions'!F14
Covariance,B12,='Correlation'!B12*'Asset assumptions'!F12*'Asset assumptions'!F7
Covariance,C12,='Correlation'!C12*'Asset assumptions'!F12*'Asset assumptions'!F8
Covariance,D12,='Correlation'!D12*'Asset assumptions'!F12*'Asset assumptions'!F9
Covariance,E12,='Correlation'!E12*'Asset assumptions'!F12*'Asset assumptions'!F10
Covariance,F12,='Correlation'!F12*'Asset assumptions'!F12*'Asset assumptions'!F11
Covariance,G12,='Correlation'!G12*'Asset assumptions'!F12*'Asset assumptions'!F12
Covariance,H12,='Correlation'!H12*'Asset assumptions'!F12*'Asset assumptions'!F13
Covariance,I12,='Correlation'!I12*'Asset assumptions'!F12*'Asset assumptions'!F14
Covariance,B13,='Correlation'!B13*'Asset assumptions'!F13*'Asset assumptions'!F7
Covariance,C13,='Correlation'!C13*'Asset assumptions'!F13*'Asset assumptions'!F8
Covariance,D13,='Correlation'!D13*'Asset assumptions'!F13*'Asset assumptions'!F9
Covariance,E13,='Correlation'!E13*'Asset assumptions'!F13*'Asset assumptions'!F10
Covariance,F13,='Correlation'!F13*'Asset assumptions'!F13*'Asset assumptions'!F11
Covariance,G13,='Correlation'!G13*'Asset assumptions'!F13*'Asset assumptions'!F12
Covariance,H13,='Correlation'!H13*'Asset assumptions'!F13*'Asset assumptions'!F13
Covariance,I13,='Correlation'!I13*'Asset assumptions'!F13*'Asset assumptions'!F14
Covariance,B14,='Correlation'!B14*'Asset assumptions'!F14*'Asset assumptions'!F7
Covariance,C14,='Correlation'!C14*'Asset assumptions'!F14*'Asset assumptions'!F8
Covariance,D14,='Correlation'!D14*'Asset assumptions'!F14*'Asset assumptions'!F9
Covariance,E14,='Correlation'!E14*'Asset assumptions'!F14*'Asset assumptions'!F10
Covariance,F14,='Correlation'!F14*'Asset assumptions'!F14*'Asset assumptions'!F11
Covariance,G14,='Correlation'!G14*'Asset assumptions'!F14*'Asset assumptions'!F12
Covariance,H14,='Correlation'!H14*'Asset assumptions'!F14*'Asset assumptions'!F13
Covariance,I14,='Correlation'!I14*'Asset assumptions'!F14*'Asset assumptions'!F14
Policies,J7,=SUM(B7:I7)
Policies,K7,=SUM(B7:D7)
Policies,L7,=B7*'Asset assumptions'!E7+C7*'Asset assumptions'!E8+D7*'Asset assumptions'!E9+E7*'Asset assumptions'!E10+F7*'Asset assumptions'!E11+G7*'Asset assumptions'!E12+H7*'Asset assumptions'!E13+I7*'Asset assumptions'!E14
Policies,M7,=SQRT(B7*B7*'Covariance'!B7+B7*C7*'Covariance'!C7+B7*D7*'Covariance'!D7+B7*E7*'Covariance'!E7+B7*F7*'Covariance'!F7+B7*G7*'Covariance'!G7+B7*H7*'Covariance'!H7+B7*I7*'Covariance'!I7+C7*B7*'Covariance'!B8+C7*C7*'Covariance'!C8+C7*D7*'Covariance'!D8+C7*E7*'Covariance'!E8+C7*F7*'Covariance'!F8+C7*G7*'Covariance'!G8+C7*H7*'Covariance'!H8+C7*I7*'Covariance'!I8+D7*B7*'Covariance'!B9+D7*C7*'Covariance'!C9+D7*D7*'Covariance'!D9+D7*E7*'Covariance'!E9+D7*F7*'Covariance'!F9+D7*G7*'Covariance'!G9+D7*H7*'Covariance'!H9+D7*I7*'Covariance'!I9+E7*B7*'Covariance'!B10+E7*C7*'Covariance'!C10+E7*D7*'Covariance'!D10+E7*E7*'Covariance'!E10+E7*F7*'Covariance'!F10+E7*G7*'Covariance'!G10+E7*H7*'Covariance'!H10+E7*I7*'Covariance'!I10+F7*B7*'Covariance'!B11+F7*C7*'Covariance'!C11+F7*D7*'Covariance'!D11+F7*E7*'Covariance'!E11+F7*F7*'Covariance'!F11+F7*G7*'Covariance'!G11+F7*H7*'Covariance'!H11+F7*I7*'Covariance'!I11+G7*B7*'Covariance'!B12+G7*C7*'Covariance'!C12+G7*D7*'Covariance'!D12+G7*E7*'Covariance'!E12+G7*F7*'Covariance'!F12+G7*G7*'Covariance'!G12+G7*H7*'Covariance'!H12+G7*I7*'Covariance'!I12+H7*B7*'Covariance'!B13+H7*C7*'Covariance'!C13+H7*D7*'Covariance'!D13+H7*E7*'Covariance'!E13+H7*F7*'Covariance'!F13+H7*G7*'Covariance'!G13+H7*H7*'Covariance'!H13+H7*I7*'Covariance'!I13+I7*B7*'Covariance'!B14+I7*C7*'Covariance'!C14+I7*D7*'Covariance'!D14+I7*E7*'Covariance'!E14+I7*F7*'Covariance'!F14+I7*G7*'Covariance'!G14+I7*H7*'Covariance'!H14+I7*I7*'Covariance'!I14)
Policies,N7,=(L7-'Inputs'!$B$11)/M7
Policies,O7,=B7*'Asset assumptions'!D7/'Asset assumptions'!C7*(1-'Inputs'!$B$10)+C7*'Asset assumptions'!D8/'Asset assumptions'!C8*(1-'Inputs'!$B$10)+D7*'Asset assumptions'!D9/'Asset assumptions'!C9*(1-'Inputs'!$B$10)+E7*'Asset assumptions'!D10/'Asset assumptions'!C10*(1-'Inputs'!$B$10)+F7*'Asset assumptions'!D11/'Asset assumptions'!C11*(1-'Inputs'!$B$10)+G7*'Asset assumptions'!D12/'Asset assumptions'!C12*(1-'Inputs'!$B$10)+H7*'Asset assumptions'!D13/'Asset assumptions'!C13*(1-'Inputs'!$B$10)
Policies,P7,"=IF(ABS(J7-1)>0.000001,1,0)+IF(K7>'Inputs'!$B$13,1,0)+IF(MAX(B7:H7)>'Inputs'!$B$12,1,0)+IF(I7<'Inputs'!$B$14,1,0)+IF(MIN(B7:I7)<0,1,0)"
Policies,J8,=SUM(B8:I8)
Policies,K8,=SUM(B8:D8)
Policies,L8,=B8*'Asset assumptions'!E7+C8*'Asset assumptions'!E8+D8*'Asset assumptions'!E9+E8*'Asset assumptions'!E10+F8*'Asset assumptions'!E11+G8*'Asset assumptions'!E12+H8*'Asset assumptions'!E13+I8*'Asset assumptions'!E14
Policies,M8,=SQRT(B8*B8*'Covariance'!B7+B8*C8*'Covariance'!C7+B8*D8*'Covariance'!D7+B8*E8*'Covariance'!E7+B8*F8*'Covariance'!F7+B8*G8*'Covariance'!G7+B8*H8*'Covariance'!H7+B8*I8*'Covariance'!I7+C8*B8*'Covariance'!B8+C8*C8*'Covariance'!C8+C8*D8*'Covariance'!D8+C8*E8*'Covariance'!E8+C8*F8*'Covariance'!F8+C8*G8*'Covariance'!G8+C8*H8*'Covariance'!H8+C8*I8*'Covariance'!I8+D8*B8*'Covariance'!B9+D8*C8*'Covariance'!C9+D8*D8*'Covariance'!D9+D8*E8*'Covariance'!E9+D8*F8*'Covariance'!F9+D8*G8*'Covariance'!G9+D8*H8*'Covariance'!H9+D8*I8*'Covariance'!I9+E8*B8*'Covariance'!B10+E8*C8*'Covariance'!C10+E8*D8*'Covariance'!D10+E8*E8*'Covariance'!E10+E8*F8*'Covariance'!F10+E8*G8*'Covariance'!G10+E8*H8*'Covariance'!H10+E8*I8*'Covariance'!I10+F8*B8*'Covariance'!B11+F8*C8*'Covariance'!C11+F8*D8*'Covariance'!D11+F8*E8*'Covariance'!E11+F8*F8*'Covariance'!F11+F8*G8*'Covariance'!G11+F8*H8*'Covariance'!H11+F8*I8*'Covariance'!I11+G8*B8*'Covariance'!B12+G8*C8*'Covariance'!C12+G8*D8*'Covariance'!D12+G8*E8*'Covariance'!E12+G8*F8*'Covariance'!F12+G8*G8*'Covariance'!G12+G8*H8*'Covariance'!H12+G8*I8*'Covariance'!I12+H8*B8*'Covariance'!B13+H8*C8*'Covariance'!C13+H8*D8*'Covariance'!D13+H8*E8*'Covariance'!E13+H8*F8*'Covariance'!F13+H8*G8*'Covariance'!G13+H8*H8*'Covariance'!H13+H8*I8*'Covariance'!I13+I8*B8*'Covariance'!B14+I8*C8*'Covariance'!C14+I8*D8*'Covariance'!D14+I8*E8*'Covariance'!E14+I8*F8*'Covariance'!F14+I8*G8*'Covariance'!G14+I8*H8*'Covariance'!H14+I8*I8*'Covariance'!I14)
Policies,N8,=(L8-'Inputs'!$B$11)/M8
Policies,O8,=B8*'Asset assumptions'!D7/'Asset assumptions'!C7*(1-'Inputs'!$B$10)+C8*'Asset assumptions'!D8/'Asset assumptions'!C8*(1-'Inputs'!$B$10)+D8*'Asset assumptions'!D9/'Asset assumptions'!C9*(1-'Inputs'!$B$10)+E8*'Asset assumptions'!D10/'Asset assumptions'!C10*(1-'Inputs'!$B$10)+F8*'Asset assumptions'!D11/'Asset assumptions'!C11*(1-'Inputs'!$B$10)+G8*'Asset assumptions'!D12/'Asset assumptions'!C12*(1-'Inputs'!$B$10)+H8*'Asset assumptions'!D13/'Asset assumptions'!C13*(1-'Inputs'!$B$10)
Policies,P8,"=IF(ABS(J8-1)>0.000001,1,0)+IF(K8>'Inputs'!$B$13,1,0)+IF(MAX(B8:H8)>'Inputs'!$B$12,1,0)+IF(I8<'Inputs'!$B$14,1,0)+IF(MIN(B8:I8)<0,1,0)"
Policies,J9,=SUM(B9:I9)
Policies,K9,=SUM(B9:D9)
Policies,L9,=B9*'Asset assumptions'!E7+C9*'Asset assumptions'!E8+D9*'Asset assumptions'!E9+E9*'Asset assumptions'!E10+F9*'Asset assumptions'!E11+G9*'Asset assumptions'!E12+H9*'Asset assumptions'!E13+I9*'Asset assumptions'!E14
Policies,M9,=SQRT(B9*B9*'Covariance'!B7+B9*C9*'Covariance'!C7+B9*D9*'Covariance'!D7+B9*E9*'Covariance'!E7+B9*F9*'Covariance'!F7+B9*G9*'Covariance'!G7+B9*H9*'Covariance'!H7+B9*I9*'Covariance'!I7+C9*B9*'Covariance'!B8+C9*C9*'Covariance'!C8+C9*D9*'Covariance'!D8+C9*E9*'Covariance'!E8+C9*F9*'Covariance'!F8+C9*G9*'Covariance'!G8+C9*H9*'Covariance'!H8+C9*I9*'Covariance'!I8+D9*B9*'Covariance'!B9+D9*C9*'Covariance'!C9+D9*D9*'Covariance'!D9+D9*E9*'Covariance'!E9+D9*F9*'Covariance'!F9+D9*G9*'Covariance'!G9+D9*H9*'Covariance'!H9+D9*I9*'Covariance'!I9+E9*B9*'Covariance'!B10+E9*C9*'Covariance'!C10+E9*D9*'Covariance'!D10+E9*E9*'Covariance'!E10+E9*F9*'Covariance'!F10+E9*G9*'Covariance'!G10+E9*H9*'Covariance'!H10+E9*I9*'Covariance'!I10+F9*B9*'Covariance'!B11+F9*C9*'Covariance'!C11+F9*D9*'Covariance'!D11+F9*E9*'Covariance'!E11+F9*F9*'Covariance'!F11+F9*G9*'Covariance'!G11+F9*H9*'Covariance'!H11+F9*I9*'Covariance'!I11+G9*B9*'Covariance'!B12+G9*C9*'Covariance'!C12+G9*D9*'Covariance'!D12+G9*E9*'Covariance'!E12+G9*F9*'Covariance'!F12+G9*G9*'Covariance'!G12+G9*H9*'Covariance'!H12+G9*I9*'Covariance'!I12+H9*B9*'Covariance'!B13+H9*C9*'Covariance'!C13+H9*D9*'Covariance'!D13+H9*E9*'Covariance'!E13+H9*F9*'Covariance'!F13+H9*G9*'Covariance'!G13+H9*H9*'Covariance'!H13+H9*I9*'Covariance'!I13+I9*B9*'Covariance'!B14+I9*C9*'Covariance'!C14+I9*D9*'Covariance'!D14+I9*E9*'Covariance'!E14+I9*F9*'Covariance'!F14+I9*G9*'Covariance'!G14+I9*H9*'Covariance'!H14+I9*I9*'Covariance'!I14)
Policies,N9,=(L9-'Inputs'!$B$11)/M9
Policies,O9,=B9*'Asset assumptions'!D7/'Asset assumptions'!C7*(1-'Inputs'!$B$10)+C9*'Asset assumptions'!D8/'Asset assumptions'!C8*(1-'Inputs'!$B$10)+D9*'Asset assumptions'!D9/'Asset assumptions'!C9*(1-'Inputs'!$B$10)+E9*'Asset assumptions'!D10/'Asset assumptions'!C10*(1-'Inputs'!$B$10)+F9*'Asset assumptions'!D11/'Asset assumptions'!C11*(1-'Inputs'!$B$10)+G9*'Asset assumptions'!D12/'Asset assumptions'!C12*(1-'Inputs'!$B$10)+H9*'Asset assumptions'!D13/'Asset assumptions'!C13*(1-'Inputs'!$B$10)
Policies,P9,"=IF(ABS(J9-1)>0.000001,1,0)+IF(K9>'Inputs'!$B$13,1,0)+IF(MAX(B9:H9)>'Inputs'!$B$12,1,0)+IF(I9<'Inputs'!$B$14,1,0)+IF(MIN(B9:I9)<0,1,0)"
Positions,B7,='Policies'!B8
Positions,C7,=B7*'Inputs'!$B$7
Positions,D7,='Asset assumptions'!C7
Positions,E7,='Inputs'!$B$8
Positions,F7,='Asset assumptions'!I7
Positions,G7,=INT(C7/(D7*(1+E7))/F7)*F7
Positions,H7,=G7*D7
Positions,I7,=H7*E7
Positions,J7,=C7-H7-I7
Positions,K7,=G7*'Asset assumptions'!D7*(1-'Inputs'!$B$10)
Positions,L7,=H7/'Inputs'!$B$7
Positions,M7,='Asset assumptions'!H7
Positions,N7,=H7/(M7*'Inputs'!$B$16)
Positions,B8,='Policies'!C8
Positions,C8,=B8*'Inputs'!$B$7
Positions,D8,='Asset assumptions'!C8
Positions,E8,='Inputs'!$B$8
Positions,F8,='Asset assumptions'!I8
Positions,G8,=INT(C8/(D8*(1+E8))/F8)*F8
Positions,H8,=G8*D8
Positions,I8,=H8*E8
Positions,J8,=C8-H8-I8
Positions,K8,=G8*'Asset assumptions'!D8*(1-'Inputs'!$B$10)
Positions,L8,=H8/'Inputs'!$B$7
Positions,M8,='Asset assumptions'!H8
Positions,N8,=H8/(M8*'Inputs'!$B$16)
Positions,B9,='Policies'!D8
Positions,C9,=B9*'Inputs'!$B$7
Positions,D9,='Asset assumptions'!C9
Positions,E9,='Inputs'!$B$8
Positions,F9,='Asset assumptions'!I9
Positions,G9,=INT(C9/(D9*(1+E9))/F9)*F9
Positions,H9,=G9*D9
Positions,I9,=H9*E9
Positions,J9,=C9-H9-I9
Positions,K9,=G9*'Asset assumptions'!D9*(1-'Inputs'!$B$10)
Positions,L9,=H9/'Inputs'!$B$7
Positions,M9,='Asset assumptions'!H9
Positions,N9,=H9/(M9*'Inputs'!$B$16)
Positions,B10,='Policies'!E8
Positions,C10,=B10*'Inputs'!$B$7
Positions,D10,='Asset assumptions'!C10
Positions,E10,='Inputs'!$B$8
Positions,F10,='Asset assumptions'!I10
Positions,G10,=INT(C10/(D10*(1+E10))/F10)*F10
Positions,H10,=G10*D10
Positions,I10,=H10*E10
Positions,J10,=C10-H10-I10
Positions,K10,=G10*'Asset assumptions'!D10*(1-'Inputs'!$B$10)
Positions,L10,=H10/'Inputs'!$B$7
Positions,M10,='Asset assumptions'!H10
Positions,N10,=H10/(M10*'Inputs'!$B$16)
Positions,B11,='Policies'!F8
Positions,C11,=B11*'Inputs'!$B$7
Positions,D11,='Asset assumptions'!C11
Positions,E11,='Inputs'!$B$8
Positions,F11,='Asset assumptions'!I11
Positions,G11,=INT(C11/(D11*(1+E11))/F11)*F11
Positions,H11,=G11*D11
Positions,I11,=H11*E11
Positions,J11,=C11-H11-I11
Positions,K11,=G11*'Asset assumptions'!D11*(1-'Inputs'!$B$10)
Positions,L11,=H11/'Inputs'!$B$7
Positions,M11,='Asset assumptions'!H11
Positions,N11,=H11/(M11*'Inputs'!$B$16)
Positions,B12,='Policies'!G8
Positions,C12,=B12*'Inputs'!$B$7
Positions,D12,='Asset assumptions'!C12
Positions,E12,='Inputs'!$B$8
Positions,F12,='Asset assumptions'!I12
Positions,G12,=INT(C12/(D12*(1+E12))/F12)*F12
Positions,H12,=G12*D12
Positions,I12,=H12*E12
Positions,J12,=C12-H12-I12
Positions,K12,=G12*'Asset assumptions'!D12*(1-'Inputs'!$B$10)
Positions,L12,=H12/'Inputs'!$B$7
Positions,M12,='Asset assumptions'!H12
Positions,N12,=H12/(M12*'Inputs'!$B$16)
Positions,B13,='Policies'!H8
Positions,C13,=B13*'Inputs'!$B$7
Positions,D13,='Asset assumptions'!C13
Positions,E13,='Inputs'!$B$8
Positions,F13,='Asset assumptions'!I13
Positions,G13,=INT(C13/(D13*(1+E13))/F13)*F13
Positions,H13,=G13*D13
Positions,I13,=H13*E13
Positions,J13,=C13-H13-I13
Positions,K13,=G13*'Asset assumptions'!D13*(1-'Inputs'!$B$10)
Positions,L13,=H13/'Inputs'!$B$7
Positions,M13,='Asset assumptions'!H13
Positions,N13,=H13/(M13*'Inputs'!$B$16)
Positions,B14,='Policies'!I8
Positions,C14,=B14*'Inputs'!$B$7
Positions,D14,='Asset assumptions'!C14
Positions,E14,=0
Positions,F14,='Asset assumptions'!I14
Positions,G14,=INT(C14/(D14*(1+E14))/F14)*F14
Positions,H14,=G14*D14
Positions,I14,=H14*E14
Positions,J14,=C14-H14-I14
Positions,K14,=G14*'Asset assumptions'!D14*(1-'Inputs'!$B$10)
Positions,L14,=H14/'Inputs'!$B$7
Positions,M14,='Asset assumptions'!H14
Positions,N14,=H14/(M14*'Inputs'!$B$16)
Positions,B16,=SUM(B7:B14)
Positions,C16,=SUM(C7:C14)
Positions,H16,=SUM(H7:H14)
Positions,I16,=SUM(I7:I14)
Positions,J16,=SUM(J7:J14)
Positions,K16,=SUM(K7:K14)
Positions,L16,=SUM(L7:L14)
Positions,C18,=C16-H16-I16-J16
Risk contributions,B7,='Policies'!B8
Risk contributions,C7,='Covariance'!B7*'Policies'!B8+'Covariance'!C7*'Policies'!C8+'Covariance'!D7*'Policies'!D8+'Covariance'!E7*'Policies'!E8+'Covariance'!F7*'Policies'!F8+'Covariance'!G7*'Policies'!G8+'Covariance'!H7*'Policies'!H8+'Covariance'!I7*'Policies'!I8
Risk contributions,D7,=B7*C7
Risk contributions,E7,=D7/'Policies'!$M$8^2
Risk contributions,B8,='Policies'!C8
Risk contributions,C8,='Covariance'!B8*'Policies'!B8+'Covariance'!C8*'Policies'!C8+'Covariance'!D8*'Policies'!D8+'Covariance'!E8*'Policies'!E8+'Covariance'!F8*'Policies'!F8+'Covariance'!G8*'Policies'!G8+'Covariance'!H8*'Policies'!H8+'Covariance'!I8*'Policies'!I8
Risk contributions,D8,=B8*C8
Risk contributions,E8,=D8/'Policies'!$M$8^2
Risk contributions,B9,='Policies'!D8
Risk contributions,C9,='Covariance'!B9*'Policies'!B8+'Covariance'!C9*'Policies'!C8+'Covariance'!D9*'Policies'!D8+'Covariance'!E9*'Policies'!E8+'Covariance'!F9*'Policies'!F8+'Covariance'!G9*'Policies'!G8+'Covariance'!H9*'Policies'!H8+'Covariance'!I9*'Policies'!I8
Risk contributions,D9,=B9*C9
Risk contributions,E9,=D9/'Policies'!$M$8^2
Risk contributions,B10,='Policies'!E8
Risk contributions,C10,='Covariance'!B10*'Policies'!B8+'Covariance'!C10*'Policies'!C8+'Covariance'!D10*'Policies'!D8+'Covariance'!E10*'Policies'!E8+'Covariance'!F10*'Policies'!F8+'Covariance'!G10*'Policies'!G8+'Covariance'!H10*'Policies'!H8+'Covariance'!I10*'Policies'!I8
Risk contributions,D10,=B10*C10
Risk contributions,E10,=D10/'Policies'!$M$8^2
Risk contributions,B11,='Policies'!F8
Risk contributions,C11,='Covariance'!B11*'Policies'!B8+'Covariance'!C11*'Policies'!C8+'Covariance'!D11*'Policies'!D8+'Covariance'!E11*'Policies'!E8+'Covariance'!F11*'Policies'!F8+'Covariance'!G11*'Policies'!G8+'Covariance'!H11*'Policies'!H8+'Covariance'!I11*'Policies'!I8
Risk contributions,D11,=B11*C11
Risk contributions,E11,=D11/'Policies'!$M$8^2
Risk contributions,B12,='Policies'!G8
Risk contributions,C12,='Covariance'!B12*'Policies'!B8+'Covariance'!C12*'Policies'!C8+'Covariance'!D12*'Policies'!D8+'Covariance'!E12*'Policies'!E8+'Covariance'!F12*'Policies'!F8+'Covariance'!G12*'Policies'!G8+'Covariance'!H12*'Policies'!H8+'Covariance'!I12*'Policies'!I8
Risk contributions,D12,=B12*C12
Risk contributions,E12,=D12/'Policies'!$M$8^2
Risk contributions,B13,='Policies'!H8
Risk contributions,C13,='Covariance'!B13*'Policies'!B8+'Covariance'!C13*'Policies'!C8+'Covariance'!D13*'Policies'!D8+'Covariance'!E13*'Policies'!E8+'Covariance'!F13*'Policies'!F8+'Covariance'!G13*'Policies'!G8+'Covariance'!H13*'Policies'!H8+'Covariance'!I13*'Policies'!I8
Risk contributions,D13,=B13*C13
Risk contributions,E13,=D13/'Policies'!$M$8^2
Risk contributions,B14,='Policies'!I8
Risk contributions,C14,='Covariance'!B14*'Policies'!B8+'Covariance'!C14*'Policies'!C8+'Covariance'!D14*'Policies'!D8+'Covariance'!E14*'Policies'!E8+'Covariance'!F14*'Policies'!F8+'Covariance'!G14*'Policies'!G8+'Covariance'!H14*'Policies'!H8+'Covariance'!I14*'Policies'!I8
Risk contributions,D14,=B14*C14
Risk contributions,E14,=D14/'Policies'!$M$8^2
Risk contributions,D16,=SUM(D7:D14)
Risk contributions,E16,=SUM(E7:E14)
Joint stress,J7,"=SUMPRODUCT(B7:I7,'Policies'!B7:I7)"
Joint stress,K7,"=SUMPRODUCT(B7:I7,'Policies'!B8:I8)"
Joint stress,L7,"=SUMPRODUCT(B7:I7,'Policies'!B9:I9)"
Joint stress,J8,"=SUMPRODUCT(B8:I8,'Policies'!B7:I7)"
Joint stress,K8,"=SUMPRODUCT(B8:I8,'Policies'!B8:I8)"
Joint stress,L8,"=SUMPRODUCT(B8:I8,'Policies'!B9:I9)"
Joint stress,J9,"=SUMPRODUCT(B9:I9,'Policies'!B7:I7)"
Joint stress,K9,"=SUMPRODUCT(B9:I9,'Policies'!B8:I8)"
Joint stress,L9,"=SUMPRODUCT(B9:I9,'Policies'!B9:I9)"
Joint stress,J10,"=SUMPRODUCT(B10:I10,'Policies'!B7:I7)"
Joint stress,K10,"=SUMPRODUCT(B10:I10,'Policies'!B8:I8)"
Joint stress,L10,"=SUMPRODUCT(B10:I10,'Policies'!B9:I9)"
Sampled portfolios,J7,=B7*'Asset assumptions'!E7+C7*'Asset assumptions'!E8+D7*'Asset assumptions'!E9+E7*'Asset assumptions'!E10+F7*'Asset assumptions'!E11+G7*'Asset assumptions'!E12+H7*'Asset assumptions'!E13+I7*'Asset assumptions'!E14
Sampled portfolios,K7,=SQRT(B7*B7*'Covariance'!B7+B7*C7*'Covariance'!C7+B7*D7*'Covariance'!D7+B7*E7*'Covariance'!E7+B7*F7*'Covariance'!F7+B7*G7*'Covariance'!G7+B7*H7*'Covariance'!H7+B7*I7*'Covariance'!I7+C7*B7*'Covariance'!B8+C7*C7*'Covariance'!C8+C7*D7*'Covariance'!D8+C7*E7*'Covariance'!E8+C7*F7*'Covariance'!F8+C7*G7*'Covariance'!G8+C7*H7*'Covariance'!H8+C7*I7*'Covariance'!I8+D7*B7*'Covariance'!B9+D7*C7*'Covariance'!C9+D7*D7*'Covariance'!D9+D7*E7*'Covariance'!E9+D7*F7*'Covariance'!F9+D7*G7*'Covariance'!G9+D7*H7*'Covariance'!H9+D7*I7*'Covariance'!I9+E7*B7*'Covariance'!B10+E7*C7*'Covariance'!C10+E7*D7*'Covariance'!D10+E7*E7*'Covariance'!E10+E7*F7*'Covariance'!F10+E7*G7*'Covariance'!G10+E7*H7*'Covariance'!H10+E7*I7*'Covariance'!I10+F7*B7*'Covariance'!B11+F7*C7*'Covariance'!C11+F7*D7*'Covariance'!D11+F7*E7*'Covariance'!E11+F7*F7*'Covariance'!F11+F7*G7*'Covariance'!G11+F7*H7*'Covariance'!H11+F7*I7*'Covariance'!I11+G7*B7*'Covariance'!B12+G7*C7*'Covariance'!C12+G7*D7*'Covariance'!D12+G7*E7*'Covariance'!E12+G7*F7*'Covariance'!F12+G7*G7*'Covariance'!G12+G7*H7*'Covariance'!H12+G7*I7*'Covariance'!I12+H7*B7*'Covariance'!B13+H7*C7*'Covariance'!C13+H7*D7*'Covariance'!D13+H7*E7*'Covariance'!E13+H7*F7*'Covariance'!F13+H7*G7*'Covariance'!G13+H7*H7*'Covariance'!H13+H7*I7*'Covariance'!I13+I7*B7*'Covariance'!B14+I7*C7*'Covariance'!C14+I7*D7*'Covariance'!D14+I7*E7*'Covariance'!E14+I7*F7*'Covariance'!F14+I7*G7*'Covariance'!G14+I7*H7*'Covariance'!H14+I7*I7*'Covariance'!I14)
Sampled portfolios,L7,=(J7-'Inputs'!$B$11)/K7
Sampled portfolios,J8,=B8*'Asset assumptions'!E7+C8*'Asset assumptions'!E8+D8*'Asset assumptions'!E9+E8*'Asset assumptions'!E10+F8*'Asset assumptions'!E11+G8*'Asset assumptions'!E12+H8*'Asset assumptions'!E13+I8*'Asset assumptions'!E14
Sampled portfolios,K8,=SQRT(B8*B8*'Covariance'!B7+B8*C8*'Covariance'!C7+B8*D8*'Covariance'!D7+B8*E8*'Covariance'!E7+B8*F8*'Covariance'!F7+B8*G8*'Covariance'!G7+B8*H8*'Covariance'!H7+B8*I8*'Covariance'!I7+C8*B8*'Covariance'!B8+C8*C8*'Covariance'!C8+C8*D8*'Covariance'!D8+C8*E8*'Covariance'!E8+C8*F8*'Covariance'!F8+C8*G8*'Covariance'!G8+C8*H8*'Covariance'!H8+C8*I8*'Covariance'!I8+D8*B8*'Covariance'!B9+D8*C8*'Covariance'!C9+D8*D8*'Covariance'!D9+D8*E8*'Covariance'!E9+D8*F8*'Covariance'!F9+D8*G8*'Covariance'!G9+D8*H8*'Covariance'!H9+D8*I8*'Covariance'!I9+E8*B8*'Covariance'!B10+E8*C8*'Covariance'!C10+E8*D8*'Covariance'!D10+E8*E8*'Covariance'!E10+E8*F8*'Covariance'!F10+E8*G8*'Covariance'!G10+E8*H8*'Covariance'!H10+E8*I8*'Covariance'!I10+F8*B8*'Covariance'!B11+F8*C8*'Covariance'!C11+F8*D8*'Covariance'!D11+F8*E8*'Covariance'!E11+F8*F8*'Covariance'!F11+F8*G8*'Covariance'!G11+F8*H8*'Covariance'!H11+F8*I8*'Covariance'!I11+G8*B8*'Covariance'!B12+G8*C8*'Covariance'!C12+G8*D8*'Covariance'!D12+G8*E8*'Covariance'!E12+G8*F8*'Covariance'!F12+G8*G8*'Covariance'!G12+G8*H8*'Covariance'!H12+G8*I8*'Covariance'!I12+H8*B8*'Covariance'!B13+H8*C8*'Covariance'!C13+H8*D8*'Covariance'!D13+H8*E8*'Covariance'!E13+H8*F8*'Covariance'!F13+H8*G8*'Covariance'!G13+H8*H8*'Covariance'!H13+H8*I8*'Covariance'!I13+I8*B8*'Covariance'!B14+I8*C8*'Covariance'!C14+I8*D8*'Covariance'!D14+I8*E8*'Covariance'!E14+I8*F8*'Covariance'!F14+I8*G8*'Covariance'!G14+I8*H8*'Covariance'!H14+I8*I8*'Covariance'!I14)
Sampled portfolios,L8,=(J8-'Inputs'!$B$11)/K8
Sampled portfolios,J9,=B9*'Asset assumptions'!E7+C9*'Asset assumptions'!E8+D9*'Asset assumptions'!E9+E9*'Asset assumptions'!E10+F9*'Asset assumptions'!E11+G9*'Asset assumptions'!E12+H9*'Asset assumptions'!E13+I9*'Asset assumptions'!E14
Sampled portfolios,K9,=SQRT(B9*B9*'Covariance'!B7+B9*C9*'Covariance'!C7+B9*D9*'Covariance'!D7+B9*E9*'Covariance'!E7+B9*F9*'Covariance'!F7+B9*G9*'Covariance'!G7+B9*H9*'Covariance'!H7+B9*I9*'Covariance'!I7+C9*B9*'Covariance'!B8+C9*C9*'Covariance'!C8+C9*D9*'Covariance'!D8+C9*E9*'Covariance'!E8+C9*F9*'Covariance'!F8+C9*G9*'Covariance'!G8+C9*H9*'Covariance'!H8+C9*I9*'Covariance'!I8+D9*B9*'Covariance'!B9+D9*C9*'Covariance'!C9+D9*D9*'Covariance'!D9+D9*E9*'Covariance'!E9+D9*F9*'Covariance'!F9+D9*G9*'Covariance'!G9+D9*H9*'Covariance'!H9+D9*I9*'Covariance'!I9+E9*B9*'Covariance'!B10+E9*C9*'Covariance'!C10+E9*D9*'Covariance'!D10+E9*E9*'Covariance'!E10+E9*F9*'Covariance'!F10+E9*G9*'Covariance'!G10+E9*H9*'Covariance'!H10+E9*I9*'Covariance'!I10+F9*B9*'Covariance'!B11+F9*C9*'Covariance'!C11+F9*D9*'Covariance'!D11+F9*E9*'Covariance'!E11+F9*F9*'Covariance'!F11+F9*G9*'Covariance'!G11+F9*H9*'Covariance'!H11+F9*I9*'Covariance'!I11+G9*B9*'Covariance'!B12+G9*C9*'Covariance'!C12+G9*D9*'Covariance'!D12+G9*E9*'Covariance'!E12+G9*F9*'Covariance'!F12+G9*G9*'Covariance'!G12+G9*H9*'Covariance'!H12+G9*I9*'Covariance'!I12+H9*B9*'Covariance'!B13+H9*C9*'Covariance'!C13+H9*D9*'Covariance'!D13+H9*E9*'Covariance'!E13+H9*F9*'Covariance'!F13+H9*G9*'Covariance'!G13+H9*H9*'Covariance'!H13+H9*I9*'Covariance'!I13+I9*B9*'Covariance'!B14+I9*C9*'Covariance'!C14+I9*D9*'Covariance'!D14+I9*E9*'Covariance'!E14+I9*F9*'Covariance'!F14+I9*G9*'Covariance'!G14+I9*H9*'Covariance'!H14+I9*I9*'Covariance'!I14)
Sampled portfolios,L9,=(J9-'Inputs'!$B$11)/K9
Sampled portfolios,J10,=B10*'Asset assumptions'!E7+C10*'Asset assumptions'!E8+D10*'Asset assumptions'!E9+E10*'Asset assumptions'!E10+F10*'Asset assumptions'!E11+G10*'Asset assumptions'!E12+H10*'Asset assumptions'!E13+I10*'Asset assumptions'!E14
Sampled portfolios,K10,=SQRT(B10*B10*'Covariance'!B7+B10*C10*'Covariance'!C7+B10*D10*'Covariance'!D7+B10*E10*'Covariance'!E7+B10*F10*'Covariance'!F7+B10*G10*'Covariance'!G7+B10*H10*'Covariance'!H7+B10*I10*'Covariance'!I7+C10*B10*'Covariance'!B8+C10*C10*'Covariance'!C8+C10*D10*'Covariance'!D8+C10*E10*'Covariance'!E8+C10*F10*'Covariance'!F8+C10*G10*'Covariance'!G8+C10*H10*'Covariance'!H8+C10*I10*'Covariance'!I8+D10*B10*'Covariance'!B9+D10*C10*'Covariance'!C9+D10*D10*'Covariance'!D9+D10*E10*'Covariance'!E9+D10*F10*'Covariance'!F9+D10*G10*'Covariance'!G9+D10*H10*'Covariance'!H9+D10*I10*'Covariance'!I9+E10*B10*'Covariance'!B10+E10*C10*'Covariance'!C10+E10*D10*'Covariance'!D10+E10*E10*'Covariance'!E10+E10*F10*'Covariance'!F10+E10*G10*'Covariance'!G10+E10*H10*'Covariance'!H10+E10*I10*'Covariance'!I10+F10*B10*'Covariance'!B11+F10*C10*'Covariance'!C11+F10*D10*'Covariance'!D11+F10*E10*'Covariance'!E11+F10*F10*'Covariance'!F11+F10*G10*'Covariance'!G11+F10*H10*'Covariance'!H11+F10*I10*'Covariance'!I11+G10*B10*'Covariance'!B12+G10*C10*'Covariance'!C12+G10*D10*'Covariance'!D12+G10*E10*'Covariance'!E12+G10*F10*'Covariance'!F12+G10*G10*'Covariance'!G12+G10*H10*'Covariance'!H12+G10*I10*'Covariance'!I12+H10*B10*'Covariance'!B13+H10*C10*'Covariance'!C13+H10*D10*'Covariance'!D13+H10*E10*'Covariance'!E13+H10*F10*'Covariance'!F13+H10*G10*'Covariance'!G13+H10*H10*'Covariance'!H13+H10*I10*'Covariance'!I13+I10*B10*'Covariance'!B14+I10*C10*'Covariance'!C14+I10*D10*'Covariance'!D14+I10*E10*'Covariance'!E14+I10*F10*'Covariance'!F14+I10*G10*'Covariance'!G14+I10*H10*'Covariance'!H14+I10*I10*'Covariance'!I14)
Sampled portfolios,L10,=(J10-'Inputs'!$B$11)/K10
Sampled portfolios,J11,=B11*'Asset assumptions'!E7+C11*'Asset assumptions'!E8+D11*'Asset assumptions'!E9+E11*'Asset assumptions'!E10+F11*'Asset assumptions'!E11+G11*'Asset assumptions'!E12+H11*'Asset assumptions'!E13+I11*'Asset assumptions'!E14
Sampled portfolios,K11,=SQRT(B11*B11*'Covariance'!B7+B11*C11*'Covariance'!C7+B11*D11*'Covariance'!D7+B11*E11*'Covariance'!E7+B11*F11*'Covariance'!F7+B11*G11*'Covariance'!G7+B11*H11*'Covariance'!H7+B11*I11*'Covariance'!I7+C11*B11*'Covariance'!B8+C11*C11*'Covariance'!C8+C11*D11*'Covariance'!D8+C11*E11*'Covariance'!E8+C11*F11*'Covariance'!F8+C11*G11*'Covariance'!G8+C11*H11*'Covariance'!H8+C11*I11*'Covariance'!I8+D11*B11*'Covariance'!B9+D11*C11*'Covariance'!C9+D11*D11*'Covariance'!D9+D11*E11*'Covariance'!E9+D11*F11*'Covariance'!F9+D11*G11*'Covariance'!G9+D11*H11*'Covariance'!H9+D11*I11*'Covariance'!I9+E11*B11*'Covariance'!B10+E11*C11*'Covariance'!C10+E11*D11*'Covariance'!D10+E11*E11*'Covariance'!E10+E11*F11*'Covariance'!F10+E11*G11*'Covariance'!G10+E11*H11*'Covariance'!H10+E11*I11*'Covariance'!I10+F11*B11*'Covariance'!B11+F11*C11*'Covariance'!C11+F11*D11*'Covariance'!D11+F11*E11*'Covariance'!E11+F11*F11*'Covariance'!F11+F11*G11*'Covariance'!G11+F11*H11*'Covariance'!H11+F11*I11*'Covariance'!I11+G11*B11*'Covariance'!B12+G11*C11*'Covariance'!C12+G11*D11*'Covariance'!D12+G11*E11*'Covariance'!E12+G11*F11*'Covariance'!F12+G11*G11*'Covariance'!G12+G11*H11*'Covariance'!H12+G11*I11*'Covariance'!I12+H11*B11*'Covariance'!B13+H11*C11*'Covariance'!C13+H11*D11*'Covariance'!D13+H11*E11*'Covariance'!E13+H11*F11*'Covariance'!F13+H11*G11*'Covariance'!G13+H11*H11*'Covariance'!H13+H11*I11*'Covariance'!I13+I11*B11*'Covariance'!B14+I11*C11*'Covariance'!C14+I11*D11*'Covariance'!D14+I11*E11*'Covariance'!E14+I11*F11*'Covariance'!F14+I11*G11*'Covariance'!G14+I11*H11*'Covariance'!H14+I11*I11*'Covariance'!I14)
Sampled portfolios,L11,=(J11-'Inputs'!$B$11)/K11
Sampled portfolios,J12,=B12*'Asset assumptions'!E7+C12*'Asset assumptions'!E8+D12*'Asset assumptions'!E9+E12*'Asset assumptions'!E10+F12*'Asset assumptions'!E11+G12*'Asset assumptions'!E12+H12*'Asset assumptions'!E13+I12*'Asset assumptions'!E14
Sampled portfolios,K12,=SQRT(B12*B12*'Covariance'!B7+B12*C12*'Covariance'!C7+B12*D12*'Covariance'!D7+B12*E12*'Covariance'!E7+B12*F12*'Covariance'!F7+B12*G12*'Covariance'!G7+B12*H12*'Covariance'!H7+B12*I12*'Covariance'!I7+C12*B12*'Covariance'!B8+C12*C12*'Covariance'!C8+C12*D12*'Covariance'!D8+C12*E12*'Covariance'!E8+C12*F12*'Covariance'!F8+C12*G12*'Covariance'!G8+C12*H12*'Covariance'!H8+C12*I12*'Covariance'!I8+D12*B12*'Covariance'!B9+D12*C12*'Covariance'!C9+D12*D12*'Covariance'!D9+D12*E12*'Covariance'!E9+D12*F12*'Covariance'!F9+D12*G12*'Covariance'!G9+D12*H12*'Covariance'!H9+D12*I12*'Covariance'!I9+E12*B12*'Covariance'!B10+E12*C12*'Covariance'!C10+E12*D12*'Covariance'!D10+E12*E12*'Covariance'!E10+E12*F12*'Covariance'!F10+E12*G12*'Covariance'!G10+E12*H12*'Covariance'!H10+E12*I12*'Covariance'!I10+F12*B12*'Covariance'!B11+F12*C12*'Covariance'!C11+F12*D12*'Covariance'!D11+F12*E12*'Covariance'!E11+F12*F12*'Covariance'!F11+F12*G12*'Covariance'!G11+F12*H12*'Covariance'!H11+F12*I12*'Covariance'!I11+G12*B12*'Covariance'!B12+G12*C12*'Covariance'!C12+G12*D12*'Covariance'!D12+G12*E12*'Covariance'!E12+G12*F12*'Covariance'!F12+G12*G12*'Covariance'!G12+G12*H12*'Covariance'!H12+G12*I12*'Covariance'!I12+H12*B12*'Covariance'!B13+H12*C12*'Covariance'!C13+H12*D12*'Covariance'!D13+H12*E12*'Covariance'!E13+H12*F12*'Covariance'!F13+H12*G12*'Covariance'!G13+H12*H12*'Covariance'!H13+H12*I12*'Covariance'!I13+I12*B12*'Covariance'!B14+I12*C12*'Covariance'!C14+I12*D12*'Covariance'!D14+I12*E12*'Covariance'!E14+I12*F12*'Covariance'!F14+I12*G12*'Covariance'!G14+I12*H12*'Covariance'!H14+I12*I12*'Covariance'!I14)
Sampled portfolios,L12,=(J12-'Inputs'!$B$11)/K12
Sampled portfolios,J13,=B13*'Asset assumptions'!E7+C13*'Asset assumptions'!E8+D13*'Asset assumptions'!E9+E13*'Asset assumptions'!E10+F13*'Asset assumptions'!E11+G13*'Asset assumptions'!E12+H13*'Asset assumptions'!E13+I13*'Asset assumptions'!E14
Sampled portfolios,K13,=SQRT(B13*B13*'Covariance'!B7+B13*C13*'Covariance'!C7+B13*D13*'Covariance'!D7+B13*E13*'Covariance'!E7+B13*F13*'Covariance'!F7+B13*G13*'Covariance'!G7+B13*H13*'Covariance'!H7+B13*I13*'Covariance'!I7+C13*B13*'Covariance'!B8+C13*C13*'Covariance'!C8+C13*D13*'Covariance'!D8+C13*E13*'Covariance'!E8+C13*F13*'Covariance'!F8+C13*G13*'Covariance'!G8+C13*H13*'Covariance'!H8+C13*I13*'Covariance'!I8+D13*B13*'Covariance'!B9+D13*C13*'Covariance'!C9+D13*D13*'Covariance'!D9+D13*E13*'Covariance'!E9+D13*F13*'Covariance'!F9+D13*G13*'Covariance'!G9+D13*H13*'Covariance'!H9+D13*I13*'Covariance'!I9+E13*B13*'Covariance'!B10+E13*C13*'Covariance'!C10+E13*D13*'Covariance'!D10+E13*E13*'Covariance'!E10+E13*F13*'Covariance'!F10+E13*G13*'Covariance'!G10+E13*H13*'Covariance'!H10+E13*I13*'Covariance'!I10+F13*B13*'Covariance'!B11+F13*C13*'Covariance'!C11+F13*D13*'Covariance'!D11+F13*E13*'Covariance'!E11+F13*F13*'Covariance'!F11+F13*G13*'Covariance'!G11+F13*H13*'Covariance'!H11+F13*I13*'Covariance'!I11+G13*B13*'Covariance'!B12+G13*C13*'Covariance'!C12+G13*D13*'Covariance'!D12+G13*E13*'Covariance'!E12+G13*F13*'Covariance'!F12+G13*G13*'Covariance'!G12+G13*H13*'Covariance'!H12+G13*I13*'Covariance'!I12+H13*B13*'Covariance'!B13+H13*C13*'Covariance'!C13+H13*D13*'Covariance'!D13+H13*E13*'Covariance'!E13+H13*F13*'Covariance'!F13+H13*G13*'Covariance'!G13+H13*H13*'Covariance'!H13+H13*I13*'Covariance'!I13+I13*B13*'Covariance'!B14+I13*C13*'Covariance'!C14+I13*D13*'Covariance'!D14+I13*E13*'Covariance'!E14+I13*F13*'Covariance'!F14+I13*G13*'Covariance'!G14+I13*H13*'Covariance'!H14+I13*I13*'Covariance'!I14)
Sampled portfolios,L13,=(J13-'Inputs'!$B$11)/K13
Sampled portfolios,J14,=B14*'Asset assumptions'!E7+C14*'Asset assumptions'!E8+D14*'Asset assumptions'!E9+E14*'Asset assumptions'!E10+F14*'Asset assumptions'!E11+G14*'Asset assumptions'!E12+H14*'Asset assumptions'!E13+I14*'Asset assumptions'!E14
Sampled portfolios,K14,=SQRT(B14*B14*'Covariance'!B7+B14*C14*'Covariance'!C7+B14*D14*'Covariance'!D7+B14*E14*'Covariance'!E7+B14*F14*'Covariance'!F7+B14*G14*'Covariance'!G7+B14*H14*'Covariance'!H7+B14*I14*'Covariance'!I7+C14*B14*'Covariance'!B8+C14*C14*'Covariance'!C8+C14*D14*'Covariance'!D8+C14*E14*'Covariance'!E8+C14*F14*'Covariance'!F8+C14*G14*'Covariance'!G8+C14*H14*'Covariance'!H8+C14*I14*'Covariance'!I8+D14*B14*'Covariance'!B9+D14*C14*'Covariance'!C9+D14*D14*'Covariance'!D9+D14*E14*'Covariance'!E9+D14*F14*'Covariance'!F9+D14*G14*'Covariance'!G9+D14*H14*'Covariance'!H9+D14*I14*'Covariance'!I9+E14*B14*'Covariance'!B10+E14*C14*'Covariance'!C10+E14*D14*'Covariance'!D10+E14*E14*'Covariance'!E10+E14*F14*'Covariance'!F10+E14*G14*'Covariance'!G10+E14*H14*'Covariance'!H10+E14*I14*'Covariance'!I10+F14*B14*'Covariance'!B11+F14*C14*'Covariance'!C11+F14*D14*'Covariance'!D11+F14*E14*'Covariance'!E11+F14*F14*'Covariance'!F11+F14*G14*'Covariance'!G11+F14*H14*'Covariance'!H11+F14*I14*'Covariance'!I11+G14*B14*'Covariance'!B12+G14*C14*'Covariance'!C12+G14*D14*'Covariance'!D12+G14*E14*'Covariance'!E12+G14*F14*'Covariance'!F12+G14*G14*'Covariance'!G12+G14*H14*'Covariance'!H12+G14*I14*'Covariance'!I12+H14*B14*'Covariance'!B13+H14*C14*'Covariance'!C13+H14*D14*'Covariance'!D13+H14*E14*'Covariance'!E13+H14*F14*'Covariance'!F13+H14*G14*'Covariance'!G13+H14*H14*'Covariance'!H13+H14*I14*'Covariance'!I13+I14*B14*'Covariance'!B14+I14*C14*'Covariance'!C14+I14*D14*'Covariance'!D14+I14*E14*'Covariance'!E14+I14*F14*'Covariance'!F14+I14*G14*'Covariance'!G14+I14*H14*'Covariance'!H14+I14*I14*'Covariance'!I14)
Sampled portfolios,L14,=(J14-'Inputs'!$B$11)/K14
Sampled portfolios,J15,=B15*'Asset assumptions'!E7+C15*'Asset assumptions'!E8+D15*'Asset assumptions'!E9+E15*'Asset assumptions'!E10+F15*'Asset assumptions'!E11+G15*'Asset assumptions'!E12+H15*'Asset assumptions'!E13+I15*'Asset assumptions'!E14
Sampled portfolios,K15,=SQRT(B15*B15*'Covariance'!B7+B15*C15*'Covariance'!C7+B15*D15*'Covariance'!D7+B15*E15*'Covariance'!E7+B15*F15*'Covariance'!F7+B15*G15*'Covariance'!G7+B15*H15*'Covariance'!H7+B15*I15*'Covariance'!I7+C15*B15*'Covariance'!B8+C15*C15*'Covariance'!C8+C15*D15*'Covariance'!D8+C15*E15*'Covariance'!E8+C15*F15*'Covariance'!F8+C15*G15*'Covariance'!G8+C15*H15*'Covariance'!H8+C15*I15*'Covariance'!I8+D15*B15*'Covariance'!B9+D15*C15*'Covariance'!C9+D15*D15*'Covariance'!D9+D15*E15*'Covariance'!E9+D15*F15*'Covariance'!F9+D15*G15*'Covariance'!G9+D15*H15*'Covariance'!H9+D15*I15*'Covariance'!I9+E15*B15*'Covariance'!B10+E15*C15*'Covariance'!C10+E15*D15*'Covariance'!D10+E15*E15*'Covariance'!E10+E15*F15*'Covariance'!F10+E15*G15*'Covariance'!G10+E15*H15*'Covariance'!H10+E15*I15*'Covariance'!I10+F15*B15*'Covariance'!B11+F15*C15*'Covariance'!C11+F15*D15*'Covariance'!D11+F15*E15*'Covariance'!E11+F15*F15*'Covariance'!F11+F15*G15*'Covariance'!G11+F15*H15*'Covariance'!H11+F15*I15*'Covariance'!I11+G15*B15*'Covariance'!B12+G15*C15*'Covariance'!C12+G15*D15*'Covariance'!D12+G15*E15*'Covariance'!E12+G15*F15*'Covariance'!F12+G15*G15*'Covariance'!G12+G15*H15*'Covariance'!H12+G15*I15*'Covariance'!I12+H15*B15*'Covariance'!B13+H15*C15*'Covariance'!C13+H15*D15*'Covariance'!D13+H15*E15*'Covariance'!E13+H15*F15*'Covariance'!F13+H15*G15*'Covariance'!G13+H15*H15*'Covariance'!H13+H15*I15*'Covariance'!I13+I15*B15*'Covariance'!B14+I15*C15*'Covariance'!C14+I15*D15*'Covariance'!D14+I15*E15*'Covariance'!E14+I15*F15*'Covariance'!F14+I15*G15*'Covariance'!G14+I15*H15*'Covariance'!H14+I15*I15*'Covariance'!I14)
Sampled portfolios,L15,=(J15-'Inputs'!$B$11)/K15
Sampled portfolios,J16,=B16*'Asset assumptions'!E7+C16*'Asset assumptions'!E8+D16*'Asset assumptions'!E9+E16*'Asset assumptions'!E10+F16*'Asset assumptions'!E11+G16*'Asset assumptions'!E12+H16*'Asset assumptions'!E13+I16*'Asset assumptions'!E14
Sampled portfolios,K16,=SQRT(B16*B16*'Covariance'!B7+B16*C16*'Covariance'!C7+B16*D16*'Covariance'!D7+B16*E16*'Covariance'!E7+B16*F16*'Covariance'!F7+B16*G16*'Covariance'!G7+B16*H16*'Covariance'!H7+B16*I16*'Covariance'!I7+C16*B16*'Covariance'!B8+C16*C16*'Covariance'!C8+C16*D16*'Covariance'!D8+C16*E16*'Covariance'!E8+C16*F16*'Covariance'!F8+C16*G16*'Covariance'!G8+C16*H16*'Covariance'!H8+C16*I16*'Covariance'!I8+D16*B16*'Covariance'!B9+D16*C16*'Covariance'!C9+D16*D16*'Covariance'!D9+D16*E16*'Covariance'!E9+D16*F16*'Covariance'!F9+D16*G16*'Covariance'!G9+D16*H16*'Covariance'!H9+D16*I16*'Covariance'!I9+E16*B16*'Covariance'!B10+E16*C16*'Covariance'!C10+E16*D16*'Covariance'!D10+E16*E16*'Covariance'!E10+E16*F16*'Covariance'!F10+E16*G16*'Covariance'!G10+E16*H16*'Covariance'!H10+E16*I16*'Covariance'!I10+F16*B16*'Covariance'!B11+F16*C16*'Covariance'!C11+F16*D16*'Covariance'!D11+F16*E16*'Covariance'!E11+F16*F16*'Covariance'!F11+F16*G16*'Covariance'!G11+F16*H16*'Covariance'!H11+F16*I16*'Covariance'!I11+G16*B16*'Covariance'!B12+G16*C16*'Covariance'!C12+G16*D16*'Covariance'!D12+G16*E16*'Covariance'!E12+G16*F16*'Covariance'!F12+G16*G16*'Covariance'!G12+G16*H16*'Covariance'!H12+G16*I16*'Covariance'!I12+H16*B16*'Covariance'!B13+H16*C16*'Covariance'!C13+H16*D16*'Covariance'!D13+H16*E16*'Covariance'!E13+H16*F16*'Covariance'!F13+H16*G16*'Covariance'!G13+H16*H16*'Covariance'!H13+H16*I16*'Covariance'!I13+I16*B16*'Covariance'!B14+I16*C16*'Covariance'!C14+I16*D16*'Covariance'!D14+I16*E16*'Covariance'!E14+I16*F16*'Covariance'!F14+I16*G16*'Covariance'!G14+I16*H16*'Covariance'!H14+I16*I16*'Covariance'!I14)
Sampled portfolios,L16,=(J16-'Inputs'!$B$11)/K16
Sampled portfolios,J17,=B17*'Asset assumptions'!E7+C17*'Asset assumptions'!E8+D17*'Asset assumptions'!E9+E17*'Asset assumptions'!E10+F17*'Asset assumptions'!E11+G17*'Asset assumptions'!E12+H17*'Asset assumptions'!E13+I17*'Asset assumptions'!E14
Sampled portfolios,K17,=SQRT(B17*B17*'Covariance'!B7+B17*C17*'Covariance'!C7+B17*D17*'Covariance'!D7+B17*E17*'Covariance'!E7+B17*F17*'Covariance'!F7+B17*G17*'Covariance'!G7+B17*H17*'Covariance'!H7+B17*I17*'Covariance'!I7+C17*B17*'Covariance'!B8+C17*C17*'Covariance'!C8+C17*D17*'Covariance'!D8+C17*E17*'Covariance'!E8+C17*F17*'Covariance'!F8+C17*G17*'Covariance'!G8+C17*H17*'Covariance'!H8+C17*I17*'Covariance'!I8+D17*B17*'Covariance'!B9+D17*C17*'Covariance'!C9+D17*D17*'Covariance'!D9+D17*E17*'Covariance'!E9+D17*F17*'Covariance'!F9+D17*G17*'Covariance'!G9+D17*H17*'Covariance'!H9+D17*I17*'Covariance'!I9+E17*B17*'Covariance'!B10+E17*C17*'Covariance'!C10+E17*D17*'Covariance'!D10+E17*E17*'Covariance'!E10+E17*F17*'Covariance'!F10+E17*G17*'Covariance'!G10+E17*H17*'Covariance'!H10+E17*I17*'Covariance'!I10+F17*B17*'Covariance'!B11+F17*C17*'Covariance'!C11+F17*D17*'Covariance'!D11+F17*E17*'Covariance'!E11+F17*F17*'Covariance'!F11+F17*G17*'Covariance'!G11+F17*H17*'Covariance'!H11+F17*I17*'Covariance'!I11+G17*B17*'Covariance'!B12+G17*C17*'Covariance'!C12+G17*D17*'Covariance'!D12+G17*E17*'Covariance'!E12+G17*F17*'Covariance'!F12+G17*G17*'Covariance'!G12+G17*H17*'Covariance'!H12+G17*I17*'Covariance'!I12+H17*B17*'Covariance'!B13+H17*C17*'Covariance'!C13+H17*D17*'Covariance'!D13+H17*E17*'Covariance'!E13+H17*F17*'Covariance'!F13+H17*G17*'Covariance'!G13+H17*H17*'Covariance'!H13+H17*I17*'Covariance'!I13+I17*B17*'Covariance'!B14+I17*C17*'Covariance'!C14+I17*D17*'Covariance'!D14+I17*E17*'Covariance'!E14+I17*F17*'Covariance'!F14+I17*G17*'Covariance'!G14+I17*H17*'Covariance'!H14+I17*I17*'Covariance'!I14)
Sampled portfolios,L17,=(J17-'Inputs'!$B$11)/K17
Sampled portfolios,J18,=B18*'Asset assumptions'!E7+C18*'Asset assumptions'!E8+D18*'Asset assumptions'!E9+E18*'Asset assumptions'!E10+F18*'Asset assumptions'!E11+G18*'Asset assumptions'!E12+H18*'Asset assumptions'!E13+I18*'Asset assumptions'!E14
Sampled portfolios,K18,=SQRT(B18*B18*'Covariance'!B7+B18*C18*'Covariance'!C7+B18*D18*'Covariance'!D7+B18*E18*'Covariance'!E7+B18*F18*'Covariance'!F7+B18*G18*'Covariance'!G7+B18*H18*'Covariance'!H7+B18*I18*'Covariance'!I7+C18*B18*'Covariance'!B8+C18*C18*'Covariance'!C8+C18*D18*'Covariance'!D8+C18*E18*'Covariance'!E8+C18*F18*'Covariance'!F8+C18*G18*'Covariance'!G8+C18*H18*'Covariance'!H8+C18*I18*'Covariance'!I8+D18*B18*'Covariance'!B9+D18*C18*'Covariance'!C9+D18*D18*'Covariance'!D9+D18*E18*'Covariance'!E9+D18*F18*'Covariance'!F9+D18*G18*'Covariance'!G9+D18*H18*'Covariance'!H9+D18*I18*'Covariance'!I9+E18*B18*'Covariance'!B10+E18*C18*'Covariance'!C10+E18*D18*'Covariance'!D10+E18*E18*'Covariance'!E10+E18*F18*'Covariance'!F10+E18*G18*'Covariance'!G10+E18*H18*'Covariance'!H10+E18*I18*'Covariance'!I10+F18*B18*'Covariance'!B11+F18*C18*'Covariance'!C11+F18*D18*'Covariance'!D11+F18*E18*'Covariance'!E11+F18*F18*'Covariance'!F11+F18*G18*'Covariance'!G11+F18*H18*'Covariance'!H11+F18*I18*'Covariance'!I11+G18*B18*'Covariance'!B12+G18*C18*'Covariance'!C12+G18*D18*'Covariance'!D12+G18*E18*'Covariance'!E12+G18*F18*'Covariance'!F12+G18*G18*'Covariance'!G12+G18*H18*'Covariance'!H12+G18*I18*'Covariance'!I12+H18*B18*'Covariance'!B13+H18*C18*'Covariance'!C13+H18*D18*'Covariance'!D13+H18*E18*'Covariance'!E13+H18*F18*'Covariance'!F13+H18*G18*'Covariance'!G13+H18*H18*'Covariance'!H13+H18*I18*'Covariance'!I13+I18*B18*'Covariance'!B14+I18*C18*'Covariance'!C14+I18*D18*'Covariance'!D14+I18*E18*'Covariance'!E14+I18*F18*'Covariance'!F14+I18*G18*'Covariance'!G14+I18*H18*'Covariance'!H14+I18*I18*'Covariance'!I14)
Sampled portfolios,L18,=(J18-'Inputs'!$B$11)/K18
Sampled portfolios,J19,=B19*'Asset assumptions'!E7+C19*'Asset assumptions'!E8+D19*'Asset assumptions'!E9+E19*'Asset assumptions'!E10+F19*'Asset assumptions'!E11+G19*'Asset assumptions'!E12+H19*'Asset assumptions'!E13+I19*'Asset assumptions'!E14
Sampled portfolios,K19,=SQRT(B19*B19*'Covariance'!B7+B19*C19*'Covariance'!C7+B19*D19*'Covariance'!D7+B19*E19*'Covariance'!E7+B19*F19*'Covariance'!F7+B19*G19*'Covariance'!G7+B19*H19*'Covariance'!H7+B19*I19*'Covariance'!I7+C19*B19*'Covariance'!B8+C19*C19*'Covariance'!C8+C19*D19*'Covariance'!D8+C19*E19*'Covariance'!E8+C19*F19*'Covariance'!F8+C19*G19*'Covariance'!G8+C19*H19*'Covariance'!H8+C19*I19*'Covariance'!I8+D19*B19*'Covariance'!B9+D19*C19*'Covariance'!C9+D19*D19*'Covariance'!D9+D19*E19*'Covariance'!E9+D19*F19*'Covariance'!F9+D19*G19*'Covariance'!G9+D19*H19*'Covariance'!H9+D19*I19*'Covariance'!I9+E19*B19*'Covariance'!B10+E19*C19*'Covariance'!C10+E19*D19*'Covariance'!D10+E19*E19*'Covariance'!E10+E19*F19*'Covariance'!F10+E19*G19*'Covariance'!G10+E19*H19*'Covariance'!H10+E19*I19*'Covariance'!I10+F19*B19*'Covariance'!B11+F19*C19*'Covariance'!C11+F19*D19*'Covariance'!D11+F19*E19*'Covariance'!E11+F19*F19*'Covariance'!F11+F19*G19*'Covariance'!G11+F19*H19*'Covariance'!H11+F19*I19*'Covariance'!I11+G19*B19*'Covariance'!B12+G19*C19*'Covariance'!C12+G19*D19*'Covariance'!D12+G19*E19*'Covariance'!E12+G19*F19*'Covariance'!F12+G19*G19*'Covariance'!G12+G19*H19*'Covariance'!H12+G19*I19*'Covariance'!I12+H19*B19*'Covariance'!B13+H19*C19*'Covariance'!C13+H19*D19*'Covariance'!D13+H19*E19*'Covariance'!E13+H19*F19*'Covariance'!F13+H19*G19*'Covariance'!G13+H19*H19*'Covariance'!H13+H19*I19*'Covariance'!I13+I19*B19*'Covariance'!B14+I19*C19*'Covariance'!C14+I19*D19*'Covariance'!D14+I19*E19*'Covariance'!E14+I19*F19*'Covariance'!F14+I19*G19*'Covariance'!G14+I19*H19*'Covariance'!H14+I19*I19*'Covariance'!I14)
Sampled portfolios,L19,=(J19-'Inputs'!$B$11)/K19
Sampled portfolios,J20,=B20*'Asset assumptions'!E7+C20*'Asset assumptions'!E8+D20*'Asset assumptions'!E9+E20*'Asset assumptions'!E10+F20*'Asset assumptions'!E11+G20*'Asset assumptions'!E12+H20*'Asset assumptions'!E13+I20*'Asset assumptions'!E14
Sampled portfolios,K20,=SQRT(B20*B20*'Covariance'!B7+B20*C20*'Covariance'!C7+B20*D20*'Covariance'!D7+B20*E20*'Covariance'!E7+B20*F20*'Covariance'!F7+B20*G20*'Covariance'!G7+B20*H20*'Covariance'!H7+B20*I20*'Covariance'!I7+C20*B20*'Covariance'!B8+C20*C20*'Covariance'!C8+C20*D20*'Covariance'!D8+C20*E20*'Covariance'!E8+C20*F20*'Covariance'!F8+C20*G20*'Covariance'!G8+C20*H20*'Covariance'!H8+C20*I20*'Covariance'!I8+D20*B20*'Covariance'!B9+D20*C20*'Covariance'!C9+D20*D20*'Covariance'!D9+D20*E20*'Covariance'!E9+D20*F20*'Covariance'!F9+D20*G20*'Covariance'!G9+D20*H20*'Covariance'!H9+D20*I20*'Covariance'!I9+E20*B20*'Covariance'!B10+E20*C20*'Covariance'!C10+E20*D20*'Covariance'!D10+E20*E20*'Covariance'!E10+E20*F20*'Covariance'!F10+E20*G20*'Covariance'!G10+E20*H20*'Covariance'!H10+E20*I20*'Covariance'!I10+F20*B20*'Covariance'!B11+F20*C20*'Covariance'!C11+F20*D20*'Covariance'!D11+F20*E20*'Covariance'!E11+F20*F20*'Covariance'!F11+F20*G20*'Covariance'!G11+F20*H20*'Covariance'!H11+F20*I20*'Covariance'!I11+G20*B20*'Covariance'!B12+G20*C20*'Covariance'!C12+G20*D20*'Covariance'!D12+G20*E20*'Covariance'!E12+G20*F20*'Covariance'!F12+G20*G20*'Covariance'!G12+G20*H20*'Covariance'!H12+G20*I20*'Covariance'!I12+H20*B20*'Covariance'!B13+H20*C20*'Covariance'!C13+H20*D20*'Covariance'!D13+H20*E20*'Covariance'!E13+H20*F20*'Covariance'!F13+H20*G20*'Covariance'!G13+H20*H20*'Covariance'!H13+H20*I20*'Covariance'!I13+I20*B20*'Covariance'!B14+I20*C20*'Covariance'!C14+I20*D20*'Covariance'!D14+I20*E20*'Covariance'!E14+I20*F20*'Covariance'!F14+I20*G20*'Covariance'!G14+I20*H20*'Covariance'!H14+I20*I20*'Covariance'!I14)
Sampled portfolios,L20,=(J20-'Inputs'!$B$11)/K20
Sampled portfolios,J21,=B21*'Asset assumptions'!E7+C21*'Asset assumptions'!E8+D21*'Asset assumptions'!E9+E21*'Asset assumptions'!E10+F21*'Asset assumptions'!E11+G21*'Asset assumptions'!E12+H21*'Asset assumptions'!E13+I21*'Asset assumptions'!E14
Sampled portfolios,K21,=SQRT(B21*B21*'Covariance'!B7+B21*C21*'Covariance'!C7+B21*D21*'Covariance'!D7+B21*E21*'Covariance'!E7+B21*F21*'Covariance'!F7+B21*G21*'Covariance'!G7+B21*H21*'Covariance'!H7+B21*I21*'Covariance'!I7+C21*B21*'Covariance'!B8+C21*C21*'Covariance'!C8+C21*D21*'Covariance'!D8+C21*E21*'Covariance'!E8+C21*F21*'Covariance'!F8+C21*G21*'Covariance'!G8+C21*H21*'Covariance'!H8+C21*I21*'Covariance'!I8+D21*B21*'Covariance'!B9+D21*C21*'Covariance'!C9+D21*D21*'Covariance'!D9+D21*E21*'Covariance'!E9+D21*F21*'Covariance'!F9+D21*G21*'Covariance'!G9+D21*H21*'Covariance'!H9+D21*I21*'Covariance'!I9+E21*B21*'Covariance'!B10+E21*C21*'Covariance'!C10+E21*D21*'Covariance'!D10+E21*E21*'Covariance'!E10+E21*F21*'Covariance'!F10+E21*G21*'Covariance'!G10+E21*H21*'Covariance'!H10+E21*I21*'Covariance'!I10+F21*B21*'Covariance'!B11+F21*C21*'Covariance'!C11+F21*D21*'Covariance'!D11+F21*E21*'Covariance'!E11+F21*F21*'Covariance'!F11+F21*G21*'Covariance'!G11+F21*H21*'Covariance'!H11+F21*I21*'Covariance'!I11+G21*B21*'Covariance'!B12+G21*C21*'Covariance'!C12+G21*D21*'Covariance'!D12+G21*E21*'Covariance'!E12+G21*F21*'Covariance'!F12+G21*G21*'Covariance'!G12+G21*H21*'Covariance'!H12+G21*I21*'Covariance'!I12+H21*B21*'Covariance'!B13+H21*C21*'Covariance'!C13+H21*D21*'Covariance'!D13+H21*E21*'Covariance'!E13+H21*F21*'Covariance'!F13+H21*G21*'Covariance'!G13+H21*H21*'Covariance'!H13+H21*I21*'Covariance'!I13+I21*B21*'Covariance'!B14+I21*C21*'Covariance'!C14+I21*D21*'Covariance'!D14+I21*E21*'Covariance'!E14+I21*F21*'Covariance'!F14+I21*G21*'Covariance'!G14+I21*H21*'Covariance'!H14+I21*I21*'Covariance'!I14)
Sampled portfolios,L21,=(J21-'Inputs'!$B$11)/K21
Sampled portfolios,J22,=B22*'Asset assumptions'!E7+C22*'Asset assumptions'!E8+D22*'Asset assumptions'!E9+E22*'Asset assumptions'!E10+F22*'Asset assumptions'!E11+G22*'Asset assumptions'!E12+H22*'Asset assumptions'!E13+I22*'Asset assumptions'!E14
Sampled portfolios,K22,=SQRT(B22*B22*'Covariance'!B7+B22*C22*'Covariance'!C7+B22*D22*'Covariance'!D7+B22*E22*'Covariance'!E7+B22*F22*'Covariance'!F7+B22*G22*'Covariance'!G7+B22*H22*'Covariance'!H7+B22*I22*'Covariance'!I7+C22*B22*'Covariance'!B8+C22*C22*'Covariance'!C8+C22*D22*'Covariance'!D8+C22*E22*'Covariance'!E8+C22*F22*'Covariance'!F8+C22*G22*'Covariance'!G8+C22*H22*'Covariance'!H8+C22*I22*'Covariance'!I8+D22*B22*'Covariance'!B9+D22*C22*'Covariance'!C9+D22*D22*'Covariance'!D9+D22*E22*'Covariance'!E9+D22*F22*'Covariance'!F9+D22*G22*'Covariance'!G9+D22*H22*'Covariance'!H9+D22*I22*'Covariance'!I9+E22*B22*'Covariance'!B10+E22*C22*'Covariance'!C10+E22*D22*'Covariance'!D10+E22*E22*'Covariance'!E10+E22*F22*'Covariance'!F10+E22*G22*'Covariance'!G10+E22*H22*'Covariance'!H10+E22*I22*'Covariance'!I10+F22*B22*'Covariance'!B11+F22*C22*'Covariance'!C11+F22*D22*'Covariance'!D11+F22*E22*'Covariance'!E11+F22*F22*'Covariance'!F11+F22*G22*'Covariance'!G11+F22*H22*'Covariance'!H11+F22*I22*'Covariance'!I11+G22*B22*'Covariance'!B12+G22*C22*'Covariance'!C12+G22*D22*'Covariance'!D12+G22*E22*'Covariance'!E12+G22*F22*'Covariance'!F12+G22*G22*'Covariance'!G12+G22*H22*'Covariance'!H12+G22*I22*'Covariance'!I12+H22*B22*'Covariance'!B13+H22*C22*'Covariance'!C13+H22*D22*'Covariance'!D13+H22*E22*'Covariance'!E13+H22*F22*'Covariance'!F13+H22*G22*'Covariance'!G13+H22*H22*'Covariance'!H13+H22*I22*'Covariance'!I13+I22*B22*'Covariance'!B14+I22*C22*'Covariance'!C14+I22*D22*'Covariance'!D14+I22*E22*'Covariance'!E14+I22*F22*'Covariance'!F14+I22*G22*'Covariance'!G14+I22*H22*'Covariance'!H14+I22*I22*'Covariance'!I14)
Sampled portfolios,L22,=(J22-'Inputs'!$B$11)/K22
Sampled portfolios,J23,=B23*'Asset assumptions'!E7+C23*'Asset assumptions'!E8+D23*'Asset assumptions'!E9+E23*'Asset assumptions'!E10+F23*'Asset assumptions'!E11+G23*'Asset assumptions'!E12+H23*'Asset assumptions'!E13+I23*'Asset assumptions'!E14
Sampled portfolios,K23,=SQRT(B23*B23*'Covariance'!B7+B23*C23*'Covariance'!C7+B23*D23*'Covariance'!D7+B23*E23*'Covariance'!E7+B23*F23*'Covariance'!F7+B23*G23*'Covariance'!G7+B23*H23*'Covariance'!H7+B23*I23*'Covariance'!I7+C23*B23*'Covariance'!B8+C23*C23*'Covariance'!C8+C23*D23*'Covariance'!D8+C23*E23*'Covariance'!E8+C23*F23*'Covariance'!F8+C23*G23*'Covariance'!G8+C23*H23*'Covariance'!H8+C23*I23*'Covariance'!I8+D23*B23*'Covariance'!B9+D23*C23*'Covariance'!C9+D23*D23*'Covariance'!D9+D23*E23*'Covariance'!E9+D23*F23*'Covariance'!F9+D23*G23*'Covariance'!G9+D23*H23*'Covariance'!H9+D23*I23*'Covariance'!I9+E23*B23*'Covariance'!B10+E23*C23*'Covariance'!C10+E23*D23*'Covariance'!D10+E23*E23*'Covariance'!E10+E23*F23*'Covariance'!F10+E23*G23*'Covariance'!G10+E23*H23*'Covariance'!H10+E23*I23*'Covariance'!I10+F23*B23*'Covariance'!B11+F23*C23*'Covariance'!C11+F23*D23*'Covariance'!D11+F23*E23*'Covariance'!E11+F23*F23*'Covariance'!F11+F23*G23*'Covariance'!G11+F23*H23*'Covariance'!H11+F23*I23*'Covariance'!I11+G23*B23*'Covariance'!B12+G23*C23*'Covariance'!C12+G23*D23*'Covariance'!D12+G23*E23*'Covariance'!E12+G23*F23*'Covariance'!F12+G23*G23*'Covariance'!G12+G23*H23*'Covariance'!H12+G23*I23*'Covariance'!I12+H23*B23*'Covariance'!B13+H23*C23*'Covariance'!C13+H23*D23*'Covariance'!D13+H23*E23*'Covariance'!E13+H23*F23*'Covariance'!F13+H23*G23*'Covariance'!G13+H23*H23*'Covariance'!H13+H23*I23*'Covariance'!I13+I23*B23*'Covariance'!B14+I23*C23*'Covariance'!C14+I23*D23*'Covariance'!D14+I23*E23*'Covariance'!E14+I23*F23*'Covariance'!F14+I23*G23*'Covariance'!G14+I23*H23*'Covariance'!H14+I23*I23*'Covariance'!I14)
Sampled portfolios,L23,=(J23-'Inputs'!$B$11)/K23
Sampled portfolios,J24,=B24*'Asset assumptions'!E7+C24*'Asset assumptions'!E8+D24*'Asset assumptions'!E9+E24*'Asset assumptions'!E10+F24*'Asset assumptions'!E11+G24*'Asset assumptions'!E12+H24*'Asset assumptions'!E13+I24*'Asset assumptions'!E14
Sampled portfolios,K24,=SQRT(B24*B24*'Covariance'!B7+B24*C24*'Covariance'!C7+B24*D24*'Covariance'!D7+B24*E24*'Covariance'!E7+B24*F24*'Covariance'!F7+B24*G24*'Covariance'!G7+B24*H24*'Covariance'!H7+B24*I24*'Covariance'!I7+C24*B24*'Covariance'!B8+C24*C24*'Covariance'!C8+C24*D24*'Covariance'!D8+C24*E24*'Covariance'!E8+C24*F24*'Covariance'!F8+C24*G24*'Covariance'!G8+C24*H24*'Covariance'!H8+C24*I24*'Covariance'!I8+D24*B24*'Covariance'!B9+D24*C24*'Covariance'!C9+D24*D24*'Covariance'!D9+D24*E24*'Covariance'!E9+D24*F24*'Covariance'!F9+D24*G24*'Covariance'!G9+D24*H24*'Covariance'!H9+D24*I24*'Covariance'!I9+E24*B24*'Covariance'!B10+E24*C24*'Covariance'!C10+E24*D24*'Covariance'!D10+E24*E24*'Covariance'!E10+E24*F24*'Covariance'!F10+E24*G24*'Covariance'!G10+E24*H24*'Covariance'!H10+E24*I24*'Covariance'!I10+F24*B24*'Covariance'!B11+F24*C24*'Covariance'!C11+F24*D24*'Covariance'!D11+F24*E24*'Covariance'!E11+F24*F24*'Covariance'!F11+F24*G24*'Covariance'!G11+F24*H24*'Covariance'!H11+F24*I24*'Covariance'!I11+G24*B24*'Covariance'!B12+G24*C24*'Covariance'!C12+G24*D24*'Covariance'!D12+G24*E24*'Covariance'!E12+G24*F24*'Covariance'!F12+G24*G24*'Covariance'!G12+G24*H24*'Covariance'!H12+G24*I24*'Covariance'!I12+H24*B24*'Covariance'!B13+H24*C24*'Covariance'!C13+H24*D24*'Covariance'!D13+H24*E24*'Covariance'!E13+H24*F24*'Covariance'!F13+H24*G24*'Covariance'!G13+H24*H24*'Covariance'!H13+H24*I24*'Covariance'!I13+I24*B24*'Covariance'!B14+I24*C24*'Covariance'!C14+I24*D24*'Covariance'!D14+I24*E24*'Covariance'!E14+I24*F24*'Covariance'!F14+I24*G24*'Covariance'!G14+I24*H24*'Covariance'!H14+I24*I24*'Covariance'!I14)
Sampled portfolios,L24,=(J24-'Inputs'!$B$11)/K24
Sampled portfolios,J25,=B25*'Asset assumptions'!E7+C25*'Asset assumptions'!E8+D25*'Asset assumptions'!E9+E25*'Asset assumptions'!E10+F25*'Asset assumptions'!E11+G25*'Asset assumptions'!E12+H25*'Asset assumptions'!E13+I25*'Asset assumptions'!E14
Sampled portfolios,K25,=SQRT(B25*B25*'Covariance'!B7+B25*C25*'Covariance'!C7+B25*D25*'Covariance'!D7+B25*E25*'Covariance'!E7+B25*F25*'Covariance'!F7+B25*G25*'Covariance'!G7+B25*H25*'Covariance'!H7+B25*I25*'Covariance'!I7+C25*B25*'Covariance'!B8+C25*C25*'Covariance'!C8+C25*D25*'Covariance'!D8+C25*E25*'Covariance'!E8+C25*F25*'Covariance'!F8+C25*G25*'Covariance'!G8+C25*H25*'Covariance'!H8+C25*I25*'Covariance'!I8+D25*B25*'Covariance'!B9+D25*C25*'Covariance'!C9+D25*D25*'Covariance'!D9+D25*E25*'Covariance'!E9+D25*F25*'Covariance'!F9+D25*G25*'Covariance'!G9+D25*H25*'Covariance'!H9+D25*I25*'Covariance'!I9+E25*B25*'Covariance'!B10+E25*C25*'Covariance'!C10+E25*D25*'Covariance'!D10+E25*E25*'Covariance'!E10+E25*F25*'Covariance'!F10+E25*G25*'Covariance'!G10+E25*H25*'Covariance'!H10+E25*I25*'Covariance'!I10+F25*B25*'Covariance'!B11+F25*C25*'Covariance'!C11+F25*D25*'Covariance'!D11+F25*E25*'Covariance'!E11+F25*F25*'Covariance'!F11+F25*G25*'Covariance'!G11+F25*H25*'Covariance'!H11+F25*I25*'Covariance'!I11+G25*B25*'Covariance'!B12+G25*C25*'Covariance'!C12+G25*D25*'Covariance'!D12+G25*E25*'Covariance'!E12+G25*F25*'Covariance'!F12+G25*G25*'Covariance'!G12+G25*H25*'Covariance'!H12+G25*I25*'Covariance'!I12+H25*B25*'Covariance'!B13+H25*C25*'Covariance'!C13+H25*D25*'Covariance'!D13+H25*E25*'Covariance'!E13+H25*F25*'Covariance'!F13+H25*G25*'Covariance'!G13+H25*H25*'Covariance'!H13+H25*I25*'Covariance'!I13+I25*B25*'Covariance'!B14+I25*C25*'Covariance'!C14+I25*D25*'Covariance'!D14+I25*E25*'Covariance'!E14+I25*F25*'Covariance'!F14+I25*G25*'Covariance'!G14+I25*H25*'Covariance'!H14+I25*I25*'Covariance'!I14)
Sampled portfolios,L25,=(J25-'Inputs'!$B$11)/K25
Sampled portfolios,J26,=B26*'Asset assumptions'!E7+C26*'Asset assumptions'!E8+D26*'Asset assumptions'!E9+E26*'Asset assumptions'!E10+F26*'Asset assumptions'!E11+G26*'Asset assumptions'!E12+H26*'Asset assumptions'!E13+I26*'Asset assumptions'!E14
Sampled portfolios,K26,=SQRT(B26*B26*'Covariance'!B7+B26*C26*'Covariance'!C7+B26*D26*'Covariance'!D7+B26*E26*'Covariance'!E7+B26*F26*'Covariance'!F7+B26*G26*'Covariance'!G7+B26*H26*'Covariance'!H7+B26*I26*'Covariance'!I7+C26*B26*'Covariance'!B8+C26*C26*'Covariance'!C8+C26*D26*'Covariance'!D8+C26*E26*'Covariance'!E8+C26*F26*'Covariance'!F8+C26*G26*'Covariance'!G8+C26*H26*'Covariance'!H8+C26*I26*'Covariance'!I8+D26*B26*'Covariance'!B9+D26*C26*'Covariance'!C9+D26*D26*'Covariance'!D9+D26*E26*'Covariance'!E9+D26*F26*'Covariance'!F9+D26*G26*'Covariance'!G9+D26*H26*'Covariance'!H9+D26*I26*'Covariance'!I9+E26*B26*'Covariance'!B10+E26*C26*'Covariance'!C10+E26*D26*'Covariance'!D10+E26*E26*'Covariance'!E10+E26*F26*'Covariance'!F10+E26*G26*'Covariance'!G10+E26*H26*'Covariance'!H10+E26*I26*'Covariance'!I10+F26*B26*'Covariance'!B11+F26*C26*'Covariance'!C11+F26*D26*'Covariance'!D11+F26*E26*'Covariance'!E11+F26*F26*'Covariance'!F11+F26*G26*'Covariance'!G11+F26*H26*'Covariance'!H11+F26*I26*'Covariance'!I11+G26*B26*'Covariance'!B12+G26*C26*'Covariance'!C12+G26*D26*'Covariance'!D12+G26*E26*'Covariance'!E12+G26*F26*'Covariance'!F12+G26*G26*'Covariance'!G12+G26*H26*'Covariance'!H12+G26*I26*'Covariance'!I12+H26*B26*'Covariance'!B13+H26*C26*'Covariance'!C13+H26*D26*'Covariance'!D13+H26*E26*'Covariance'!E13+H26*F26*'Covariance'!F13+H26*G26*'Covariance'!G13+H26*H26*'Covariance'!H13+H26*I26*'Covariance'!I13+I26*B26*'Covariance'!B14+I26*C26*'Covariance'!C14+I26*D26*'Covariance'!D14+I26*E26*'Covariance'!E14+I26*F26*'Covariance'!F14+I26*G26*'Covariance'!G14+I26*H26*'Covariance'!H14+I26*I26*'Covariance'!I14)
Sampled portfolios,L26,=(J26-'Inputs'!$B$11)/K26
Sampled portfolios,J27,=B27*'Asset assumptions'!E7+C27*'Asset assumptions'!E8+D27*'Asset assumptions'!E9+E27*'Asset assumptions'!E10+F27*'Asset assumptions'!E11+G27*'Asset assumptions'!E12+H27*'Asset assumptions'!E13+I27*'Asset assumptions'!E14
Sampled portfolios,K27,=SQRT(B27*B27*'Covariance'!B7+B27*C27*'Covariance'!C7+B27*D27*'Covariance'!D7+B27*E27*'Covariance'!E7+B27*F27*'Covariance'!F7+B27*G27*'Covariance'!G7+B27*H27*'Covariance'!H7+B27*I27*'Covariance'!I7+C27*B27*'Covariance'!B8+C27*C27*'Covariance'!C8+C27*D27*'Covariance'!D8+C27*E27*'Covariance'!E8+C27*F27*'Covariance'!F8+C27*G27*'Covariance'!G8+C27*H27*'Covariance'!H8+C27*I27*'Covariance'!I8+D27*B27*'Covariance'!B9+D27*C27*'Covariance'!C9+D27*D27*'Covariance'!D9+D27*E27*'Covariance'!E9+D27*F27*'Covariance'!F9+D27*G27*'Covariance'!G9+D27*H27*'Covariance'!H9+D27*I27*'Covariance'!I9+E27*B27*'Covariance'!B10+E27*C27*'Covariance'!C10+E27*D27*'Covariance'!D10+E27*E27*'Covariance'!E10+E27*F27*'Covariance'!F10+E27*G27*'Covariance'!G10+E27*H27*'Covariance'!H10+E27*I27*'Covariance'!I10+F27*B27*'Covariance'!B11+F27*C27*'Covariance'!C11+F27*D27*'Covariance'!D11+F27*E27*'Covariance'!E11+F27*F27*'Covariance'!F11+F27*G27*'Covariance'!G11+F27*H27*'Covariance'!H11+F27*I27*'Covariance'!I11+G27*B27*'Covariance'!B12+G27*C27*'Covariance'!C12+G27*D27*'Covariance'!D12+G27*E27*'Covariance'!E12+G27*F27*'Covariance'!F12+G27*G27*'Covariance'!G12+G27*H27*'Covariance'!H12+G27*I27*'Covariance'!I12+H27*B27*'Covariance'!B13+H27*C27*'Covariance'!C13+H27*D27*'Covariance'!D13+H27*E27*'Covariance'!E13+H27*F27*'Covariance'!F13+H27*G27*'Covariance'!G13+H27*H27*'Covariance'!H13+H27*I27*'Covariance'!I13+I27*B27*'Covariance'!B14+I27*C27*'Covariance'!C14+I27*D27*'Covariance'!D14+I27*E27*'Covariance'!E14+I27*F27*'Covariance'!F14+I27*G27*'Covariance'!G14+I27*H27*'Covariance'!H14+I27*I27*'Covariance'!I14)
Sampled portfolios,L27,=(J27-'Inputs'!$B$11)/K27
Sampled portfolios,J28,=B28*'Asset assumptions'!E7+C28*'Asset assumptions'!E8+D28*'Asset assumptions'!E9+E28*'Asset assumptions'!E10+F28*'Asset assumptions'!E11+G28*'Asset assumptions'!E12+H28*'Asset assumptions'!E13+I28*'Asset assumptions'!E14
Sampled portfolios,K28,=SQRT(B28*B28*'Covariance'!B7+B28*C28*'Covariance'!C7+B28*D28*'Covariance'!D7+B28*E28*'Covariance'!E7+B28*F28*'Covariance'!F7+B28*G28*'Covariance'!G7+B28*H28*'Covariance'!H7+B28*I28*'Covariance'!I7+C28*B28*'Covariance'!B8+C28*C28*'Covariance'!C8+C28*D28*'Covariance'!D8+C28*E28*'Covariance'!E8+C28*F28*'Covariance'!F8+C28*G28*'Covariance'!G8+C28*H28*'Covariance'!H8+C28*I28*'Covariance'!I8+D28*B28*'Covariance'!B9+D28*C28*'Covariance'!C9+D28*D28*'Covariance'!D9+D28*E28*'Covariance'!E9+D28*F28*'Covariance'!F9+D28*G28*'Covariance'!G9+D28*H28*'Covariance'!H9+D28*I28*'Covariance'!I9+E28*B28*'Covariance'!B10+E28*C28*'Covariance'!C10+E28*D28*'Covariance'!D10+E28*E28*'Covariance'!E10+E28*F28*'Covariance'!F10+E28*G28*'Covariance'!G10+E28*H28*'Covariance'!H10+E28*I28*'Covariance'!I10+F28*B28*'Covariance'!B11+F28*C28*'Covariance'!C11+F28*D28*'Covariance'!D11+F28*E28*'Covariance'!E11+F28*F28*'Covariance'!F11+F28*G28*'Covariance'!G11+F28*H28*'Covariance'!H11+F28*I28*'Covariance'!I11+G28*B28*'Covariance'!B12+G28*C28*'Covariance'!C12+G28*D28*'Covariance'!D12+G28*E28*'Covariance'!E12+G28*F28*'Covariance'!F12+G28*G28*'Covariance'!G12+G28*H28*'Covariance'!H12+G28*I28*'Covariance'!I12+H28*B28*'Covariance'!B13+H28*C28*'Covariance'!C13+H28*D28*'Covariance'!D13+H28*E28*'Covariance'!E13+H28*F28*'Covariance'!F13+H28*G28*'Covariance'!G13+H28*H28*'Covariance'!H13+H28*I28*'Covariance'!I13+I28*B28*'Covariance'!B14+I28*C28*'Covariance'!C14+I28*D28*'Covariance'!D14+I28*E28*'Covariance'!E14+I28*F28*'Covariance'!F14+I28*G28*'Covariance'!G14+I28*H28*'Covariance'!H14+I28*I28*'Covariance'!I14)
Sampled portfolios,L28,=(J28-'Inputs'!$B$11)/K28
Sampled portfolios,J29,=B29*'Asset assumptions'!E7+C29*'Asset assumptions'!E8+D29*'Asset assumptions'!E9+E29*'Asset assumptions'!E10+F29*'Asset assumptions'!E11+G29*'Asset assumptions'!E12+H29*'Asset assumptions'!E13+I29*'Asset assumptions'!E14
Sampled portfolios,K29,=SQRT(B29*B29*'Covariance'!B7+B29*C29*'Covariance'!C7+B29*D29*'Covariance'!D7+B29*E29*'Covariance'!E7+B29*F29*'Covariance'!F7+B29*G29*'Covariance'!G7+B29*H29*'Covariance'!H7+B29*I29*'Covariance'!I7+C29*B29*'Covariance'!B8+C29*C29*'Covariance'!C8+C29*D29*'Covariance'!D8+C29*E29*'Covariance'!E8+C29*F29*'Covariance'!F8+C29*G29*'Covariance'!G8+C29*H29*'Covariance'!H8+C29*I29*'Covariance'!I8+D29*B29*'Covariance'!B9+D29*C29*'Covariance'!C9+D29*D29*'Covariance'!D9+D29*E29*'Covariance'!E9+D29*F29*'Covariance'!F9+D29*G29*'Covariance'!G9+D29*H29*'Covariance'!H9+D29*I29*'Covariance'!I9+E29*B29*'Covariance'!B10+E29*C29*'Covariance'!C10+E29*D29*'Covariance'!D10+E29*E29*'Covariance'!E10+E29*F29*'Covariance'!F10+E29*G29*'Covariance'!G10+E29*H29*'Covariance'!H10+E29*I29*'Covariance'!I10+F29*B29*'Covariance'!B11+F29*C29*'Covariance'!C11+F29*D29*'Covariance'!D11+F29*E29*'Covariance'!E11+F29*F29*'Covariance'!F11+F29*G29*'Covariance'!G11+F29*H29*'Covariance'!H11+F29*I29*'Covariance'!I11+G29*B29*'Covariance'!B12+G29*C29*'Covariance'!C12+G29*D29*'Covariance'!D12+G29*E29*'Covariance'!E12+G29*F29*'Covariance'!F12+G29*G29*'Covariance'!G12+G29*H29*'Covariance'!H12+G29*I29*'Covariance'!I12+H29*B29*'Covariance'!B13+H29*C29*'Covariance'!C13+H29*D29*'Covariance'!D13+H29*E29*'Covariance'!E13+H29*F29*'Covariance'!F13+H29*G29*'Covariance'!G13+H29*H29*'Covariance'!H13+H29*I29*'Covariance'!I13+I29*B29*'Covariance'!B14+I29*C29*'Covariance'!C14+I29*D29*'Covariance'!D14+I29*E29*'Covariance'!E14+I29*F29*'Covariance'!F14+I29*G29*'Covariance'!G14+I29*H29*'Covariance'!H14+I29*I29*'Covariance'!I14)
Sampled portfolios,L29,=(J29-'Inputs'!$B$11)/K29
Sampled portfolios,J30,=B30*'Asset assumptions'!E7+C30*'Asset assumptions'!E8+D30*'Asset assumptions'!E9+E30*'Asset assumptions'!E10+F30*'Asset assumptions'!E11+G30*'Asset assumptions'!E12+H30*'Asset assumptions'!E13+I30*'Asset assumptions'!E14
Sampled portfolios,K30,=SQRT(B30*B30*'Covariance'!B7+B30*C30*'Covariance'!C7+B30*D30*'Covariance'!D7+B30*E30*'Covariance'!E7+B30*F30*'Covariance'!F7+B30*G30*'Covariance'!G7+B30*H30*'Covariance'!H7+B30*I30*'Covariance'!I7+C30*B30*'Covariance'!B8+C30*C30*'Covariance'!C8+C30*D30*'Covariance'!D8+C30*E30*'Covariance'!E8+C30*F30*'Covariance'!F8+C30*G30*'Covariance'!G8+C30*H30*'Covariance'!H8+C30*I30*'Covariance'!I8+D30*B30*'Covariance'!B9+D30*C30*'Covariance'!C9+D30*D30*'Covariance'!D9+D30*E30*'Covariance'!E9+D30*F30*'Covariance'!F9+D30*G30*'Covariance'!G9+D30*H30*'Covariance'!H9+D30*I30*'Covariance'!I9+E30*B30*'Covariance'!B10+E30*C30*'Covariance'!C10+E30*D30*'Covariance'!D10+E30*E30*'Covariance'!E10+E30*F30*'Covariance'!F10+E30*G30*'Covariance'!G10+E30*H30*'Covariance'!H10+E30*I30*'Covariance'!I10+F30*B30*'Covariance'!B11+F30*C30*'Covariance'!C11+F30*D30*'Covariance'!D11+F30*E30*'Covariance'!E11+F30*F30*'Covariance'!F11+F30*G30*'Covariance'!G11+F30*H30*'Covariance'!H11+F30*I30*'Covariance'!I11+G30*B30*'Covariance'!B12+G30*C30*'Covariance'!C12+G30*D30*'Covariance'!D12+G30*E30*'Covariance'!E12+G30*F30*'Covariance'!F12+G30*G30*'Covariance'!G12+G30*H30*'Covariance'!H12+G30*I30*'Covariance'!I12+H30*B30*'Covariance'!B13+H30*C30*'Covariance'!C13+H30*D30*'Covariance'!D13+H30*E30*'Covariance'!E13+H30*F30*'Covariance'!F13+H30*G30*'Covariance'!G13+H30*H30*'Covariance'!H13+H30*I30*'Covariance'!I13+I30*B30*'Covariance'!B14+I30*C30*'Covariance'!C14+I30*D30*'Covariance'!D14+I30*E30*'Covariance'!E14+I30*F30*'Covariance'!F14+I30*G30*'Covariance'!G14+I30*H30*'Covariance'!H14+I30*I30*'Covariance'!I14)
Sampled portfolios,L30,=(J30-'Inputs'!$B$11)/K30
Sampled portfolios,J31,=B31*'Asset assumptions'!E7+C31*'Asset assumptions'!E8+D31*'Asset assumptions'!E9+E31*'Asset assumptions'!E10+F31*'Asset assumptions'!E11+G31*'Asset assumptions'!E12+H31*'Asset assumptions'!E13+I31*'Asset assumptions'!E14
Sampled portfolios,K31,=SQRT(B31*B31*'Covariance'!B7+B31*C31*'Covariance'!C7+B31*D31*'Covariance'!D7+B31*E31*'Covariance'!E7+B31*F31*'Covariance'!F7+B31*G31*'Covariance'!G7+B31*H31*'Covariance'!H7+B31*I31*'Covariance'!I7+C31*B31*'Covariance'!B8+C31*C31*'Covariance'!C8+C31*D31*'Covariance'!D8+C31*E31*'Covariance'!E8+C31*F31*'Covariance'!F8+C31*G31*'Covariance'!G8+C31*H31*'Covariance'!H8+C31*I31*'Covariance'!I8+D31*B31*'Covariance'!B9+D31*C31*'Covariance'!C9+D31*D31*'Covariance'!D9+D31*E31*'Covariance'!E9+D31*F31*'Covariance'!F9+D31*G31*'Covariance'!G9+D31*H31*'Covariance'!H9+D31*I31*'Covariance'!I9+E31*B31*'Covariance'!B10+E31*C31*'Covariance'!C10+E31*D31*'Covariance'!D10+E31*E31*'Covariance'!E10+E31*F31*'Covariance'!F10+E31*G31*'Covariance'!G10+E31*H31*'Covariance'!H10+E31*I31*'Covariance'!I10+F31*B31*'Covariance'!B11+F31*C31*'Covariance'!C11+F31*D31*'Covariance'!D11+F31*E31*'Covariance'!E11+F31*F31*'Covariance'!F11+F31*G31*'Covariance'!G11+F31*H31*'Covariance'!H11+F31*I31*'Covariance'!I11+G31*B31*'Covariance'!B12+G31*C31*'Covariance'!C12+G31*D31*'Covariance'!D12+G31*E31*'Covariance'!E12+G31*F31*'Covariance'!F12+G31*G31*'Covariance'!G12+G31*H31*'Covariance'!H12+G31*I31*'Covariance'!I12+H31*B31*'Covariance'!B13+H31*C31*'Covariance'!C13+H31*D31*'Covariance'!D13+H31*E31*'Covariance'!E13+H31*F31*'Covariance'!F13+H31*G31*'Covariance'!G13+H31*H31*'Covariance'!H13+H31*I31*'Covariance'!I13+I31*B31*'Covariance'!B14+I31*C31*'Covariance'!C14+I31*D31*'Covariance'!D14+I31*E31*'Covariance'!E14+I31*F31*'Covariance'!F14+I31*G31*'Covariance'!G14+I31*H31*'Covariance'!H14+I31*I31*'Covariance'!I14)
Sampled portfolios,L31,=(J31-'Inputs'!$B$11)/K31
Sampled portfolios,J32,=B32*'Asset assumptions'!E7+C32*'Asset assumptions'!E8+D32*'Asset assumptions'!E9+E32*'Asset assumptions'!E10+F32*'Asset assumptions'!E11+G32*'Asset assumptions'!E12+H32*'Asset assumptions'!E13+I32*'Asset assumptions'!E14
Sampled portfolios,K32,=SQRT(B32*B32*'Covariance'!B7+B32*C32*'Covariance'!C7+B32*D32*'Covariance'!D7+B32*E32*'Covariance'!E7+B32*F32*'Covariance'!F7+B32*G32*'Covariance'!G7+B32*H32*'Covariance'!H7+B32*I32*'Covariance'!I7+C32*B32*'Covariance'!B8+C32*C32*'Covariance'!C8+C32*D32*'Covariance'!D8+C32*E32*'Covariance'!E8+C32*F32*'Covariance'!F8+C32*G32*'Covariance'!G8+C32*H32*'Covariance'!H8+C32*I32*'Covariance'!I8+D32*B32*'Covariance'!B9+D32*C32*'Covariance'!C9+D32*D32*'Covariance'!D9+D32*E32*'Covariance'!E9+D32*F32*'Covariance'!F9+D32*G32*'Covariance'!G9+D32*H32*'Covariance'!H9+D32*I32*'Covariance'!I9+E32*B32*'Covariance'!B10+E32*C32*'Covariance'!C10+E32*D32*'Covariance'!D10+E32*E32*'Covariance'!E10+E32*F32*'Covariance'!F10+E32*G32*'Covariance'!G10+E32*H32*'Covariance'!H10+E32*I32*'Covariance'!I10+F32*B32*'Covariance'!B11+F32*C32*'Covariance'!C11+F32*D32*'Covariance'!D11+F32*E32*'Covariance'!E11+F32*F32*'Covariance'!F11+F32*G32*'Covariance'!G11+F32*H32*'Covariance'!H11+F32*I32*'Covariance'!I11+G32*B32*'Covariance'!B12+G32*C32*'Covariance'!C12+G32*D32*'Covariance'!D12+G32*E32*'Covariance'!E12+G32*F32*'Covariance'!F12+G32*G32*'Covariance'!G12+G32*H32*'Covariance'!H12+G32*I32*'Covariance'!I12+H32*B32*'Covariance'!B13+H32*C32*'Covariance'!C13+H32*D32*'Covariance'!D13+H32*E32*'Covariance'!E13+H32*F32*'Covariance'!F13+H32*G32*'Covariance'!G13+H32*H32*'Covariance'!H13+H32*I32*'Covariance'!I13+I32*B32*'Covariance'!B14+I32*C32*'Covariance'!C14+I32*D32*'Covariance'!D14+I32*E32*'Covariance'!E14+I32*F32*'Covariance'!F14+I32*G32*'Covariance'!G14+I32*H32*'Covariance'!H14+I32*I32*'Covariance'!I14)
Sampled portfolios,L32,=(J32-'Inputs'!$B$11)/K32
Sampled portfolios,J33,=B33*'Asset assumptions'!E7+C33*'Asset assumptions'!E8+D33*'Asset assumptions'!E9+E33*'Asset assumptions'!E10+F33*'Asset assumptions'!E11+G33*'Asset assumptions'!E12+H33*'Asset assumptions'!E13+I33*'Asset assumptions'!E14
Sampled portfolios,K33,=SQRT(B33*B33*'Covariance'!B7+B33*C33*'Covariance'!C7+B33*D33*'Covariance'!D7+B33*E33*'Covariance'!E7+B33*F33*'Covariance'!F7+B33*G33*'Covariance'!G7+B33*H33*'Covariance'!H7+B33*I33*'Covariance'!I7+C33*B33*'Covariance'!B8+C33*C33*'Covariance'!C8+C33*D33*'Covariance'!D8+C33*E33*'Covariance'!E8+C33*F33*'Covariance'!F8+C33*G33*'Covariance'!G8+C33*H33*'Covariance'!H8+C33*I33*'Covariance'!I8+D33*B33*'Covariance'!B9+D33*C33*'Covariance'!C9+D33*D33*'Covariance'!D9+D33*E33*'Covariance'!E9+D33*F33*'Covariance'!F9+D33*G33*'Covariance'!G9+D33*H33*'Covariance'!H9+D33*I33*'Covariance'!I9+E33*B33*'Covariance'!B10+E33*C33*'Covariance'!C10+E33*D33*'Covariance'!D10+E33*E33*'Covariance'!E10+E33*F33*'Covariance'!F10+E33*G33*'Covariance'!G10+E33*H33*'Covariance'!H10+E33*I33*'Covariance'!I10+F33*B33*'Covariance'!B11+F33*C33*'Covariance'!C11+F33*D33*'Covariance'!D11+F33*E33*'Covariance'!E11+F33*F33*'Covariance'!F11+F33*G33*'Covariance'!G11+F33*H33*'Covariance'!H11+F33*I33*'Covariance'!I11+G33*B33*'Covariance'!B12+G33*C33*'Covariance'!C12+G33*D33*'Covariance'!D12+G33*E33*'Covariance'!E12+G33*F33*'Covariance'!F12+G33*G33*'Covariance'!G12+G33*H33*'Covariance'!H12+G33*I33*'Covariance'!I12+H33*B33*'Covariance'!B13+H33*C33*'Covariance'!C13+H33*D33*'Covariance'!D13+H33*E33*'Covariance'!E13+H33*F33*'Covariance'!F13+H33*G33*'Covariance'!G13+H33*H33*'Covariance'!H13+H33*I33*'Covariance'!I13+I33*B33*'Covariance'!B14+I33*C33*'Covariance'!C14+I33*D33*'Covariance'!D14+I33*E33*'Covariance'!E14+I33*F33*'Covariance'!F14+I33*G33*'Covariance'!G14+I33*H33*'Covariance'!H14+I33*I33*'Covariance'!I14)
Sampled portfolios,L33,=(J33-'Inputs'!$B$11)/K33
Sampled portfolios,J34,=B34*'Asset assumptions'!E7+C34*'Asset assumptions'!E8+D34*'Asset assumptions'!E9+E34*'Asset assumptions'!E10+F34*'Asset assumptions'!E11+G34*'Asset assumptions'!E12+H34*'Asset assumptions'!E13+I34*'Asset assumptions'!E14
Sampled portfolios,K34,=SQRT(B34*B34*'Covariance'!B7+B34*C34*'Covariance'!C7+B34*D34*'Covariance'!D7+B34*E34*'Covariance'!E7+B34*F34*'Covariance'!F7+B34*G34*'Covariance'!G7+B34*H34*'Covariance'!H7+B34*I34*'Covariance'!I7+C34*B34*'Covariance'!B8+C34*C34*'Covariance'!C8+C34*D34*'Covariance'!D8+C34*E34*'Covariance'!E8+C34*F34*'Covariance'!F8+C34*G34*'Covariance'!G8+C34*H34*'Covariance'!H8+C34*I34*'Covariance'!I8+D34*B34*'Covariance'!B9+D34*C34*'Covariance'!C9+D34*D34*'Covariance'!D9+D34*E34*'Covariance'!E9+D34*F34*'Covariance'!F9+D34*G34*'Covariance'!G9+D34*H34*'Covariance'!H9+D34*I34*'Covariance'!I9+E34*B34*'Covariance'!B10+E34*C34*'Covariance'!C10+E34*D34*'Covariance'!D10+E34*E34*'Covariance'!E10+E34*F34*'Covariance'!F10+E34*G34*'Covariance'!G10+E34*H34*'Covariance'!H10+E34*I34*'Covariance'!I10+F34*B34*'Covariance'!B11+F34*C34*'Covariance'!C11+F34*D34*'Covariance'!D11+F34*E34*'Covariance'!E11+F34*F34*'Covariance'!F11+F34*G34*'Covariance'!G11+F34*H34*'Covariance'!H11+F34*I34*'Covariance'!I11+G34*B34*'Covariance'!B12+G34*C34*'Covariance'!C12+G34*D34*'Covariance'!D12+G34*E34*'Covariance'!E12+G34*F34*'Covariance'!F12+G34*G34*'Covariance'!G12+G34*H34*'Covariance'!H12+G34*I34*'Covariance'!I12+H34*B34*'Covariance'!B13+H34*C34*'Covariance'!C13+H34*D34*'Covariance'!D13+H34*E34*'Covariance'!E13+H34*F34*'Covariance'!F13+H34*G34*'Covariance'!G13+H34*H34*'Covariance'!H13+H34*I34*'Covariance'!I13+I34*B34*'Covariance'!B14+I34*C34*'Covariance'!C14+I34*D34*'Covariance'!D14+I34*E34*'Covariance'!E14+I34*F34*'Covariance'!F14+I34*G34*'Covariance'!G14+I34*H34*'Covariance'!H14+I34*I34*'Covariance'!I14)
Sampled portfolios,L34,=(J34-'Inputs'!$B$11)/K34
Sampled portfolios,J35,=B35*'Asset assumptions'!E7+C35*'Asset assumptions'!E8+D35*'Asset assumptions'!E9+E35*'Asset assumptions'!E10+F35*'Asset assumptions'!E11+G35*'Asset assumptions'!E12+H35*'Asset assumptions'!E13+I35*'Asset assumptions'!E14
Sampled portfolios,K35,=SQRT(B35*B35*'Covariance'!B7+B35*C35*'Covariance'!C7+B35*D35*'Covariance'!D7+B35*E35*'Covariance'!E7+B35*F35*'Covariance'!F7+B35*G35*'Covariance'!G7+B35*H35*'Covariance'!H7+B35*I35*'Covariance'!I7+C35*B35*'Covariance'!B8+C35*C35*'Covariance'!C8+C35*D35*'Covariance'!D8+C35*E35*'Covariance'!E8+C35*F35*'Covariance'!F8+C35*G35*'Covariance'!G8+C35*H35*'Covariance'!H8+C35*I35*'Covariance'!I8+D35*B35*'Covariance'!B9+D35*C35*'Covariance'!C9+D35*D35*'Covariance'!D9+D35*E35*'Covariance'!E9+D35*F35*'Covariance'!F9+D35*G35*'Covariance'!G9+D35*H35*'Covariance'!H9+D35*I35*'Covariance'!I9+E35*B35*'Covariance'!B10+E35*C35*'Covariance'!C10+E35*D35*'Covariance'!D10+E35*E35*'Covariance'!E10+E35*F35*'Covariance'!F10+E35*G35*'Covariance'!G10+E35*H35*'Covariance'!H10+E35*I35*'Covariance'!I10+F35*B35*'Covariance'!B11+F35*C35*'Covariance'!C11+F35*D35*'Covariance'!D11+F35*E35*'Covariance'!E11+F35*F35*'Covariance'!F11+F35*G35*'Covariance'!G11+F35*H35*'Covariance'!H11+F35*I35*'Covariance'!I11+G35*B35*'Covariance'!B12+G35*C35*'Covariance'!C12+G35*D35*'Covariance'!D12+G35*E35*'Covariance'!E12+G35*F35*'Covariance'!F12+G35*G35*'Covariance'!G12+G35*H35*'Covariance'!H12+G35*I35*'Covariance'!I12+H35*B35*'Covariance'!B13+H35*C35*'Covariance'!C13+H35*D35*'Covariance'!D13+H35*E35*'Covariance'!E13+H35*F35*'Covariance'!F13+H35*G35*'Covariance'!G13+H35*H35*'Covariance'!H13+H35*I35*'Covariance'!I13+I35*B35*'Covariance'!B14+I35*C35*'Covariance'!C14+I35*D35*'Covariance'!D14+I35*E35*'Covariance'!E14+I35*F35*'Covariance'!F14+I35*G35*'Covariance'!G14+I35*H35*'Covariance'!H14+I35*I35*'Covariance'!I14)
Sampled portfolios,L35,=(J35-'Inputs'!$B$11)/K35
Sampled portfolios,J36,=B36*'Asset assumptions'!E7+C36*'Asset assumptions'!E8+D36*'Asset assumptions'!E9+E36*'Asset assumptions'!E10+F36*'Asset assumptions'!E11+G36*'Asset assumptions'!E12+H36*'Asset assumptions'!E13+I36*'Asset assumptions'!E14
Sampled portfolios,K36,=SQRT(B36*B36*'Covariance'!B7+B36*C36*'Covariance'!C7+B36*D36*'Covariance'!D7+B36*E36*'Covariance'!E7+B36*F36*'Covariance'!F7+B36*G36*'Covariance'!G7+B36*H36*'Covariance'!H7+B36*I36*'Covariance'!I7+C36*B36*'Covariance'!B8+C36*C36*'Covariance'!C8+C36*D36*'Covariance'!D8+C36*E36*'Covariance'!E8+C36*F36*'Covariance'!F8+C36*G36*'Covariance'!G8+C36*H36*'Covariance'!H8+C36*I36*'Covariance'!I8+D36*B36*'Covariance'!B9+D36*C36*'Covariance'!C9+D36*D36*'Covariance'!D9+D36*E36*'Covariance'!E9+D36*F36*'Covariance'!F9+D36*G36*'Covariance'!G9+D36*H36*'Covariance'!H9+D36*I36*'Covariance'!I9+E36*B36*'Covariance'!B10+E36*C36*'Covariance'!C10+E36*D36*'Covariance'!D10+E36*E36*'Covariance'!E10+E36*F36*'Covariance'!F10+E36*G36*'Covariance'!G10+E36*H36*'Covariance'!H10+E36*I36*'Covariance'!I10+F36*B36*'Covariance'!B11+F36*C36*'Covariance'!C11+F36*D36*'Covariance'!D11+F36*E36*'Covariance'!E11+F36*F36*'Covariance'!F11+F36*G36*'Covariance'!G11+F36*H36*'Covariance'!H11+F36*I36*'Covariance'!I11+G36*B36*'Covariance'!B12+G36*C36*'Covariance'!C12+G36*D36*'Covariance'!D12+G36*E36*'Covariance'!E12+G36*F36*'Covariance'!F12+G36*G36*'Covariance'!G12+G36*H36*'Covariance'!H12+G36*I36*'Covariance'!I12+H36*B36*'Covariance'!B13+H36*C36*'Covariance'!C13+H36*D36*'Covariance'!D13+H36*E36*'Covariance'!E13+H36*F36*'Covariance'!F13+H36*G36*'Covariance'!G13+H36*H36*'Covariance'!H13+H36*I36*'Covariance'!I13+I36*B36*'Covariance'!B14+I36*C36*'Covariance'!C14+I36*D36*'Covariance'!D14+I36*E36*'Covariance'!E14+I36*F36*'Covariance'!F14+I36*G36*'Covariance'!G14+I36*H36*'Covariance'!H14+I36*I36*'Covariance'!I14)
Sampled portfolios,L36,=(J36-'Inputs'!$B$11)/K36
Sampled portfolios,J37,=B37*'Asset assumptions'!E7+C37*'Asset assumptions'!E8+D37*'Asset assumptions'!E9+E37*'Asset assumptions'!E10+F37*'Asset assumptions'!E11+G37*'Asset assumptions'!E12+H37*'Asset assumptions'!E13+I37*'Asset assumptions'!E14
Sampled portfolios,K37,=SQRT(B37*B37*'Covariance'!B7+B37*C37*'Covariance'!C7+B37*D37*'Covariance'!D7+B37*E37*'Covariance'!E7+B37*F37*'Covariance'!F7+B37*G37*'Covariance'!G7+B37*H37*'Covariance'!H7+B37*I37*'Covariance'!I7+C37*B37*'Covariance'!B8+C37*C37*'Covariance'!C8+C37*D37*'Covariance'!D8+C37*E37*'Covariance'!E8+C37*F37*'Covariance'!F8+C37*G37*'Covariance'!G8+C37*H37*'Covariance'!H8+C37*I37*'Covariance'!I8+D37*B37*'Covariance'!B9+D37*C37*'Covariance'!C9+D37*D37*'Covariance'!D9+D37*E37*'Covariance'!E9+D37*F37*'Covariance'!F9+D37*G37*'Covariance'!G9+D37*H37*'Covariance'!H9+D37*I37*'Covariance'!I9+E37*B37*'Covariance'!B10+E37*C37*'Covariance'!C10+E37*D37*'Covariance'!D10+E37*E37*'Covariance'!E10+E37*F37*'Covariance'!F10+E37*G37*'Covariance'!G10+E37*H37*'Covariance'!H10+E37*I37*'Covariance'!I10+F37*B37*'Covariance'!B11+F37*C37*'Covariance'!C11+F37*D37*'Covariance'!D11+F37*E37*'Covariance'!E11+F37*F37*'Covariance'!F11+F37*G37*'Covariance'!G11+F37*H37*'Covariance'!H11+F37*I37*'Covariance'!I11+G37*B37*'Covariance'!B12+G37*C37*'Covariance'!C12+G37*D37*'Covariance'!D12+G37*E37*'Covariance'!E12+G37*F37*'Covariance'!F12+G37*G37*'Covariance'!G12+G37*H37*'Covariance'!H12+G37*I37*'Covariance'!I12+H37*B37*'Covariance'!B13+H37*C37*'Covariance'!C13+H37*D37*'Covariance'!D13+H37*E37*'Covariance'!E13+H37*F37*'Covariance'!F13+H37*G37*'Covariance'!G13+H37*H37*'Covariance'!H13+H37*I37*'Covariance'!I13+I37*B37*'Covariance'!B14+I37*C37*'Covariance'!C14+I37*D37*'Covariance'!D14+I37*E37*'Covariance'!E14+I37*F37*'Covariance'!F14+I37*G37*'Covariance'!G14+I37*H37*'Covariance'!H14+I37*I37*'Covariance'!I14)
Sampled portfolios,L37,=(J37-'Inputs'!$B$11)/K37
Sampled portfolios,J38,=B38*'Asset assumptions'!E7+C38*'Asset assumptions'!E8+D38*'Asset assumptions'!E9+E38*'Asset assumptions'!E10+F38*'Asset assumptions'!E11+G38*'Asset assumptions'!E12+H38*'Asset assumptions'!E13+I38*'Asset assumptions'!E14
Sampled portfolios,K38,=SQRT(B38*B38*'Covariance'!B7+B38*C38*'Covariance'!C7+B38*D38*'Covariance'!D7+B38*E38*'Covariance'!E7+B38*F38*'Covariance'!F7+B38*G38*'Covariance'!G7+B38*H38*'Covariance'!H7+B38*I38*'Covariance'!I7+C38*B38*'Covariance'!B8+C38*C38*'Covariance'!C8+C38*D38*'Covariance'!D8+C38*E38*'Covariance'!E8+C38*F38*'Covariance'!F8+C38*G38*'Covariance'!G8+C38*H38*'Covariance'!H8+C38*I38*'Covariance'!I8+D38*B38*'Covariance'!B9+D38*C38*'Covariance'!C9+D38*D38*'Covariance'!D9+D38*E38*'Covariance'!E9+D38*F38*'Covariance'!F9+D38*G38*'Covariance'!G9+D38*H38*'Covariance'!H9+D38*I38*'Covariance'!I9+E38*B38*'Covariance'!B10+E38*C38*'Covariance'!C10+E38*D38*'Covariance'!D10+E38*E38*'Covariance'!E10+E38*F38*'Covariance'!F10+E38*G38*'Covariance'!G10+E38*H38*'Covariance'!H10+E38*I38*'Covariance'!I10+F38*B38*'Covariance'!B11+F38*C38*'Covariance'!C11+F38*D38*'Covariance'!D11+F38*E38*'Covariance'!E11+F38*F38*'Covariance'!F11+F38*G38*'Covariance'!G11+F38*H38*'Covariance'!H11+F38*I38*'Covariance'!I11+G38*B38*'Covariance'!B12+G38*C38*'Covariance'!C12+G38*D38*'Covariance'!D12+G38*E38*'Covariance'!E12+G38*F38*'Covariance'!F12+G38*G38*'Covariance'!G12+G38*H38*'Covariance'!H12+G38*I38*'Covariance'!I12+H38*B38*'Covariance'!B13+H38*C38*'Covariance'!C13+H38*D38*'Covariance'!D13+H38*E38*'Covariance'!E13+H38*F38*'Covariance'!F13+H38*G38*'Covariance'!G13+H38*H38*'Covariance'!H13+H38*I38*'Covariance'!I13+I38*B38*'Covariance'!B14+I38*C38*'Covariance'!C14+I38*D38*'Covariance'!D14+I38*E38*'Covariance'!E14+I38*F38*'Covariance'!F14+I38*G38*'Covariance'!G14+I38*H38*'Covariance'!H14+I38*I38*'Covariance'!I14)
Sampled portfolios,L38,=(J38-'Inputs'!$B$11)/K38
Sampled portfolios,J39,=B39*'Asset assumptions'!E7+C39*'Asset assumptions'!E8+D39*'Asset assumptions'!E9+E39*'Asset assumptions'!E10+F39*'Asset assumptions'!E11+G39*'Asset assumptions'!E12+H39*'Asset assumptions'!E13+I39*'Asset assumptions'!E14
Sampled portfolios,K39,=SQRT(B39*B39*'Covariance'!B7+B39*C39*'Covariance'!C7+B39*D39*'Covariance'!D7+B39*E39*'Covariance'!E7+B39*F39*'Covariance'!F7+B39*G39*'Covariance'!G7+B39*H39*'Covariance'!H7+B39*I39*'Covariance'!I7+C39*B39*'Covariance'!B8+C39*C39*'Covariance'!C8+C39*D39*'Covariance'!D8+C39*E39*'Covariance'!E8+C39*F39*'Covariance'!F8+C39*G39*'Covariance'!G8+C39*H39*'Covariance'!H8+C39*I39*'Covariance'!I8+D39*B39*'Covariance'!B9+D39*C39*'Covariance'!C9+D39*D39*'Covariance'!D9+D39*E39*'Covariance'!E9+D39*F39*'Covariance'!F9+D39*G39*'Covariance'!G9+D39*H39*'Covariance'!H9+D39*I39*'Covariance'!I9+E39*B39*'Covariance'!B10+E39*C39*'Covariance'!C10+E39*D39*'Covariance'!D10+E39*E39*'Covariance'!E10+E39*F39*'Covariance'!F10+E39*G39*'Covariance'!G10+E39*H39*'Covariance'!H10+E39*I39*'Covariance'!I10+F39*B39*'Covariance'!B11+F39*C39*'Covariance'!C11+F39*D39*'Covariance'!D11+F39*E39*'Covariance'!E11+F39*F39*'Covariance'!F11+F39*G39*'Covariance'!G11+F39*H39*'Covariance'!H11+F39*I39*'Covariance'!I11+G39*B39*'Covariance'!B12+G39*C39*'Covariance'!C12+G39*D39*'Covariance'!D12+G39*E39*'Covariance'!E12+G39*F39*'Covariance'!F12+G39*G39*'Covariance'!G12+G39*H39*'Covariance'!H12+G39*I39*'Covariance'!I12+H39*B39*'Covariance'!B13+H39*C39*'Covariance'!C13+H39*D39*'Covariance'!D13+H39*E39*'Covariance'!E13+H39*F39*'Covariance'!F13+H39*G39*'Covariance'!G13+H39*H39*'Covariance'!H13+H39*I39*'Covariance'!I13+I39*B39*'Covariance'!B14+I39*C39*'Covariance'!C14+I39*D39*'Covariance'!D14+I39*E39*'Covariance'!E14+I39*F39*'Covariance'!F14+I39*G39*'Covariance'!G14+I39*H39*'Covariance'!H14+I39*I39*'Covariance'!I14)
Sampled portfolios,L39,=(J39-'Inputs'!$B$11)/K39
Sampled portfolios,J40,=B40*'Asset assumptions'!E7+C40*'Asset assumptions'!E8+D40*'Asset assumptions'!E9+E40*'Asset assumptions'!E10+F40*'Asset assumptions'!E11+G40*'Asset assumptions'!E12+H40*'Asset assumptions'!E13+I40*'Asset assumptions'!E14
Sampled portfolios,K40,=SQRT(B40*B40*'Covariance'!B7+B40*C40*'Covariance'!C7+B40*D40*'Covariance'!D7+B40*E40*'Covariance'!E7+B40*F40*'Covariance'!F7+B40*G40*'Covariance'!G7+B40*H40*'Covariance'!H7+B40*I40*'Covariance'!I7+C40*B40*'Covariance'!B8+C40*C40*'Covariance'!C8+C40*D40*'Covariance'!D8+C40*E40*'Covariance'!E8+C40*F40*'Covariance'!F8+C40*G40*'Covariance'!G8+C40*H40*'Covariance'!H8+C40*I40*'Covariance'!I8+D40*B40*'Covariance'!B9+D40*C40*'Covariance'!C9+D40*D40*'Covariance'!D9+D40*E40*'Covariance'!E9+D40*F40*'Covariance'!F9+D40*G40*'Covariance'!G9+D40*H40*'Covariance'!H9+D40*I40*'Covariance'!I9+E40*B40*'Covariance'!B10+E40*C40*'Covariance'!C10+E40*D40*'Covariance'!D10+E40*E40*'Covariance'!E10+E40*F40*'Covariance'!F10+E40*G40*'Covariance'!G10+E40*H40*'Covariance'!H10+E40*I40*'Covariance'!I10+F40*B40*'Covariance'!B11+F40*C40*'Covariance'!C11+F40*D40*'Covariance'!D11+F40*E40*'Covariance'!E11+F40*F40*'Covariance'!F11+F40*G40*'Covariance'!G11+F40*H40*'Covariance'!H11+F40*I40*'Covariance'!I11+G40*B40*'Covariance'!B12+G40*C40*'Covariance'!C12+G40*D40*'Covariance'!D12+G40*E40*'Covariance'!E12+G40*F40*'Covariance'!F12+G40*G40*'Covariance'!G12+G40*H40*'Covariance'!H12+G40*I40*'Covariance'!I12+H40*B40*'Covariance'!B13+H40*C40*'Covariance'!C13+H40*D40*'Covariance'!D13+H40*E40*'Covariance'!E13+H40*F40*'Covariance'!F13+H40*G40*'Covariance'!G13+H40*H40*'Covariance'!H13+H40*I40*'Covariance'!I13+I40*B40*'Covariance'!B14+I40*C40*'Covariance'!C14+I40*D40*'Covariance'!D14+I40*E40*'Covariance'!E14+I40*F40*'Covariance'!F14+I40*G40*'Covariance'!G14+I40*H40*'Covariance'!H14+I40*I40*'Covariance'!I14)
Sampled portfolios,L40,=(J40-'Inputs'!$B$11)/K40
Sampled portfolios,J41,=B41*'Asset assumptions'!E7+C41*'Asset assumptions'!E8+D41*'Asset assumptions'!E9+E41*'Asset assumptions'!E10+F41*'Asset assumptions'!E11+G41*'Asset assumptions'!E12+H41*'Asset assumptions'!E13+I41*'Asset assumptions'!E14
Sampled portfolios,K41,=SQRT(B41*B41*'Covariance'!B7+B41*C41*'Covariance'!C7+B41*D41*'Covariance'!D7+B41*E41*'Covariance'!E7+B41*F41*'Covariance'!F7+B41*G41*'Covariance'!G7+B41*H41*'Covariance'!H7+B41*I41*'Covariance'!I7+C41*B41*'Covariance'!B8+C41*C41*'Covariance'!C8+C41*D41*'Covariance'!D8+C41*E41*'Covariance'!E8+C41*F41*'Covariance'!F8+C41*G41*'Covariance'!G8+C41*H41*'Covariance'!H8+C41*I41*'Covariance'!I8+D41*B41*'Covariance'!B9+D41*C41*'Covariance'!C9+D41*D41*'Covariance'!D9+D41*E41*'Covariance'!E9+D41*F41*'Covariance'!F9+D41*G41*'Covariance'!G9+D41*H41*'Covariance'!H9+D41*I41*'Covariance'!I9+E41*B41*'Covariance'!B10+E41*C41*'Covariance'!C10+E41*D41*'Covariance'!D10+E41*E41*'Covariance'!E10+E41*F41*'Covariance'!F10+E41*G41*'Covariance'!G10+E41*H41*'Covariance'!H10+E41*I41*'Covariance'!I10+F41*B41*'Covariance'!B11+F41*C41*'Covariance'!C11+F41*D41*'Covariance'!D11+F41*E41*'Covariance'!E11+F41*F41*'Covariance'!F11+F41*G41*'Covariance'!G11+F41*H41*'Covariance'!H11+F41*I41*'Covariance'!I11+G41*B41*'Covariance'!B12+G41*C41*'Covariance'!C12+G41*D41*'Covariance'!D12+G41*E41*'Covariance'!E12+G41*F41*'Covariance'!F12+G41*G41*'Covariance'!G12+G41*H41*'Covariance'!H12+G41*I41*'Covariance'!I12+H41*B41*'Covariance'!B13+H41*C41*'Covariance'!C13+H41*D41*'Covariance'!D13+H41*E41*'Covariance'!E13+H41*F41*'Covariance'!F13+H41*G41*'Covariance'!G13+H41*H41*'Covariance'!H13+H41*I41*'Covariance'!I13+I41*B41*'Covariance'!B14+I41*C41*'Covariance'!C14+I41*D41*'Covariance'!D14+I41*E41*'Covariance'!E14+I41*F41*'Covariance'!F14+I41*G41*'Covariance'!G14+I41*H41*'Covariance'!H14+I41*I41*'Covariance'!I14)
Sampled portfolios,L41,=(J41-'Inputs'!$B$11)/K41
Sampled portfolios,J42,=B42*'Asset assumptions'!E7+C42*'Asset assumptions'!E8+D42*'Asset assumptions'!E9+E42*'Asset assumptions'!E10+F42*'Asset assumptions'!E11+G42*'Asset assumptions'!E12+H42*'Asset assumptions'!E13+I42*'Asset assumptions'!E14
Sampled portfolios,K42,=SQRT(B42*B42*'Covariance'!B7+B42*C42*'Covariance'!C7+B42*D42*'Covariance'!D7+B42*E42*'Covariance'!E7+B42*F42*'Covariance'!F7+B42*G42*'Covariance'!G7+B42*H42*'Covariance'!H7+B42*I42*'Covariance'!I7+C42*B42*'Covariance'!B8+C42*C42*'Covariance'!C8+C42*D42*'Covariance'!D8+C42*E42*'Covariance'!E8+C42*F42*'Covariance'!F8+C42*G42*'Covariance'!G8+C42*H42*'Covariance'!H8+C42*I42*'Covariance'!I8+D42*B42*'Covariance'!B9+D42*C42*'Covariance'!C9+D42*D42*'Covariance'!D9+D42*E42*'Covariance'!E9+D42*F42*'Covariance'!F9+D42*G42*'Covariance'!G9+D42*H42*'Covariance'!H9+D42*I42*'Covariance'!I9+E42*B42*'Covariance'!B10+E42*C42*'Covariance'!C10+E42*D42*'Covariance'!D10+E42*E42*'Covariance'!E10+E42*F42*'Covariance'!F10+E42*G42*'Covariance'!G10+E42*H42*'Covariance'!H10+E42*I42*'Covariance'!I10+F42*B42*'Covariance'!B11+F42*C42*'Covariance'!C11+F42*D42*'Covariance'!D11+F42*E42*'Covariance'!E11+F42*F42*'Covariance'!F11+F42*G42*'Covariance'!G11+F42*H42*'Covariance'!H11+F42*I42*'Covariance'!I11+G42*B42*'Covariance'!B12+G42*C42*'Covariance'!C12+G42*D42*'Covariance'!D12+G42*E42*'Covariance'!E12+G42*F42*'Covariance'!F12+G42*G42*'Covariance'!G12+G42*H42*'Covariance'!H12+G42*I42*'Covariance'!I12+H42*B42*'Covariance'!B13+H42*C42*'Covariance'!C13+H42*D42*'Covariance'!D13+H42*E42*'Covariance'!E13+H42*F42*'Covariance'!F13+H42*G42*'Covariance'!G13+H42*H42*'Covariance'!H13+H42*I42*'Covariance'!I13+I42*B42*'Covariance'!B14+I42*C42*'Covariance'!C14+I42*D42*'Covariance'!D14+I42*E42*'Covariance'!E14+I42*F42*'Covariance'!F14+I42*G42*'Covariance'!G14+I42*H42*'Covariance'!H14+I42*I42*'Covariance'!I14)
Sampled portfolios,L42,=(J42-'Inputs'!$B$11)/K42
Sampled portfolios,J43,=B43*'Asset assumptions'!E7+C43*'Asset assumptions'!E8+D43*'Asset assumptions'!E9+E43*'Asset assumptions'!E10+F43*'Asset assumptions'!E11+G43*'Asset assumptions'!E12+H43*'Asset assumptions'!E13+I43*'Asset assumptions'!E14
Sampled portfolios,K43,=SQRT(B43*B43*'Covariance'!B7+B43*C43*'Covariance'!C7+B43*D43*'Covariance'!D7+B43*E43*'Covariance'!E7+B43*F43*'Covariance'!F7+B43*G43*'Covariance'!G7+B43*H43*'Covariance'!H7+B43*I43*'Covariance'!I7+C43*B43*'Covariance'!B8+C43*C43*'Covariance'!C8+C43*D43*'Covariance'!D8+C43*E43*'Covariance'!E8+C43*F43*'Covariance'!F8+C43*G43*'Covariance'!G8+C43*H43*'Covariance'!H8+C43*I43*'Covariance'!I8+D43*B43*'Covariance'!B9+D43*C43*'Covariance'!C9+D43*D43*'Covariance'!D9+D43*E43*'Covariance'!E9+D43*F43*'Covariance'!F9+D43*G43*'Covariance'!G9+D43*H43*'Covariance'!H9+D43*I43*'Covariance'!I9+E43*B43*'Covariance'!B10+E43*C43*'Covariance'!C10+E43*D43*'Covariance'!D10+E43*E43*'Covariance'!E10+E43*F43*'Covariance'!F10+E43*G43*'Covariance'!G10+E43*H43*'Covariance'!H10+E43*I43*'Covariance'!I10+F43*B43*'Covariance'!B11+F43*C43*'Covariance'!C11+F43*D43*'Covariance'!D11+F43*E43*'Covariance'!E11+F43*F43*'Covariance'!F11+F43*G43*'Covariance'!G11+F43*H43*'Covariance'!H11+F43*I43*'Covariance'!I11+G43*B43*'Covariance'!B12+G43*C43*'Covariance'!C12+G43*D43*'Covariance'!D12+G43*E43*'Covariance'!E12+G43*F43*'Covariance'!F12+G43*G43*'Covariance'!G12+G43*H43*'Covariance'!H12+G43*I43*'Covariance'!I12+H43*B43*'Covariance'!B13+H43*C43*'Covariance'!C13+H43*D43*'Covariance'!D13+H43*E43*'Covariance'!E13+H43*F43*'Covariance'!F13+H43*G43*'Covariance'!G13+H43*H43*'Covariance'!H13+H43*I43*'Covariance'!I13+I43*B43*'Covariance'!B14+I43*C43*'Covariance'!C14+I43*D43*'Covariance'!D14+I43*E43*'Covariance'!E14+I43*F43*'Covariance'!F14+I43*G43*'Covariance'!G14+I43*H43*'Covariance'!H14+I43*I43*'Covariance'!I14)
Sampled portfolios,L43,=(J43-'Inputs'!$B$11)/K43
Sampled portfolios,J44,=B44*'Asset assumptions'!E7+C44*'Asset assumptions'!E8+D44*'Asset assumptions'!E9+E44*'Asset assumptions'!E10+F44*'Asset assumptions'!E11+G44*'Asset assumptions'!E12+H44*'Asset assumptions'!E13+I44*'Asset assumptions'!E14
Sampled portfolios,K44,=SQRT(B44*B44*'Covariance'!B7+B44*C44*'Covariance'!C7+B44*D44*'Covariance'!D7+B44*E44*'Covariance'!E7+B44*F44*'Covariance'!F7+B44*G44*'Covariance'!G7+B44*H44*'Covariance'!H7+B44*I44*'Covariance'!I7+C44*B44*'Covariance'!B8+C44*C44*'Covariance'!C8+C44*D44*'Covariance'!D8+C44*E44*'Covariance'!E8+C44*F44*'Covariance'!F8+C44*G44*'Covariance'!G8+C44*H44*'Covariance'!H8+C44*I44*'Covariance'!I8+D44*B44*'Covariance'!B9+D44*C44*'Covariance'!C9+D44*D44*'Covariance'!D9+D44*E44*'Covariance'!E9+D44*F44*'Covariance'!F9+D44*G44*'Covariance'!G9+D44*H44*'Covariance'!H9+D44*I44*'Covariance'!I9+E44*B44*'Covariance'!B10+E44*C44*'Covariance'!C10+E44*D44*'Covariance'!D10+E44*E44*'Covariance'!E10+E44*F44*'Covariance'!F10+E44*G44*'Covariance'!G10+E44*H44*'Covariance'!H10+E44*I44*'Covariance'!I10+F44*B44*'Covariance'!B11+F44*C44*'Covariance'!C11+F44*D44*'Covariance'!D11+F44*E44*'Covariance'!E11+F44*F44*'Covariance'!F11+F44*G44*'Covariance'!G11+F44*H44*'Covariance'!H11+F44*I44*'Covariance'!I11+G44*B44*'Covariance'!B12+G44*C44*'Covariance'!C12+G44*D44*'Covariance'!D12+G44*E44*'Covariance'!E12+G44*F44*'Covariance'!F12+G44*G44*'Covariance'!G12+G44*H44*'Covariance'!H12+G44*I44*'Covariance'!I12+H44*B44*'Covariance'!B13+H44*C44*'Covariance'!C13+H44*D44*'Covariance'!D13+H44*E44*'Covariance'!E13+H44*F44*'Covariance'!F13+H44*G44*'Covariance'!G13+H44*H44*'Covariance'!H13+H44*I44*'Covariance'!I13+I44*B44*'Covariance'!B14+I44*C44*'Covariance'!C14+I44*D44*'Covariance'!D14+I44*E44*'Covariance'!E14+I44*F44*'Covariance'!F14+I44*G44*'Covariance'!G14+I44*H44*'Covariance'!H14+I44*I44*'Covariance'!I14)
Sampled portfolios,L44,=(J44-'Inputs'!$B$11)/K44
Sampled portfolios,J45,=B45*'Asset assumptions'!E7+C45*'Asset assumptions'!E8+D45*'Asset assumptions'!E9+E45*'Asset assumptions'!E10+F45*'Asset assumptions'!E11+G45*'Asset assumptions'!E12+H45*'Asset assumptions'!E13+I45*'Asset assumptions'!E14
Sampled portfolios,K45,=SQRT(B45*B45*'Covariance'!B7+B45*C45*'Covariance'!C7+B45*D45*'Covariance'!D7+B45*E45*'Covariance'!E7+B45*F45*'Covariance'!F7+B45*G45*'Covariance'!G7+B45*H45*'Covariance'!H7+B45*I45*'Covariance'!I7+C45*B45*'Covariance'!B8+C45*C45*'Covariance'!C8+C45*D45*'Covariance'!D8+C45*E45*'Covariance'!E8+C45*F45*'Covariance'!F8+C45*G45*'Covariance'!G8+C45*H45*'Covariance'!H8+C45*I45*'Covariance'!I8+D45*B45*'Covariance'!B9+D45*C45*'Covariance'!C9+D45*D45*'Covariance'!D9+D45*E45*'Covariance'!E9+D45*F45*'Covariance'!F9+D45*G45*'Covariance'!G9+D45*H45*'Covariance'!H9+D45*I45*'Covariance'!I9+E45*B45*'Covariance'!B10+E45*C45*'Covariance'!C10+E45*D45*'Covariance'!D10+E45*E45*'Covariance'!E10+E45*F45*'Covariance'!F10+E45*G45*'Covariance'!G10+E45*H45*'Covariance'!H10+E45*I45*'Covariance'!I10+F45*B45*'Covariance'!B11+F45*C45*'Covariance'!C11+F45*D45*'Covariance'!D11+F45*E45*'Covariance'!E11+F45*F45*'Covariance'!F11+F45*G45*'Covariance'!G11+F45*H45*'Covariance'!H11+F45*I45*'Covariance'!I11+G45*B45*'Covariance'!B12+G45*C45*'Covariance'!C12+G45*D45*'Covariance'!D12+G45*E45*'Covariance'!E12+G45*F45*'Covariance'!F12+G45*G45*'Covariance'!G12+G45*H45*'Covariance'!H12+G45*I45*'Covariance'!I12+H45*B45*'Covariance'!B13+H45*C45*'Covariance'!C13+H45*D45*'Covariance'!D13+H45*E45*'Covariance'!E13+H45*F45*'Covariance'!F13+H45*G45*'Covariance'!G13+H45*H45*'Covariance'!H13+H45*I45*'Covariance'!I13+I45*B45*'Covariance'!B14+I45*C45*'Covariance'!C14+I45*D45*'Covariance'!D14+I45*E45*'Covariance'!E14+I45*F45*'Covariance'!F14+I45*G45*'Covariance'!G14+I45*H45*'Covariance'!H14+I45*I45*'Covariance'!I14)
Sampled portfolios,L45,=(J45-'Inputs'!$B$11)/K45
Sampled portfolios,J46,=B46*'Asset assumptions'!E7+C46*'Asset assumptions'!E8+D46*'Asset assumptions'!E9+E46*'Asset assumptions'!E10+F46*'Asset assumptions'!E11+G46*'Asset assumptions'!E12+H46*'Asset assumptions'!E13+I46*'Asset assumptions'!E14
Sampled portfolios,K46,=SQRT(B46*B46*'Covariance'!B7+B46*C46*'Covariance'!C7+B46*D46*'Covariance'!D7+B46*E46*'Covariance'!E7+B46*F46*'Covariance'!F7+B46*G46*'Covariance'!G7+B46*H46*'Covariance'!H7+B46*I46*'Covariance'!I7+C46*B46*'Covariance'!B8+C46*C46*'Covariance'!C8+C46*D46*'Covariance'!D8+C46*E46*'Covariance'!E8+C46*F46*'Covariance'!F8+C46*G46*'Covariance'!G8+C46*H46*'Covariance'!H8+C46*I46*'Covariance'!I8+D46*B46*'Covariance'!B9+D46*C46*'Covariance'!C9+D46*D46*'Covariance'!D9+D46*E46*'Covariance'!E9+D46*F46*'Covariance'!F9+D46*G46*'Covariance'!G9+D46*H46*'Covariance'!H9+D46*I46*'Covariance'!I9+E46*B46*'Covariance'!B10+E46*C46*'Covariance'!C10+E46*D46*'Covariance'!D10+E46*E46*'Covariance'!E10+E46*F46*'Covariance'!F10+E46*G46*'Covariance'!G10+E46*H46*'Covariance'!H10+E46*I46*'Covariance'!I10+F46*B46*'Covariance'!B11+F46*C46*'Covariance'!C11+F46*D46*'Covariance'!D11+F46*E46*'Covariance'!E11+F46*F46*'Covariance'!F11+F46*G46*'Covariance'!G11+F46*H46*'Covariance'!H11+F46*I46*'Covariance'!I11+G46*B46*'Covariance'!B12+G46*C46*'Covariance'!C12+G46*D46*'Covariance'!D12+G46*E46*'Covariance'!E12+G46*F46*'Covariance'!F12+G46*G46*'Covariance'!G12+G46*H46*'Covariance'!H12+G46*I46*'Covariance'!I12+H46*B46*'Covariance'!B13+H46*C46*'Covariance'!C13+H46*D46*'Covariance'!D13+H46*E46*'Covariance'!E13+H46*F46*'Covariance'!F13+H46*G46*'Covariance'!G13+H46*H46*'Covariance'!H13+H46*I46*'Covariance'!I13+I46*B46*'Covariance'!B14+I46*C46*'Covariance'!C14+I46*D46*'Covariance'!D14+I46*E46*'Covariance'!E14+I46*F46*'Covariance'!F14+I46*G46*'Covariance'!G14+I46*H46*'Covariance'!H14+I46*I46*'Covariance'!I14)
Sampled portfolios,L46,=(J46-'Inputs'!$B$11)/K46
Sampled portfolios,J47,=B47*'Asset assumptions'!E7+C47*'Asset assumptions'!E8+D47*'Asset assumptions'!E9+E47*'Asset assumptions'!E10+F47*'Asset assumptions'!E11+G47*'Asset assumptions'!E12+H47*'Asset assumptions'!E13+I47*'Asset assumptions'!E14
Sampled portfolios,K47,=SQRT(B47*B47*'Covariance'!B7+B47*C47*'Covariance'!C7+B47*D47*'Covariance'!D7+B47*E47*'Covariance'!E7+B47*F47*'Covariance'!F7+B47*G47*'Covariance'!G7+B47*H47*'Covariance'!H7+B47*I47*'Covariance'!I7+C47*B47*'Covariance'!B8+C47*C47*'Covariance'!C8+C47*D47*'Covariance'!D8+C47*E47*'Covariance'!E8+C47*F47*'Covariance'!F8+C47*G47*'Covariance'!G8+C47*H47*'Covariance'!H8+C47*I47*'Covariance'!I8+D47*B47*'Covariance'!B9+D47*C47*'Covariance'!C9+D47*D47*'Covariance'!D9+D47*E47*'Covariance'!E9+D47*F47*'Covariance'!F9+D47*G47*'Covariance'!G9+D47*H47*'Covariance'!H9+D47*I47*'Covariance'!I9+E47*B47*'Covariance'!B10+E47*C47*'Covariance'!C10+E47*D47*'Covariance'!D10+E47*E47*'Covariance'!E10+E47*F47*'Covariance'!F10+E47*G47*'Covariance'!G10+E47*H47*'Covariance'!H10+E47*I47*'Covariance'!I10+F47*B47*'Covariance'!B11+F47*C47*'Covariance'!C11+F47*D47*'Covariance'!D11+F47*E47*'Covariance'!E11+F47*F47*'Covariance'!F11+F47*G47*'Covariance'!G11+F47*H47*'Covariance'!H11+F47*I47*'Covariance'!I11+G47*B47*'Covariance'!B12+G47*C47*'Covariance'!C12+G47*D47*'Covariance'!D12+G47*E47*'Covariance'!E12+G47*F47*'Covariance'!F12+G47*G47*'Covariance'!G12+G47*H47*'Covariance'!H12+G47*I47*'Covariance'!I12+H47*B47*'Covariance'!B13+H47*C47*'Covariance'!C13+H47*D47*'Covariance'!D13+H47*E47*'Covariance'!E13+H47*F47*'Covariance'!F13+H47*G47*'Covariance'!G13+H47*H47*'Covariance'!H13+H47*I47*'Covariance'!I13+I47*B47*'Covariance'!B14+I47*C47*'Covariance'!C14+I47*D47*'Covariance'!D14+I47*E47*'Covariance'!E14+I47*F47*'Covariance'!F14+I47*G47*'Covariance'!G14+I47*H47*'Covariance'!H14+I47*I47*'Covariance'!I14)
Sampled portfolios,L47,=(J47-'Inputs'!$B$11)/K47
Sampled portfolios,J48,=B48*'Asset assumptions'!E7+C48*'Asset assumptions'!E8+D48*'Asset assumptions'!E9+E48*'Asset assumptions'!E10+F48*'Asset assumptions'!E11+G48*'Asset assumptions'!E12+H48*'Asset assumptions'!E13+I48*'Asset assumptions'!E14
Sampled portfolios,K48,=SQRT(B48*B48*'Covariance'!B7+B48*C48*'Covariance'!C7+B48*D48*'Covariance'!D7+B48*E48*'Covariance'!E7+B48*F48*'Covariance'!F7+B48*G48*'Covariance'!G7+B48*H48*'Covariance'!H7+B48*I48*'Covariance'!I7+C48*B48*'Covariance'!B8+C48*C48*'Covariance'!C8+C48*D48*'Covariance'!D8+C48*E48*'Covariance'!E8+C48*F48*'Covariance'!F8+C48*G48*'Covariance'!G8+C48*H48*'Covariance'!H8+C48*I48*'Covariance'!I8+D48*B48*'Covariance'!B9+D48*C48*'Covariance'!C9+D48*D48*'Covariance'!D9+D48*E48*'Covariance'!E9+D48*F48*'Covariance'!F9+D48*G48*'Covariance'!G9+D48*H48*'Covariance'!H9+D48*I48*'Covariance'!I9+E48*B48*'Covariance'!B10+E48*C48*'Covariance'!C10+E48*D48*'Covariance'!D10+E48*E48*'Covariance'!E10+E48*F48*'Covariance'!F10+E48*G48*'Covariance'!G10+E48*H48*'Covariance'!H10+E48*I48*'Covariance'!I10+F48*B48*'Covariance'!B11+F48*C48*'Covariance'!C11+F48*D48*'Covariance'!D11+F48*E48*'Covariance'!E11+F48*F48*'Covariance'!F11+F48*G48*'Covariance'!G11+F48*H48*'Covariance'!H11+F48*I48*'Covariance'!I11+G48*B48*'Covariance'!B12+G48*C48*'Covariance'!C12+G48*D48*'Covariance'!D12+G48*E48*'Covariance'!E12+G48*F48*'Covariance'!F12+G48*G48*'Covariance'!G12+G48*H48*'Covariance'!H12+G48*I48*'Covariance'!I12+H48*B48*'Covariance'!B13+H48*C48*'Covariance'!C13+H48*D48*'Covariance'!D13+H48*E48*'Covariance'!E13+H48*F48*'Covariance'!F13+H48*G48*'Covariance'!G13+H48*H48*'Covariance'!H13+H48*I48*'Covariance'!I13+I48*B48*'Covariance'!B14+I48*C48*'Covariance'!C14+I48*D48*'Covariance'!D14+I48*E48*'Covariance'!E14+I48*F48*'Covariance'!F14+I48*G48*'Covariance'!G14+I48*H48*'Covariance'!H14+I48*I48*'Covariance'!I14)
Sampled portfolios,L48,=(J48-'Inputs'!$B$11)/K48
Sampled portfolios,J49,=B49*'Asset assumptions'!E7+C49*'Asset assumptions'!E8+D49*'Asset assumptions'!E9+E49*'Asset assumptions'!E10+F49*'Asset assumptions'!E11+G49*'Asset assumptions'!E12+H49*'Asset assumptions'!E13+I49*'Asset assumptions'!E14
Sampled portfolios,K49,=SQRT(B49*B49*'Covariance'!B7+B49*C49*'Covariance'!C7+B49*D49*'Covariance'!D7+B49*E49*'Covariance'!E7+B49*F49*'Covariance'!F7+B49*G49*'Covariance'!G7+B49*H49*'Covariance'!H7+B49*I49*'Covariance'!I7+C49*B49*'Covariance'!B8+C49*C49*'Covariance'!C8+C49*D49*'Covariance'!D8+C49*E49*'Covariance'!E8+C49*F49*'Covariance'!F8+C49*G49*'Covariance'!G8+C49*H49*'Covariance'!H8+C49*I49*'Covariance'!I8+D49*B49*'Covariance'!B9+D49*C49*'Covariance'!C9+D49*D49*'Covariance'!D9+D49*E49*'Covariance'!E9+D49*F49*'Covariance'!F9+D49*G49*'Covariance'!G9+D49*H49*'Covariance'!H9+D49*I49*'Covariance'!I9+E49*B49*'Covariance'!B10+E49*C49*'Covariance'!C10+E49*D49*'Covariance'!D10+E49*E49*'Covariance'!E10+E49*F49*'Covariance'!F10+E49*G49*'Covariance'!G10+E49*H49*'Covariance'!H10+E49*I49*'Covariance'!I10+F49*B49*'Covariance'!B11+F49*C49*'Covariance'!C11+F49*D49*'Covariance'!D11+F49*E49*'Covariance'!E11+F49*F49*'Covariance'!F11+F49*G49*'Covariance'!G11+F49*H49*'Covariance'!H11+F49*I49*'Covariance'!I11+G49*B49*'Covariance'!B12+G49*C49*'Covariance'!C12+G49*D49*'Covariance'!D12+G49*E49*'Covariance'!E12+G49*F49*'Covariance'!F12+G49*G49*'Covariance'!G12+G49*H49*'Covariance'!H12+G49*I49*'Covariance'!I12+H49*B49*'Covariance'!B13+H49*C49*'Covariance'!C13+H49*D49*'Covariance'!D13+H49*E49*'Covariance'!E13+H49*F49*'Covariance'!F13+H49*G49*'Covariance'!G13+H49*H49*'Covariance'!H13+H49*I49*'Covariance'!I13+I49*B49*'Covariance'!B14+I49*C49*'Covariance'!C14+I49*D49*'Covariance'!D14+I49*E49*'Covariance'!E14+I49*F49*'Covariance'!F14+I49*G49*'Covariance'!G14+I49*H49*'Covariance'!H14+I49*I49*'Covariance'!I14)
Sampled portfolios,L49,=(J49-'Inputs'!$B$11)/K49
Sampled portfolios,J50,=B50*'Asset assumptions'!E7+C50*'Asset assumptions'!E8+D50*'Asset assumptions'!E9+E50*'Asset assumptions'!E10+F50*'Asset assumptions'!E11+G50*'Asset assumptions'!E12+H50*'Asset assumptions'!E13+I50*'Asset assumptions'!E14
Sampled portfolios,K50,=SQRT(B50*B50*'Covariance'!B7+B50*C50*'Covariance'!C7+B50*D50*'Covariance'!D7+B50*E50*'Covariance'!E7+B50*F50*'Covariance'!F7+B50*G50*'Covariance'!G7+B50*H50*'Covariance'!H7+B50*I50*'Covariance'!I7+C50*B50*'Covariance'!B8+C50*C50*'Covariance'!C8+C50*D50*'Covariance'!D8+C50*E50*'Covariance'!E8+C50*F50*'Covariance'!F8+C50*G50*'Covariance'!G8+C50*H50*'Covariance'!H8+C50*I50*'Covariance'!I8+D50*B50*'Covariance'!B9+D50*C50*'Covariance'!C9+D50*D50*'Covariance'!D9+D50*E50*'Covariance'!E9+D50*F50*'Covariance'!F9+D50*G50*'Covariance'!G9+D50*H50*'Covariance'!H9+D50*I50*'Covariance'!I9+E50*B50*'Covariance'!B10+E50*C50*'Covariance'!C10+E50*D50*'Covariance'!D10+E50*E50*'Covariance'!E10+E50*F50*'Covariance'!F10+E50*G50*'Covariance'!G10+E50*H50*'Covariance'!H10+E50*I50*'Covariance'!I10+F50*B50*'Covariance'!B11+F50*C50*'Covariance'!C11+F50*D50*'Covariance'!D11+F50*E50*'Covariance'!E11+F50*F50*'Covariance'!F11+F50*G50*'Covariance'!G11+F50*H50*'Covariance'!H11+F50*I50*'Covariance'!I11+G50*B50*'Covariance'!B12+G50*C50*'Covariance'!C12+G50*D50*'Covariance'!D12+G50*E50*'Covariance'!E12+G50*F50*'Covariance'!F12+G50*G50*'Covariance'!G12+G50*H50*'Covariance'!H12+G50*I50*'Covariance'!I12+H50*B50*'Covariance'!B13+H50*C50*'Covariance'!C13+H50*D50*'Covariance'!D13+H50*E50*'Covariance'!E13+H50*F50*'Covariance'!F13+H50*G50*'Covariance'!G13+H50*H50*'Covariance'!H13+H50*I50*'Covariance'!I13+I50*B50*'Covariance'!B14+I50*C50*'Covariance'!C14+I50*D50*'Covariance'!D14+I50*E50*'Covariance'!E14+I50*F50*'Covariance'!F14+I50*G50*'Covariance'!G14+I50*H50*'Covariance'!H14+I50*I50*'Covariance'!I14)
Sampled portfolios,L50,=(J50-'Inputs'!$B$11)/K50
Sampled portfolios,J51,=B51*'Asset assumptions'!E7+C51*'Asset assumptions'!E8+D51*'Asset assumptions'!E9+E51*'Asset assumptions'!E10+F51*'Asset assumptions'!E11+G51*'Asset assumptions'!E12+H51*'Asset assumptions'!E13+I51*'Asset assumptions'!E14
Sampled portfolios,K51,=SQRT(B51*B51*'Covariance'!B7+B51*C51*'Covariance'!C7+B51*D51*'Covariance'!D7+B51*E51*'Covariance'!E7+B51*F51*'Covariance'!F7+B51*G51*'Covariance'!G7+B51*H51*'Covariance'!H7+B51*I51*'Covariance'!I7+C51*B51*'Covariance'!B8+C51*C51*'Covariance'!C8+C51*D51*'Covariance'!D8+C51*E51*'Covariance'!E8+C51*F51*'Covariance'!F8+C51*G51*'Covariance'!G8+C51*H51*'Covariance'!H8+C51*I51*'Covariance'!I8+D51*B51*'Covariance'!B9+D51*C51*'Covariance'!C9+D51*D51*'Covariance'!D9+D51*E51*'Covariance'!E9+D51*F51*'Covariance'!F9+D51*G51*'Covariance'!G9+D51*H51*'Covariance'!H9+D51*I51*'Covariance'!I9+E51*B51*'Covariance'!B10+E51*C51*'Covariance'!C10+E51*D51*'Covariance'!D10+E51*E51*'Covariance'!E10+E51*F51*'Covariance'!F10+E51*G51*'Covariance'!G10+E51*H51*'Covariance'!H10+E51*I51*'Covariance'!I10+F51*B51*'Covariance'!B11+F51*C51*'Covariance'!C11+F51*D51*'Covariance'!D11+F51*E51*'Covariance'!E11+F51*F51*'Covariance'!F11+F51*G51*'Covariance'!G11+F51*H51*'Covariance'!H11+F51*I51*'Covariance'!I11+G51*B51*'Covariance'!B12+G51*C51*'Covariance'!C12+G51*D51*'Covariance'!D12+G51*E51*'Covariance'!E12+G51*F51*'Covariance'!F12+G51*G51*'Covariance'!G12+G51*H51*'Covariance'!H12+G51*I51*'Covariance'!I12+H51*B51*'Covariance'!B13+H51*C51*'Covariance'!C13+H51*D51*'Covariance'!D13+H51*E51*'Covariance'!E13+H51*F51*'Covariance'!F13+H51*G51*'Covariance'!G13+H51*H51*'Covariance'!H13+H51*I51*'Covariance'!I13+I51*B51*'Covariance'!B14+I51*C51*'Covariance'!C14+I51*D51*'Covariance'!D14+I51*E51*'Covariance'!E14+I51*F51*'Covariance'!F14+I51*G51*'Covariance'!G14+I51*H51*'Covariance'!H14+I51*I51*'Covariance'!I14)
Sampled portfolios,L51,=(J51-'Inputs'!$B$11)/K51
Sampled portfolios,J52,=B52*'Asset assumptions'!E7+C52*'Asset assumptions'!E8+D52*'Asset assumptions'!E9+E52*'Asset assumptions'!E10+F52*'Asset assumptions'!E11+G52*'Asset assumptions'!E12+H52*'Asset assumptions'!E13+I52*'Asset assumptions'!E14
Sampled portfolios,K52,=SQRT(B52*B52*'Covariance'!B7+B52*C52*'Covariance'!C7+B52*D52*'Covariance'!D7+B52*E52*'Covariance'!E7+B52*F52*'Covariance'!F7+B52*G52*'Covariance'!G7+B52*H52*'Covariance'!H7+B52*I52*'Covariance'!I7+C52*B52*'Covariance'!B8+C52*C52*'Covariance'!C8+C52*D52*'Covariance'!D8+C52*E52*'Covariance'!E8+C52*F52*'Covariance'!F8+C52*G52*'Covariance'!G8+C52*H52*'Covariance'!H8+C52*I52*'Covariance'!I8+D52*B52*'Covariance'!B9+D52*C52*'Covariance'!C9+D52*D52*'Covariance'!D9+D52*E52*'Covariance'!E9+D52*F52*'Covariance'!F9+D52*G52*'Covariance'!G9+D52*H52*'Covariance'!H9+D52*I52*'Covariance'!I9+E52*B52*'Covariance'!B10+E52*C52*'Covariance'!C10+E52*D52*'Covariance'!D10+E52*E52*'Covariance'!E10+E52*F52*'Covariance'!F10+E52*G52*'Covariance'!G10+E52*H52*'Covariance'!H10+E52*I52*'Covariance'!I10+F52*B52*'Covariance'!B11+F52*C52*'Covariance'!C11+F52*D52*'Covariance'!D11+F52*E52*'Covariance'!E11+F52*F52*'Covariance'!F11+F52*G52*'Covariance'!G11+F52*H52*'Covariance'!H11+F52*I52*'Covariance'!I11+G52*B52*'Covariance'!B12+G52*C52*'Covariance'!C12+G52*D52*'Covariance'!D12+G52*E52*'Covariance'!E12+G52*F52*'Covariance'!F12+G52*G52*'Covariance'!G12+G52*H52*'Covariance'!H12+G52*I52*'Covariance'!I12+H52*B52*'Covariance'!B13+H52*C52*'Covariance'!C13+H52*D52*'Covariance'!D13+H52*E52*'Covariance'!E13+H52*F52*'Covariance'!F13+H52*G52*'Covariance'!G13+H52*H52*'Covariance'!H13+H52*I52*'Covariance'!I13+I52*B52*'Covariance'!B14+I52*C52*'Covariance'!C14+I52*D52*'Covariance'!D14+I52*E52*'Covariance'!E14+I52*F52*'Covariance'!F14+I52*G52*'Covariance'!G14+I52*H52*'Covariance'!H14+I52*I52*'Covariance'!I14)
Sampled portfolios,L52,=(J52-'Inputs'!$B$11)/K52
Sampled portfolios,J53,=B53*'Asset assumptions'!E7+C53*'Asset assumptions'!E8+D53*'Asset assumptions'!E9+E53*'Asset assumptions'!E10+F53*'Asset assumptions'!E11+G53*'Asset assumptions'!E12+H53*'Asset assumptions'!E13+I53*'Asset assumptions'!E14
Sampled portfolios,K53,=SQRT(B53*B53*'Covariance'!B7+B53*C53*'Covariance'!C7+B53*D53*'Covariance'!D7+B53*E53*'Covariance'!E7+B53*F53*'Covariance'!F7+B53*G53*'Covariance'!G7+B53*H53*'Covariance'!H7+B53*I53*'Covariance'!I7+C53*B53*'Covariance'!B8+C53*C53*'Covariance'!C8+C53*D53*'Covariance'!D8+C53*E53*'Covariance'!E8+C53*F53*'Covariance'!F8+C53*G53*'Covariance'!G8+C53*H53*'Covariance'!H8+C53*I53*'Covariance'!I8+D53*B53*'Covariance'!B9+D53*C53*'Covariance'!C9+D53*D53*'Covariance'!D9+D53*E53*'Covariance'!E9+D53*F53*'Covariance'!F9+D53*G53*'Covariance'!G9+D53*H53*'Covariance'!H9+D53*I53*'Covariance'!I9+E53*B53*'Covariance'!B10+E53*C53*'Covariance'!C10+E53*D53*'Covariance'!D10+E53*E53*'Covariance'!E10+E53*F53*'Covariance'!F10+E53*G53*'Covariance'!G10+E53*H53*'Covariance'!H10+E53*I53*'Covariance'!I10+F53*B53*'Covariance'!B11+F53*C53*'Covariance'!C11+F53*D53*'Covariance'!D11+F53*E53*'Covariance'!E11+F53*F53*'Covariance'!F11+F53*G53*'Covariance'!G11+F53*H53*'Covariance'!H11+F53*I53*'Covariance'!I11+G53*B53*'Covariance'!B12+G53*C53*'Covariance'!C12+G53*D53*'Covariance'!D12+G53*E53*'Covariance'!E12+G53*F53*'Covariance'!F12+G53*G53*'Covariance'!G12+G53*H53*'Covariance'!H12+G53*I53*'Covariance'!I12+H53*B53*'Covariance'!B13+H53*C53*'Covariance'!C13+H53*D53*'Covariance'!D13+H53*E53*'Covariance'!E13+H53*F53*'Covariance'!F13+H53*G53*'Covariance'!G13+H53*H53*'Covariance'!H13+H53*I53*'Covariance'!I13+I53*B53*'Covariance'!B14+I53*C53*'Covariance'!C14+I53*D53*'Covariance'!D14+I53*E53*'Covariance'!E14+I53*F53*'Covariance'!F14+I53*G53*'Covariance'!G14+I53*H53*'Covariance'!H14+I53*I53*'Covariance'!I14)
Sampled portfolios,L53,=(J53-'Inputs'!$B$11)/K53
Sampled portfolios,J54,=B54*'Asset assumptions'!E7+C54*'Asset assumptions'!E8+D54*'Asset assumptions'!E9+E54*'Asset assumptions'!E10+F54*'Asset assumptions'!E11+G54*'Asset assumptions'!E12+H54*'Asset assumptions'!E13+I54*'Asset assumptions'!E14
Sampled portfolios,K54,=SQRT(B54*B54*'Covariance'!B7+B54*C54*'Covariance'!C7+B54*D54*'Covariance'!D7+B54*E54*'Covariance'!E7+B54*F54*'Covariance'!F7+B54*G54*'Covariance'!G7+B54*H54*'Covariance'!H7+B54*I54*'Covariance'!I7+C54*B54*'Covariance'!B8+C54*C54*'Covariance'!C8+C54*D54*'Covariance'!D8+C54*E54*'Covariance'!E8+C54*F54*'Covariance'!F8+C54*G54*'Covariance'!G8+C54*H54*'Covariance'!H8+C54*I54*'Covariance'!I8+D54*B54*'Covariance'!B9+D54*C54*'Covariance'!C9+D54*D54*'Covariance'!D9+D54*E54*'Covariance'!E9+D54*F54*'Covariance'!F9+D54*G54*'Covariance'!G9+D54*H54*'Covariance'!H9+D54*I54*'Covariance'!I9+E54*B54*'Covariance'!B10+E54*C54*'Covariance'!C10+E54*D54*'Covariance'!D10+E54*E54*'Covariance'!E10+E54*F54*'Covariance'!F10+E54*G54*'Covariance'!G10+E54*H54*'Covariance'!H10+E54*I54*'Covariance'!I10+F54*B54*'Covariance'!B11+F54*C54*'Covariance'!C11+F54*D54*'Covariance'!D11+F54*E54*'Covariance'!E11+F54*F54*'Covariance'!F11+F54*G54*'Covariance'!G11+F54*H54*'Covariance'!H11+F54*I54*'Covariance'!I11+G54*B54*'Covariance'!B12+G54*C54*'Covariance'!C12+G54*D54*'Covariance'!D12+G54*E54*'Covariance'!E12+G54*F54*'Covariance'!F12+G54*G54*'Covariance'!G12+G54*H54*'Covariance'!H12+G54*I54*'Covariance'!I12+H54*B54*'Covariance'!B13+H54*C54*'Covariance'!C13+H54*D54*'Covariance'!D13+H54*E54*'Covariance'!E13+H54*F54*'Covariance'!F13+H54*G54*'Covariance'!G13+H54*H54*'Covariance'!H13+H54*I54*'Covariance'!I13+I54*B54*'Covariance'!B14+I54*C54*'Covariance'!C14+I54*D54*'Covariance'!D14+I54*E54*'Covariance'!E14+I54*F54*'Covariance'!F14+I54*G54*'Covariance'!G14+I54*H54*'Covariance'!H14+I54*I54*'Covariance'!I14)
Sampled portfolios,L54,=(J54-'Inputs'!$B$11)/K54
Sampled portfolios,J55,=B55*'Asset assumptions'!E7+C55*'Asset assumptions'!E8+D55*'Asset assumptions'!E9+E55*'Asset assumptions'!E10+F55*'Asset assumptions'!E11+G55*'Asset assumptions'!E12+H55*'Asset assumptions'!E13+I55*'Asset assumptions'!E14
Sampled portfolios,K55,=SQRT(B55*B55*'Covariance'!B7+B55*C55*'Covariance'!C7+B55*D55*'Covariance'!D7+B55*E55*'Covariance'!E7+B55*F55*'Covariance'!F7+B55*G55*'Covariance'!G7+B55*H55*'Covariance'!H7+B55*I55*'Covariance'!I7+C55*B55*'Covariance'!B8+C55*C55*'Covariance'!C8+C55*D55*'Covariance'!D8+C55*E55*'Covariance'!E8+C55*F55*'Covariance'!F8+C55*G55*'Covariance'!G8+C55*H55*'Covariance'!H8+C55*I55*'Covariance'!I8+D55*B55*'Covariance'!B9+D55*C55*'Covariance'!C9+D55*D55*'Covariance'!D9+D55*E55*'Covariance'!E9+D55*F55*'Covariance'!F9+D55*G55*'Covariance'!G9+D55*H55*'Covariance'!H9+D55*I55*'Covariance'!I9+E55*B55*'Covariance'!B10+E55*C55*'Covariance'!C10+E55*D55*'Covariance'!D10+E55*E55*'Covariance'!E10+E55*F55*'Covariance'!F10+E55*G55*'Covariance'!G10+E55*H55*'Covariance'!H10+E55*I55*'Covariance'!I10+F55*B55*'Covariance'!B11+F55*C55*'Covariance'!C11+F55*D55*'Covariance'!D11+F55*E55*'Covariance'!E11+F55*F55*'Covariance'!F11+F55*G55*'Covariance'!G11+F55*H55*'Covariance'!H11+F55*I55*'Covariance'!I11+G55*B55*'Covariance'!B12+G55*C55*'Covariance'!C12+G55*D55*'Covariance'!D12+G55*E55*'Covariance'!E12+G55*F55*'Covariance'!F12+G55*G55*'Covariance'!G12+G55*H55*'Covariance'!H12+G55*I55*'Covariance'!I12+H55*B55*'Covariance'!B13+H55*C55*'Covariance'!C13+H55*D55*'Covariance'!D13+H55*E55*'Covariance'!E13+H55*F55*'Covariance'!F13+H55*G55*'Covariance'!G13+H55*H55*'Covariance'!H13+H55*I55*'Covariance'!I13+I55*B55*'Covariance'!B14+I55*C55*'Covariance'!C14+I55*D55*'Covariance'!D14+I55*E55*'Covariance'!E14+I55*F55*'Covariance'!F14+I55*G55*'Covariance'!G14+I55*H55*'Covariance'!H14+I55*I55*'Covariance'!I14)
Sampled portfolios,L55,=(J55-'Inputs'!$B$11)/K55
Sampled portfolios,J56,=B56*'Asset assumptions'!E7+C56*'Asset assumptions'!E8+D56*'Asset assumptions'!E9+E56*'Asset assumptions'!E10+F56*'Asset assumptions'!E11+G56*'Asset assumptions'!E12+H56*'Asset assumptions'!E13+I56*'Asset assumptions'!E14
Sampled portfolios,K56,=SQRT(B56*B56*'Covariance'!B7+B56*C56*'Covariance'!C7+B56*D56*'Covariance'!D7+B56*E56*'Covariance'!E7+B56*F56*'Covariance'!F7+B56*G56*'Covariance'!G7+B56*H56*'Covariance'!H7+B56*I56*'Covariance'!I7+C56*B56*'Covariance'!B8+C56*C56*'Covariance'!C8+C56*D56*'Covariance'!D8+C56*E56*'Covariance'!E8+C56*F56*'Covariance'!F8+C56*G56*'Covariance'!G8+C56*H56*'Covariance'!H8+C56*I56*'Covariance'!I8+D56*B56*'Covariance'!B9+D56*C56*'Covariance'!C9+D56*D56*'Covariance'!D9+D56*E56*'Covariance'!E9+D56*F56*'Covariance'!F9+D56*G56*'Covariance'!G9+D56*H56*'Covariance'!H9+D56*I56*'Covariance'!I9+E56*B56*'Covariance'!B10+E56*C56*'Covariance'!C10+E56*D56*'Covariance'!D10+E56*E56*'Covariance'!E10+E56*F56*'Covariance'!F10+E56*G56*'Covariance'!G10+E56*H56*'Covariance'!H10+E56*I56*'Covariance'!I10+F56*B56*'Covariance'!B11+F56*C56*'Covariance'!C11+F56*D56*'Covariance'!D11+F56*E56*'Covariance'!E11+F56*F56*'Covariance'!F11+F56*G56*'Covariance'!G11+F56*H56*'Covariance'!H11+F56*I56*'Covariance'!I11+G56*B56*'Covariance'!B12+G56*C56*'Covariance'!C12+G56*D56*'Covariance'!D12+G56*E56*'Covariance'!E12+G56*F56*'Covariance'!F12+G56*G56*'Covariance'!G12+G56*H56*'Covariance'!H12+G56*I56*'Covariance'!I12+H56*B56*'Covariance'!B13+H56*C56*'Covariance'!C13+H56*D56*'Covariance'!D13+H56*E56*'Covariance'!E13+H56*F56*'Covariance'!F13+H56*G56*'Covariance'!G13+H56*H56*'Covariance'!H13+H56*I56*'Covariance'!I13+I56*B56*'Covariance'!B14+I56*C56*'Covariance'!C14+I56*D56*'Covariance'!D14+I56*E56*'Covariance'!E14+I56*F56*'Covariance'!F14+I56*G56*'Covariance'!G14+I56*H56*'Covariance'!H14+I56*I56*'Covariance'!I14)
Sampled portfolios,L56,=(J56-'Inputs'!$B$11)/K56
Sampled portfolios,J57,=B57*'Asset assumptions'!E7+C57*'Asset assumptions'!E8+D57*'Asset assumptions'!E9+E57*'Asset assumptions'!E10+F57*'Asset assumptions'!E11+G57*'Asset assumptions'!E12+H57*'Asset assumptions'!E13+I57*'Asset assumptions'!E14
Sampled portfolios,K57,=SQRT(B57*B57*'Covariance'!B7+B57*C57*'Covariance'!C7+B57*D57*'Covariance'!D7+B57*E57*'Covariance'!E7+B57*F57*'Covariance'!F7+B57*G57*'Covariance'!G7+B57*H57*'Covariance'!H7+B57*I57*'Covariance'!I7+C57*B57*'Covariance'!B8+C57*C57*'Covariance'!C8+C57*D57*'Covariance'!D8+C57*E57*'Covariance'!E8+C57*F57*'Covariance'!F8+C57*G57*'Covariance'!G8+C57*H57*'Covariance'!H8+C57*I57*'Covariance'!I8+D57*B57*'Covariance'!B9+D57*C57*'Covariance'!C9+D57*D57*'Covariance'!D9+D57*E57*'Covariance'!E9+D57*F57*'Covariance'!F9+D57*G57*'Covariance'!G9+D57*H57*'Covariance'!H9+D57*I57*'Covariance'!I9+E57*B57*'Covariance'!B10+E57*C57*'Covariance'!C10+E57*D57*'Covariance'!D10+E57*E57*'Covariance'!E10+E57*F57*'Covariance'!F10+E57*G57*'Covariance'!G10+E57*H57*'Covariance'!H10+E57*I57*'Covariance'!I10+F57*B57*'Covariance'!B11+F57*C57*'Covariance'!C11+F57*D57*'Covariance'!D11+F57*E57*'Covariance'!E11+F57*F57*'Covariance'!F11+F57*G57*'Covariance'!G11+F57*H57*'Covariance'!H11+F57*I57*'Covariance'!I11+G57*B57*'Covariance'!B12+G57*C57*'Covariance'!C12+G57*D57*'Covariance'!D12+G57*E57*'Covariance'!E12+G57*F57*'Covariance'!F12+G57*G57*'Covariance'!G12+G57*H57*'Covariance'!H12+G57*I57*'Covariance'!I12+H57*B57*'Covariance'!B13+H57*C57*'Covariance'!C13+H57*D57*'Covariance'!D13+H57*E57*'Covariance'!E13+H57*F57*'Covariance'!F13+H57*G57*'Covariance'!G13+H57*H57*'Covariance'!H13+H57*I57*'Covariance'!I13+I57*B57*'Covariance'!B14+I57*C57*'Covariance'!C14+I57*D57*'Covariance'!D14+I57*E57*'Covariance'!E14+I57*F57*'Covariance'!F14+I57*G57*'Covariance'!G14+I57*H57*'Covariance'!H14+I57*I57*'Covariance'!I14)
Sampled portfolios,L57,=(J57-'Inputs'!$B$11)/K57
Sampled portfolios,J58,=B58*'Asset assumptions'!E7+C58*'Asset assumptions'!E8+D58*'Asset assumptions'!E9+E58*'Asset assumptions'!E10+F58*'Asset assumptions'!E11+G58*'Asset assumptions'!E12+H58*'Asset assumptions'!E13+I58*'Asset assumptions'!E14
Sampled portfolios,K58,=SQRT(B58*B58*'Covariance'!B7+B58*C58*'Covariance'!C7+B58*D58*'Covariance'!D7+B58*E58*'Covariance'!E7+B58*F58*'Covariance'!F7+B58*G58*'Covariance'!G7+B58*H58*'Covariance'!H7+B58*I58*'Covariance'!I7+C58*B58*'Covariance'!B8+C58*C58*'Covariance'!C8+C58*D58*'Covariance'!D8+C58*E58*'Covariance'!E8+C58*F58*'Covariance'!F8+C58*G58*'Covariance'!G8+C58*H58*'Covariance'!H8+C58*I58*'Covariance'!I8+D58*B58*'Covariance'!B9+D58*C58*'Covariance'!C9+D58*D58*'Covariance'!D9+D58*E58*'Covariance'!E9+D58*F58*'Covariance'!F9+D58*G58*'Covariance'!G9+D58*H58*'Covariance'!H9+D58*I58*'Covariance'!I9+E58*B58*'Covariance'!B10+E58*C58*'Covariance'!C10+E58*D58*'Covariance'!D10+E58*E58*'Covariance'!E10+E58*F58*'Covariance'!F10+E58*G58*'Covariance'!G10+E58*H58*'Covariance'!H10+E58*I58*'Covariance'!I10+F58*B58*'Covariance'!B11+F58*C58*'Covariance'!C11+F58*D58*'Covariance'!D11+F58*E58*'Covariance'!E11+F58*F58*'Covariance'!F11+F58*G58*'Covariance'!G11+F58*H58*'Covariance'!H11+F58*I58*'Covariance'!I11+G58*B58*'Covariance'!B12+G58*C58*'Covariance'!C12+G58*D58*'Covariance'!D12+G58*E58*'Covariance'!E12+G58*F58*'Covariance'!F12+G58*G58*'Covariance'!G12+G58*H58*'Covariance'!H12+G58*I58*'Covariance'!I12+H58*B58*'Covariance'!B13+H58*C58*'Covariance'!C13+H58*D58*'Covariance'!D13+H58*E58*'Covariance'!E13+H58*F58*'Covariance'!F13+H58*G58*'Covariance'!G13+H58*H58*'Covariance'!H13+H58*I58*'Covariance'!I13+I58*B58*'Covariance'!B14+I58*C58*'Covariance'!C14+I58*D58*'Covariance'!D14+I58*E58*'Covariance'!E14+I58*F58*'Covariance'!F14+I58*G58*'Covariance'!G14+I58*H58*'Covariance'!H14+I58*I58*'Covariance'!I14)
Sampled portfolios,L58,=(J58-'Inputs'!$B$11)/K58
Sampled portfolios,J59,=B59*'Asset assumptions'!E7+C59*'Asset assumptions'!E8+D59*'Asset assumptions'!E9+E59*'Asset assumptions'!E10+F59*'Asset assumptions'!E11+G59*'Asset assumptions'!E12+H59*'Asset assumptions'!E13+I59*'Asset assumptions'!E14
Sampled portfolios,K59,=SQRT(B59*B59*'Covariance'!B7+B59*C59*'Covariance'!C7+B59*D59*'Covariance'!D7+B59*E59*'Covariance'!E7+B59*F59*'Covariance'!F7+B59*G59*'Covariance'!G7+B59*H59*'Covariance'!H7+B59*I59*'Covariance'!I7+C59*B59*'Covariance'!B8+C59*C59*'Covariance'!C8+C59*D59*'Covariance'!D8+C59*E59*'Covariance'!E8+C59*F59*'Covariance'!F8+C59*G59*'Covariance'!G8+C59*H59*'Covariance'!H8+C59*I59*'Covariance'!I8+D59*B59*'Covariance'!B9+D59*C59*'Covariance'!C9+D59*D59*'Covariance'!D9+D59*E59*'Covariance'!E9+D59*F59*'Covariance'!F9+D59*G59*'Covariance'!G9+D59*H59*'Covariance'!H9+D59*I59*'Covariance'!I9+E59*B59*'Covariance'!B10+E59*C59*'Covariance'!C10+E59*D59*'Covariance'!D10+E59*E59*'Covariance'!E10+E59*F59*'Covariance'!F10+E59*G59*'Covariance'!G10+E59*H59*'Covariance'!H10+E59*I59*'Covariance'!I10+F59*B59*'Covariance'!B11+F59*C59*'Covariance'!C11+F59*D59*'Covariance'!D11+F59*E59*'Covariance'!E11+F59*F59*'Covariance'!F11+F59*G59*'Covariance'!G11+F59*H59*'Covariance'!H11+F59*I59*'Covariance'!I11+G59*B59*'Covariance'!B12+G59*C59*'Covariance'!C12+G59*D59*'Covariance'!D12+G59*E59*'Covariance'!E12+G59*F59*'Covariance'!F12+G59*G59*'Covariance'!G12+G59*H59*'Covariance'!H12+G59*I59*'Covariance'!I12+H59*B59*'Covariance'!B13+H59*C59*'Covariance'!C13+H59*D59*'Covariance'!D13+H59*E59*'Covariance'!E13+H59*F59*'Covariance'!F13+H59*G59*'Covariance'!G13+H59*H59*'Covariance'!H13+H59*I59*'Covariance'!I13+I59*B59*'Covariance'!B14+I59*C59*'Covariance'!C14+I59*D59*'Covariance'!D14+I59*E59*'Covariance'!E14+I59*F59*'Covariance'!F14+I59*G59*'Covariance'!G14+I59*H59*'Covariance'!H14+I59*I59*'Covariance'!I14)
Sampled portfolios,L59,=(J59-'Inputs'!$B$11)/K59
Sampled portfolios,J60,=B60*'Asset assumptions'!E7+C60*'Asset assumptions'!E8+D60*'Asset assumptions'!E9+E60*'Asset assumptions'!E10+F60*'Asset assumptions'!E11+G60*'Asset assumptions'!E12+H60*'Asset assumptions'!E13+I60*'Asset assumptions'!E14
Sampled portfolios,K60,=SQRT(B60*B60*'Covariance'!B7+B60*C60*'Covariance'!C7+B60*D60*'Covariance'!D7+B60*E60*'Covariance'!E7+B60*F60*'Covariance'!F7+B60*G60*'Covariance'!G7+B60*H60*'Covariance'!H7+B60*I60*'Covariance'!I7+C60*B60*'Covariance'!B8+C60*C60*'Covariance'!C8+C60*D60*'Covariance'!D8+C60*E60*'Covariance'!E8+C60*F60*'Covariance'!F8+C60*G60*'Covariance'!G8+C60*H60*'Covariance'!H8+C60*I60*'Covariance'!I8+D60*B60*'Covariance'!B9+D60*C60*'Covariance'!C9+D60*D60*'Covariance'!D9+D60*E60*'Covariance'!E9+D60*F60*'Covariance'!F9+D60*G60*'Covariance'!G9+D60*H60*'Covariance'!H9+D60*I60*'Covariance'!I9+E60*B60*'Covariance'!B10+E60*C60*'Covariance'!C10+E60*D60*'Covariance'!D10+E60*E60*'Covariance'!E10+E60*F60*'Covariance'!F10+E60*G60*'Covariance'!G10+E60*H60*'Covariance'!H10+E60*I60*'Covariance'!I10+F60*B60*'Covariance'!B11+F60*C60*'Covariance'!C11+F60*D60*'Covariance'!D11+F60*E60*'Covariance'!E11+F60*F60*'Covariance'!F11+F60*G60*'Covariance'!G11+F60*H60*'Covariance'!H11+F60*I60*'Covariance'!I11+G60*B60*'Covariance'!B12+G60*C60*'Covariance'!C12+G60*D60*'Covariance'!D12+G60*E60*'Covariance'!E12+G60*F60*'Covariance'!F12+G60*G60*'Covariance'!G12+G60*H60*'Covariance'!H12+G60*I60*'Covariance'!I12+H60*B60*'Covariance'!B13+H60*C60*'Covariance'!C13+H60*D60*'Covariance'!D13+H60*E60*'Covariance'!E13+H60*F60*'Covariance'!F13+H60*G60*'Covariance'!G13+H60*H60*'Covariance'!H13+H60*I60*'Covariance'!I13+I60*B60*'Covariance'!B14+I60*C60*'Covariance'!C14+I60*D60*'Covariance'!D14+I60*E60*'Covariance'!E14+I60*F60*'Covariance'!F14+I60*G60*'Covariance'!G14+I60*H60*'Covariance'!H14+I60*I60*'Covariance'!I14)
Sampled portfolios,L60,=(J60-'Inputs'!$B$11)/K60
Sampled portfolios,J61,=B61*'Asset assumptions'!E7+C61*'Asset assumptions'!E8+D61*'Asset assumptions'!E9+E61*'Asset assumptions'!E10+F61*'Asset assumptions'!E11+G61*'Asset assumptions'!E12+H61*'Asset assumptions'!E13+I61*'Asset assumptions'!E14
Sampled portfolios,K61,=SQRT(B61*B61*'Covariance'!B7+B61*C61*'Covariance'!C7+B61*D61*'Covariance'!D7+B61*E61*'Covariance'!E7+B61*F61*'Covariance'!F7+B61*G61*'Covariance'!G7+B61*H61*'Covariance'!H7+B61*I61*'Covariance'!I7+C61*B61*'Covariance'!B8+C61*C61*'Covariance'!C8+C61*D61*'Covariance'!D8+C61*E61*'Covariance'!E8+C61*F61*'Covariance'!F8+C61*G61*'Covariance'!G8+C61*H61*'Covariance'!H8+C61*I61*'Covariance'!I8+D61*B61*'Covariance'!B9+D61*C61*'Covariance'!C9+D61*D61*'Covariance'!D9+D61*E61*'Covariance'!E9+D61*F61*'Covariance'!F9+D61*G61*'Covariance'!G9+D61*H61*'Covariance'!H9+D61*I61*'Covariance'!I9+E61*B61*'Covariance'!B10+E61*C61*'Covariance'!C10+E61*D61*'Covariance'!D10+E61*E61*'Covariance'!E10+E61*F61*'Covariance'!F10+E61*G61*'Covariance'!G10+E61*H61*'Covariance'!H10+E61*I61*'Covariance'!I10+F61*B61*'Covariance'!B11+F61*C61*'Covariance'!C11+F61*D61*'Covariance'!D11+F61*E61*'Covariance'!E11+F61*F61*'Covariance'!F11+F61*G61*'Covariance'!G11+F61*H61*'Covariance'!H11+F61*I61*'Covariance'!I11+G61*B61*'Covariance'!B12+G61*C61*'Covariance'!C12+G61*D61*'Covariance'!D12+G61*E61*'Covariance'!E12+G61*F61*'Covariance'!F12+G61*G61*'Covariance'!G12+G61*H61*'Covariance'!H12+G61*I61*'Covariance'!I12+H61*B61*'Covariance'!B13+H61*C61*'Covariance'!C13+H61*D61*'Covariance'!D13+H61*E61*'Covariance'!E13+H61*F61*'Covariance'!F13+H61*G61*'Covariance'!G13+H61*H61*'Covariance'!H13+H61*I61*'Covariance'!I13+I61*B61*'Covariance'!B14+I61*C61*'Covariance'!C14+I61*D61*'Covariance'!D14+I61*E61*'Covariance'!E14+I61*F61*'Covariance'!F14+I61*G61*'Covariance'!G14+I61*H61*'Covariance'!H14+I61*I61*'Covariance'!I14)
Sampled portfolios,L61,=(J61-'Inputs'!$B$11)/K61
Sampled portfolios,J62,=B62*'Asset assumptions'!E7+C62*'Asset assumptions'!E8+D62*'Asset assumptions'!E9+E62*'Asset assumptions'!E10+F62*'Asset assumptions'!E11+G62*'Asset assumptions'!E12+H62*'Asset assumptions'!E13+I62*'Asset assumptions'!E14
Sampled portfolios,K62,=SQRT(B62*B62*'Covariance'!B7+B62*C62*'Covariance'!C7+B62*D62*'Covariance'!D7+B62*E62*'Covariance'!E7+B62*F62*'Covariance'!F7+B62*G62*'Covariance'!G7+B62*H62*'Covariance'!H7+B62*I62*'Covariance'!I7+C62*B62*'Covariance'!B8+C62*C62*'Covariance'!C8+C62*D62*'Covariance'!D8+C62*E62*'Covariance'!E8+C62*F62*'Covariance'!F8+C62*G62*'Covariance'!G8+C62*H62*'Covariance'!H8+C62*I62*'Covariance'!I8+D62*B62*'Covariance'!B9+D62*C62*'Covariance'!C9+D62*D62*'Covariance'!D9+D62*E62*'Covariance'!E9+D62*F62*'Covariance'!F9+D62*G62*'Covariance'!G9+D62*H62*'Covariance'!H9+D62*I62*'Covariance'!I9+E62*B62*'Covariance'!B10+E62*C62*'Covariance'!C10+E62*D62*'Covariance'!D10+E62*E62*'Covariance'!E10+E62*F62*'Covariance'!F10+E62*G62*'Covariance'!G10+E62*H62*'Covariance'!H10+E62*I62*'Covariance'!I10+F62*B62*'Covariance'!B11+F62*C62*'Covariance'!C11+F62*D62*'Covariance'!D11+F62*E62*'Covariance'!E11+F62*F62*'Covariance'!F11+F62*G62*'Covariance'!G11+F62*H62*'Covariance'!H11+F62*I62*'Covariance'!I11+G62*B62*'Covariance'!B12+G62*C62*'Covariance'!C12+G62*D62*'Covariance'!D12+G62*E62*'Covariance'!E12+G62*F62*'Covariance'!F12+G62*G62*'Covariance'!G12+G62*H62*'Covariance'!H12+G62*I62*'Covariance'!I12+H62*B62*'Covariance'!B13+H62*C62*'Covariance'!C13+H62*D62*'Covariance'!D13+H62*E62*'Covariance'!E13+H62*F62*'Covariance'!F13+H62*G62*'Covariance'!G13+H62*H62*'Covariance'!H13+H62*I62*'Covariance'!I13+I62*B62*'Covariance'!B14+I62*C62*'Covariance'!C14+I62*D62*'Covariance'!D14+I62*E62*'Covariance'!E14+I62*F62*'Covariance'!F14+I62*G62*'Covariance'!G14+I62*H62*'Covariance'!H14+I62*I62*'Covariance'!I14)
Sampled portfolios,L62,=(J62-'Inputs'!$B$11)/K62
Sampled portfolios,J63,=B63*'Asset assumptions'!E7+C63*'Asset assumptions'!E8+D63*'Asset assumptions'!E9+E63*'Asset assumptions'!E10+F63*'Asset assumptions'!E11+G63*'Asset assumptions'!E12+H63*'Asset assumptions'!E13+I63*'Asset assumptions'!E14
Sampled portfolios,K63,=SQRT(B63*B63*'Covariance'!B7+B63*C63*'Covariance'!C7+B63*D63*'Covariance'!D7+B63*E63*'Covariance'!E7+B63*F63*'Covariance'!F7+B63*G63*'Covariance'!G7+B63*H63*'Covariance'!H7+B63*I63*'Covariance'!I7+C63*B63*'Covariance'!B8+C63*C63*'Covariance'!C8+C63*D63*'Covariance'!D8+C63*E63*'Covariance'!E8+C63*F63*'Covariance'!F8+C63*G63*'Covariance'!G8+C63*H63*'Covariance'!H8+C63*I63*'Covariance'!I8+D63*B63*'Covariance'!B9+D63*C63*'Covariance'!C9+D63*D63*'Covariance'!D9+D63*E63*'Covariance'!E9+D63*F63*'Covariance'!F9+D63*G63*'Covariance'!G9+D63*H63*'Covariance'!H9+D63*I63*'Covariance'!I9+E63*B63*'Covariance'!B10+E63*C63*'Covariance'!C10+E63*D63*'Covariance'!D10+E63*E63*'Covariance'!E10+E63*F63*'Covariance'!F10+E63*G63*'Covariance'!G10+E63*H63*'Covariance'!H10+E63*I63*'Covariance'!I10+F63*B63*'Covariance'!B11+F63*C63*'Covariance'!C11+F63*D63*'Covariance'!D11+F63*E63*'Covariance'!E11+F63*F63*'Covariance'!F11+F63*G63*'Covariance'!G11+F63*H63*'Covariance'!H11+F63*I63*'Covariance'!I11+G63*B63*'Covariance'!B12+G63*C63*'Covariance'!C12+G63*D63*'Covariance'!D12+G63*E63*'Covariance'!E12+G63*F63*'Covariance'!F12+G63*G63*'Covariance'!G12+G63*H63*'Covariance'!H12+G63*I63*'Covariance'!I12+H63*B63*'Covariance'!B13+H63*C63*'Covariance'!C13+H63*D63*'Covariance'!D13+H63*E63*'Covariance'!E13+H63*F63*'Covariance'!F13+H63*G63*'Covariance'!G13+H63*H63*'Covariance'!H13+H63*I63*'Covariance'!I13+I63*B63*'Covariance'!B14+I63*C63*'Covariance'!C14+I63*D63*'Covariance'!D14+I63*E63*'Covariance'!E14+I63*F63*'Covariance'!F14+I63*G63*'Covariance'!G14+I63*H63*'Covariance'!H14+I63*I63*'Covariance'!I14)
Sampled portfolios,L63,=(J63-'Inputs'!$B$11)/K63
Sampled portfolios,J64,=B64*'Asset assumptions'!E7+C64*'Asset assumptions'!E8+D64*'Asset assumptions'!E9+E64*'Asset assumptions'!E10+F64*'Asset assumptions'!E11+G64*'Asset assumptions'!E12+H64*'Asset assumptions'!E13+I64*'Asset assumptions'!E14
Sampled portfolios,K64,=SQRT(B64*B64*'Covariance'!B7+B64*C64*'Covariance'!C7+B64*D64*'Covariance'!D7+B64*E64*'Covariance'!E7+B64*F64*'Covariance'!F7+B64*G64*'Covariance'!G7+B64*H64*'Covariance'!H7+B64*I64*'Covariance'!I7+C64*B64*'Covariance'!B8+C64*C64*'Covariance'!C8+C64*D64*'Covariance'!D8+C64*E64*'Covariance'!E8+C64*F64*'Covariance'!F8+C64*G64*'Covariance'!G8+C64*H64*'Covariance'!H8+C64*I64*'Covariance'!I8+D64*B64*'Covariance'!B9+D64*C64*'Covariance'!C9+D64*D64*'Covariance'!D9+D64*E64*'Covariance'!E9+D64*F64*'Covariance'!F9+D64*G64*'Covariance'!G9+D64*H64*'Covariance'!H9+D64*I64*'Covariance'!I9+E64*B64*'Covariance'!B10+E64*C64*'Covariance'!C10+E64*D64*'Covariance'!D10+E64*E64*'Covariance'!E10+E64*F64*'Covariance'!F10+E64*G64*'Covariance'!G10+E64*H64*'Covariance'!H10+E64*I64*'Covariance'!I10+F64*B64*'Covariance'!B11+F64*C64*'Covariance'!C11+F64*D64*'Covariance'!D11+F64*E64*'Covariance'!E11+F64*F64*'Covariance'!F11+F64*G64*'Covariance'!G11+F64*H64*'Covariance'!H11+F64*I64*'Covariance'!I11+G64*B64*'Covariance'!B12+G64*C64*'Covariance'!C12+G64*D64*'Covariance'!D12+G64*E64*'Covariance'!E12+G64*F64*'Covariance'!F12+G64*G64*'Covariance'!G12+G64*H64*'Covariance'!H12+G64*I64*'Covariance'!I12+H64*B64*'Covariance'!B13+H64*C64*'Covariance'!C13+H64*D64*'Covariance'!D13+H64*E64*'Covariance'!E13+H64*F64*'Covariance'!F13+H64*G64*'Covariance'!G13+H64*H64*'Covariance'!H13+H64*I64*'Covariance'!I13+I64*B64*'Covariance'!B14+I64*C64*'Covariance'!C14+I64*D64*'Covariance'!D14+I64*E64*'Covariance'!E14+I64*F64*'Covariance'!F14+I64*G64*'Covariance'!G14+I64*H64*'Covariance'!H14+I64*I64*'Covariance'!I14)
Sampled portfolios,L64,=(J64-'Inputs'!$B$11)/K64
Sampled portfolios,J65,=B65*'Asset assumptions'!E7+C65*'Asset assumptions'!E8+D65*'Asset assumptions'!E9+E65*'Asset assumptions'!E10+F65*'Asset assumptions'!E11+G65*'Asset assumptions'!E12+H65*'Asset assumptions'!E13+I65*'Asset assumptions'!E14
Sampled portfolios,K65,=SQRT(B65*B65*'Covariance'!B7+B65*C65*'Covariance'!C7+B65*D65*'Covariance'!D7+B65*E65*'Covariance'!E7+B65*F65*'Covariance'!F7+B65*G65*'Covariance'!G7+B65*H65*'Covariance'!H7+B65*I65*'Covariance'!I7+C65*B65*'Covariance'!B8+C65*C65*'Covariance'!C8+C65*D65*'Covariance'!D8+C65*E65*'Covariance'!E8+C65*F65*'Covariance'!F8+C65*G65*'Covariance'!G8+C65*H65*'Covariance'!H8+C65*I65*'Covariance'!I8+D65*B65*'Covariance'!B9+D65*C65*'Covariance'!C9+D65*D65*'Covariance'!D9+D65*E65*'Covariance'!E9+D65*F65*'Covariance'!F9+D65*G65*'Covariance'!G9+D65*H65*'Covariance'!H9+D65*I65*'Covariance'!I9+E65*B65*'Covariance'!B10+E65*C65*'Covariance'!C10+E65*D65*'Covariance'!D10+E65*E65*'Covariance'!E10+E65*F65*'Covariance'!F10+E65*G65*'Covariance'!G10+E65*H65*'Covariance'!H10+E65*I65*'Covariance'!I10+F65*B65*'Covariance'!B11+F65*C65*'Covariance'!C11+F65*D65*'Covariance'!D11+F65*E65*'Covariance'!E11+F65*F65*'Covariance'!F11+F65*G65*'Covariance'!G11+F65*H65*'Covariance'!H11+F65*I65*'Covariance'!I11+G65*B65*'Covariance'!B12+G65*C65*'Covariance'!C12+G65*D65*'Covariance'!D12+G65*E65*'Covariance'!E12+G65*F65*'Covariance'!F12+G65*G65*'Covariance'!G12+G65*H65*'Covariance'!H12+G65*I65*'Covariance'!I12+H65*B65*'Covariance'!B13+H65*C65*'Covariance'!C13+H65*D65*'Covariance'!D13+H65*E65*'Covariance'!E13+H65*F65*'Covariance'!F13+H65*G65*'Covariance'!G13+H65*H65*'Covariance'!H13+H65*I65*'Covariance'!I13+I65*B65*'Covariance'!B14+I65*C65*'Covariance'!C14+I65*D65*'Covariance'!D14+I65*E65*'Covariance'!E14+I65*F65*'Covariance'!F14+I65*G65*'Covariance'!G14+I65*H65*'Covariance'!H14+I65*I65*'Covariance'!I14)
Sampled portfolios,L65,=(J65-'Inputs'!$B$11)/K65
Sampled portfolios,J66,=B66*'Asset assumptions'!E7+C66*'Asset assumptions'!E8+D66*'Asset assumptions'!E9+E66*'Asset assumptions'!E10+F66*'Asset assumptions'!E11+G66*'Asset assumptions'!E12+H66*'Asset assumptions'!E13+I66*'Asset assumptions'!E14
Sampled portfolios,K66,=SQRT(B66*B66*'Covariance'!B7+B66*C66*'Covariance'!C7+B66*D66*'Covariance'!D7+B66*E66*'Covariance'!E7+B66*F66*'Covariance'!F7+B66*G66*'Covariance'!G7+B66*H66*'Covariance'!H7+B66*I66*'Covariance'!I7+C66*B66*'Covariance'!B8+C66*C66*'Covariance'!C8+C66*D66*'Covariance'!D8+C66*E66*'Covariance'!E8+C66*F66*'Covariance'!F8+C66*G66*'Covariance'!G8+C66*H66*'Covariance'!H8+C66*I66*'Covariance'!I8+D66*B66*'Covariance'!B9+D66*C66*'Covariance'!C9+D66*D66*'Covariance'!D9+D66*E66*'Covariance'!E9+D66*F66*'Covariance'!F9+D66*G66*'Covariance'!G9+D66*H66*'Covariance'!H9+D66*I66*'Covariance'!I9+E66*B66*'Covariance'!B10+E66*C66*'Covariance'!C10+E66*D66*'Covariance'!D10+E66*E66*'Covariance'!E10+E66*F66*'Covariance'!F10+E66*G66*'Covariance'!G10+E66*H66*'Covariance'!H10+E66*I66*'Covariance'!I10+F66*B66*'Covariance'!B11+F66*C66*'Covariance'!C11+F66*D66*'Covariance'!D11+F66*E66*'Covariance'!E11+F66*F66*'Covariance'!F11+F66*G66*'Covariance'!G11+F66*H66*'Covariance'!H11+F66*I66*'Covariance'!I11+G66*B66*'Covariance'!B12+G66*C66*'Covariance'!C12+G66*D66*'Covariance'!D12+G66*E66*'Covariance'!E12+G66*F66*'Covariance'!F12+G66*G66*'Covariance'!G12+G66*H66*'Covariance'!H12+G66*I66*'Covariance'!I12+H66*B66*'Covariance'!B13+H66*C66*'Covariance'!C13+H66*D66*'Covariance'!D13+H66*E66*'Covariance'!E13+H66*F66*'Covariance'!F13+H66*G66*'Covariance'!G13+H66*H66*'Covariance'!H13+H66*I66*'Covariance'!I13+I66*B66*'Covariance'!B14+I66*C66*'Covariance'!C14+I66*D66*'Covariance'!D14+I66*E66*'Covariance'!E14+I66*F66*'Covariance'!F14+I66*G66*'Covariance'!G14+I66*H66*'Covariance'!H14+I66*I66*'Covariance'!I14)
Sampled portfolios,L66,=(J66-'Inputs'!$B$11)/K66
Sampled portfolios,J67,=B67*'Asset assumptions'!E7+C67*'Asset assumptions'!E8+D67*'Asset assumptions'!E9+E67*'Asset assumptions'!E10+F67*'Asset assumptions'!E11+G67*'Asset assumptions'!E12+H67*'Asset assumptions'!E13+I67*'Asset assumptions'!E14
Sampled portfolios,K67,=SQRT(B67*B67*'Covariance'!B7+B67*C67*'Covariance'!C7+B67*D67*'Covariance'!D7+B67*E67*'Covariance'!E7+B67*F67*'Covariance'!F7+B67*G67*'Covariance'!G7+B67*H67*'Covariance'!H7+B67*I67*'Covariance'!I7+C67*B67*'Covariance'!B8+C67*C67*'Covariance'!C8+C67*D67*'Covariance'!D8+C67*E67*'Covariance'!E8+C67*F67*'Covariance'!F8+C67*G67*'Covariance'!G8+C67*H67*'Covariance'!H8+C67*I67*'Covariance'!I8+D67*B67*'Covariance'!B9+D67*C67*'Covariance'!C9+D67*D67*'Covariance'!D9+D67*E67*'Covariance'!E9+D67*F67*'Covariance'!F9+D67*G67*'Covariance'!G9+D67*H67*'Covariance'!H9+D67*I67*'Covariance'!I9+E67*B67*'Covariance'!B10+E67*C67*'Covariance'!C10+E67*D67*'Covariance'!D10+E67*E67*'Covariance'!E10+E67*F67*'Covariance'!F10+E67*G67*'Covariance'!G10+E67*H67*'Covariance'!H10+E67*I67*'Covariance'!I10+F67*B67*'Covariance'!B11+F67*C67*'Covariance'!C11+F67*D67*'Covariance'!D11+F67*E67*'Covariance'!E11+F67*F67*'Covariance'!F11+F67*G67*'Covariance'!G11+F67*H67*'Covariance'!H11+F67*I67*'Covariance'!I11+G67*B67*'Covariance'!B12+G67*C67*'Covariance'!C12+G67*D67*'Covariance'!D12+G67*E67*'Covariance'!E12+G67*F67*'Covariance'!F12+G67*G67*'Covariance'!G12+G67*H67*'Covariance'!H12+G67*I67*'Covariance'!I12+H67*B67*'Covariance'!B13+H67*C67*'Covariance'!C13+H67*D67*'Covariance'!D13+H67*E67*'Covariance'!E13+H67*F67*'Covariance'!F13+H67*G67*'Covariance'!G13+H67*H67*'Covariance'!H13+H67*I67*'Covariance'!I13+I67*B67*'Covariance'!B14+I67*C67*'Covariance'!C14+I67*D67*'Covariance'!D14+I67*E67*'Covariance'!E14+I67*F67*'Covariance'!F14+I67*G67*'Covariance'!G14+I67*H67*'Covariance'!H14+I67*I67*'Covariance'!I14)
Sampled portfolios,L67,=(J67-'Inputs'!$B$11)/K67
Sampled portfolios,J68,=B68*'Asset assumptions'!E7+C68*'Asset assumptions'!E8+D68*'Asset assumptions'!E9+E68*'Asset assumptions'!E10+F68*'Asset assumptions'!E11+G68*'Asset assumptions'!E12+H68*'Asset assumptions'!E13+I68*'Asset assumptions'!E14
Sampled portfolios,K68,=SQRT(B68*B68*'Covariance'!B7+B68*C68*'Covariance'!C7+B68*D68*'Covariance'!D7+B68*E68*'Covariance'!E7+B68*F68*'Covariance'!F7+B68*G68*'Covariance'!G7+B68*H68*'Covariance'!H7+B68*I68*'Covariance'!I7+C68*B68*'Covariance'!B8+C68*C68*'Covariance'!C8+C68*D68*'Covariance'!D8+C68*E68*'Covariance'!E8+C68*F68*'Covariance'!F8+C68*G68*'Covariance'!G8+C68*H68*'Covariance'!H8+C68*I68*'Covariance'!I8+D68*B68*'Covariance'!B9+D68*C68*'Covariance'!C9+D68*D68*'Covariance'!D9+D68*E68*'Covariance'!E9+D68*F68*'Covariance'!F9+D68*G68*'Covariance'!G9+D68*H68*'Covariance'!H9+D68*I68*'Covariance'!I9+E68*B68*'Covariance'!B10+E68*C68*'Covariance'!C10+E68*D68*'Covariance'!D10+E68*E68*'Covariance'!E10+E68*F68*'Covariance'!F10+E68*G68*'Covariance'!G10+E68*H68*'Covariance'!H10+E68*I68*'Covariance'!I10+F68*B68*'Covariance'!B11+F68*C68*'Covariance'!C11+F68*D68*'Covariance'!D11+F68*E68*'Covariance'!E11+F68*F68*'Covariance'!F11+F68*G68*'Covariance'!G11+F68*H68*'Covariance'!H11+F68*I68*'Covariance'!I11+G68*B68*'Covariance'!B12+G68*C68*'Covariance'!C12+G68*D68*'Covariance'!D12+G68*E68*'Covariance'!E12+G68*F68*'Covariance'!F12+G68*G68*'Covariance'!G12+G68*H68*'Covariance'!H12+G68*I68*'Covariance'!I12+H68*B68*'Covariance'!B13+H68*C68*'Covariance'!C13+H68*D68*'Covariance'!D13+H68*E68*'Covariance'!E13+H68*F68*'Covariance'!F13+H68*G68*'Covariance'!G13+H68*H68*'Covariance'!H13+H68*I68*'Covariance'!I13+I68*B68*'Covariance'!B14+I68*C68*'Covariance'!C14+I68*D68*'Covariance'!D14+I68*E68*'Covariance'!E14+I68*F68*'Covariance'!F14+I68*G68*'Covariance'!G14+I68*H68*'Covariance'!H14+I68*I68*'Covariance'!I14)
Sampled portfolios,L68,=(J68-'Inputs'!$B$11)/K68
Sampled portfolios,J69,=B69*'Asset assumptions'!E7+C69*'Asset assumptions'!E8+D69*'Asset assumptions'!E9+E69*'Asset assumptions'!E10+F69*'Asset assumptions'!E11+G69*'Asset assumptions'!E12+H69*'Asset assumptions'!E13+I69*'Asset assumptions'!E14
Sampled portfolios,K69,=SQRT(B69*B69*'Covariance'!B7+B69*C69*'Covariance'!C7+B69*D69*'Covariance'!D7+B69*E69*'Covariance'!E7+B69*F69*'Covariance'!F7+B69*G69*'Covariance'!G7+B69*H69*'Covariance'!H7+B69*I69*'Covariance'!I7+C69*B69*'Covariance'!B8+C69*C69*'Covariance'!C8+C69*D69*'Covariance'!D8+C69*E69*'Covariance'!E8+C69*F69*'Covariance'!F8+C69*G69*'Covariance'!G8+C69*H69*'Covariance'!H8+C69*I69*'Covariance'!I8+D69*B69*'Covariance'!B9+D69*C69*'Covariance'!C9+D69*D69*'Covariance'!D9+D69*E69*'Covariance'!E9+D69*F69*'Covariance'!F9+D69*G69*'Covariance'!G9+D69*H69*'Covariance'!H9+D69*I69*'Covariance'!I9+E69*B69*'Covariance'!B10+E69*C69*'Covariance'!C10+E69*D69*'Covariance'!D10+E69*E69*'Covariance'!E10+E69*F69*'Covariance'!F10+E69*G69*'Covariance'!G10+E69*H69*'Covariance'!H10+E69*I69*'Covariance'!I10+F69*B69*'Covariance'!B11+F69*C69*'Covariance'!C11+F69*D69*'Covariance'!D11+F69*E69*'Covariance'!E11+F69*F69*'Covariance'!F11+F69*G69*'Covariance'!G11+F69*H69*'Covariance'!H11+F69*I69*'Covariance'!I11+G69*B69*'Covariance'!B12+G69*C69*'Covariance'!C12+G69*D69*'Covariance'!D12+G69*E69*'Covariance'!E12+G69*F69*'Covariance'!F12+G69*G69*'Covariance'!G12+G69*H69*'Covariance'!H12+G69*I69*'Covariance'!I12+H69*B69*'Covariance'!B13+H69*C69*'Covariance'!C13+H69*D69*'Covariance'!D13+H69*E69*'Covariance'!E13+H69*F69*'Covariance'!F13+H69*G69*'Covariance'!G13+H69*H69*'Covariance'!H13+H69*I69*'Covariance'!I13+I69*B69*'Covariance'!B14+I69*C69*'Covariance'!C14+I69*D69*'Covariance'!D14+I69*E69*'Covariance'!E14+I69*F69*'Covariance'!F14+I69*G69*'Covariance'!G14+I69*H69*'Covariance'!H14+I69*I69*'Covariance'!I14)
Sampled portfolios,L69,=(J69-'Inputs'!$B$11)/K69
Sampled portfolios,J70,=B70*'Asset assumptions'!E7+C70*'Asset assumptions'!E8+D70*'Asset assumptions'!E9+E70*'Asset assumptions'!E10+F70*'Asset assumptions'!E11+G70*'Asset assumptions'!E12+H70*'Asset assumptions'!E13+I70*'Asset assumptions'!E14
Sampled portfolios,K70,=SQRT(B70*B70*'Covariance'!B7+B70*C70*'Covariance'!C7+B70*D70*'Covariance'!D7+B70*E70*'Covariance'!E7+B70*F70*'Covariance'!F7+B70*G70*'Covariance'!G7+B70*H70*'Covariance'!H7+B70*I70*'Covariance'!I7+C70*B70*'Covariance'!B8+C70*C70*'Covariance'!C8+C70*D70*'Covariance'!D8+C70*E70*'Covariance'!E8+C70*F70*'Covariance'!F8+C70*G70*'Covariance'!G8+C70*H70*'Covariance'!H8+C70*I70*'Covariance'!I8+D70*B70*'Covariance'!B9+D70*C70*'Covariance'!C9+D70*D70*'Covariance'!D9+D70*E70*'Covariance'!E9+D70*F70*'Covariance'!F9+D70*G70*'Covariance'!G9+D70*H70*'Covariance'!H9+D70*I70*'Covariance'!I9+E70*B70*'Covariance'!B10+E70*C70*'Covariance'!C10+E70*D70*'Covariance'!D10+E70*E70*'Covariance'!E10+E70*F70*'Covariance'!F10+E70*G70*'Covariance'!G10+E70*H70*'Covariance'!H10+E70*I70*'Covariance'!I10+F70*B70*'Covariance'!B11+F70*C70*'Covariance'!C11+F70*D70*'Covariance'!D11+F70*E70*'Covariance'!E11+F70*F70*'Covariance'!F11+F70*G70*'Covariance'!G11+F70*H70*'Covariance'!H11+F70*I70*'Covariance'!I11+G70*B70*'Covariance'!B12+G70*C70*'Covariance'!C12+G70*D70*'Covariance'!D12+G70*E70*'Covariance'!E12+G70*F70*'Covariance'!F12+G70*G70*'Covariance'!G12+G70*H70*'Covariance'!H12+G70*I70*'Covariance'!I12+H70*B70*'Covariance'!B13+H70*C70*'Covariance'!C13+H70*D70*'Covariance'!D13+H70*E70*'Covariance'!E13+H70*F70*'Covariance'!F13+H70*G70*'Covariance'!G13+H70*H70*'Covariance'!H13+H70*I70*'Covariance'!I13+I70*B70*'Covariance'!B14+I70*C70*'Covariance'!C14+I70*D70*'Covariance'!D14+I70*E70*'Covariance'!E14+I70*F70*'Covariance'!F14+I70*G70*'Covariance'!G14+I70*H70*'Covariance'!H14+I70*I70*'Covariance'!I14)
Sampled portfolios,L70,=(J70-'Inputs'!$B$11)/K70
Sampled portfolios,J71,=B71*'Asset assumptions'!E7+C71*'Asset assumptions'!E8+D71*'Asset assumptions'!E9+E71*'Asset assumptions'!E10+F71*'Asset assumptions'!E11+G71*'Asset assumptions'!E12+H71*'Asset assumptions'!E13+I71*'Asset assumptions'!E14
Sampled portfolios,K71,=SQRT(B71*B71*'Covariance'!B7+B71*C71*'Covariance'!C7+B71*D71*'Covariance'!D7+B71*E71*'Covariance'!E7+B71*F71*'Covariance'!F7+B71*G71*'Covariance'!G7+B71*H71*'Covariance'!H7+B71*I71*'Covariance'!I7+C71*B71*'Covariance'!B8+C71*C71*'Covariance'!C8+C71*D71*'Covariance'!D8+C71*E71*'Covariance'!E8+C71*F71*'Covariance'!F8+C71*G71*'Covariance'!G8+C71*H71*'Covariance'!H8+C71*I71*'Covariance'!I8+D71*B71*'Covariance'!B9+D71*C71*'Covariance'!C9+D71*D71*'Covariance'!D9+D71*E71*'Covariance'!E9+D71*F71*'Covariance'!F9+D71*G71*'Covariance'!G9+D71*H71*'Covariance'!H9+D71*I71*'Covariance'!I9+E71*B71*'Covariance'!B10+E71*C71*'Covariance'!C10+E71*D71*'Covariance'!D10+E71*E71*'Covariance'!E10+E71*F71*'Covariance'!F10+E71*G71*'Covariance'!G10+E71*H71*'Covariance'!H10+E71*I71*'Covariance'!I10+F71*B71*'Covariance'!B11+F71*C71*'Covariance'!C11+F71*D71*'Covariance'!D11+F71*E71*'Covariance'!E11+F71*F71*'Covariance'!F11+F71*G71*'Covariance'!G11+F71*H71*'Covariance'!H11+F71*I71*'Covariance'!I11+G71*B71*'Covariance'!B12+G71*C71*'Covariance'!C12+G71*D71*'Covariance'!D12+G71*E71*'Covariance'!E12+G71*F71*'Covariance'!F12+G71*G71*'Covariance'!G12+G71*H71*'Covariance'!H12+G71*I71*'Covariance'!I12+H71*B71*'Covariance'!B13+H71*C71*'Covariance'!C13+H71*D71*'Covariance'!D13+H71*E71*'Covariance'!E13+H71*F71*'Covariance'!F13+H71*G71*'Covariance'!G13+H71*H71*'Covariance'!H13+H71*I71*'Covariance'!I13+I71*B71*'Covariance'!B14+I71*C71*'Covariance'!C14+I71*D71*'Covariance'!D14+I71*E71*'Covariance'!E14+I71*F71*'Covariance'!F14+I71*G71*'Covariance'!G14+I71*H71*'Covariance'!H14+I71*I71*'Covariance'!I14)
Sampled portfolios,L71,=(J71-'Inputs'!$B$11)/K71
Sampled portfolios,J72,=B72*'Asset assumptions'!E7+C72*'Asset assumptions'!E8+D72*'Asset assumptions'!E9+E72*'Asset assumptions'!E10+F72*'Asset assumptions'!E11+G72*'Asset assumptions'!E12+H72*'Asset assumptions'!E13+I72*'Asset assumptions'!E14
Sampled portfolios,K72,=SQRT(B72*B72*'Covariance'!B7+B72*C72*'Covariance'!C7+B72*D72*'Covariance'!D7+B72*E72*'Covariance'!E7+B72*F72*'Covariance'!F7+B72*G72*'Covariance'!G7+B72*H72*'Covariance'!H7+B72*I72*'Covariance'!I7+C72*B72*'Covariance'!B8+C72*C72*'Covariance'!C8+C72*D72*'Covariance'!D8+C72*E72*'Covariance'!E8+C72*F72*'Covariance'!F8+C72*G72*'Covariance'!G8+C72*H72*'Covariance'!H8+C72*I72*'Covariance'!I8+D72*B72*'Covariance'!B9+D72*C72*'Covariance'!C9+D72*D72*'Covariance'!D9+D72*E72*'Covariance'!E9+D72*F72*'Covariance'!F9+D72*G72*'Covariance'!G9+D72*H72*'Covariance'!H9+D72*I72*'Covariance'!I9+E72*B72*'Covariance'!B10+E72*C72*'Covariance'!C10+E72*D72*'Covariance'!D10+E72*E72*'Covariance'!E10+E72*F72*'Covariance'!F10+E72*G72*'Covariance'!G10+E72*H72*'Covariance'!H10+E72*I72*'Covariance'!I10+F72*B72*'Covariance'!B11+F72*C72*'Covariance'!C11+F72*D72*'Covariance'!D11+F72*E72*'Covariance'!E11+F72*F72*'Covariance'!F11+F72*G72*'Covariance'!G11+F72*H72*'Covariance'!H11+F72*I72*'Covariance'!I11+G72*B72*'Covariance'!B12+G72*C72*'Covariance'!C12+G72*D72*'Covariance'!D12+G72*E72*'Covariance'!E12+G72*F72*'Covariance'!F12+G72*G72*'Covariance'!G12+G72*H72*'Covariance'!H12+G72*I72*'Covariance'!I12+H72*B72*'Covariance'!B13+H72*C72*'Covariance'!C13+H72*D72*'Covariance'!D13+H72*E72*'Covariance'!E13+H72*F72*'Covariance'!F13+H72*G72*'Covariance'!G13+H72*H72*'Covariance'!H13+H72*I72*'Covariance'!I13+I72*B72*'Covariance'!B14+I72*C72*'Covariance'!C14+I72*D72*'Covariance'!D14+I72*E72*'Covariance'!E14+I72*F72*'Covariance'!F14+I72*G72*'Covariance'!G14+I72*H72*'Covariance'!H14+I72*I72*'Covariance'!I14)
Sampled portfolios,L72,=(J72-'Inputs'!$B$11)/K72
Sampled portfolios,J73,=B73*'Asset assumptions'!E7+C73*'Asset assumptions'!E8+D73*'Asset assumptions'!E9+E73*'Asset assumptions'!E10+F73*'Asset assumptions'!E11+G73*'Asset assumptions'!E12+H73*'Asset assumptions'!E13+I73*'Asset assumptions'!E14
Sampled portfolios,K73,=SQRT(B73*B73*'Covariance'!B7+B73*C73*'Covariance'!C7+B73*D73*'Covariance'!D7+B73*E73*'Covariance'!E7+B73*F73*'Covariance'!F7+B73*G73*'Covariance'!G7+B73*H73*'Covariance'!H7+B73*I73*'Covariance'!I7+C73*B73*'Covariance'!B8+C73*C73*'Covariance'!C8+C73*D73*'Covariance'!D8+C73*E73*'Covariance'!E8+C73*F73*'Covariance'!F8+C73*G73*'Covariance'!G8+C73*H73*'Covariance'!H8+C73*I73*'Covariance'!I8+D73*B73*'Covariance'!B9+D73*C73*'Covariance'!C9+D73*D73*'Covariance'!D9+D73*E73*'Covariance'!E9+D73*F73*'Covariance'!F9+D73*G73*'Covariance'!G9+D73*H73*'Covariance'!H9+D73*I73*'Covariance'!I9+E73*B73*'Covariance'!B10+E73*C73*'Covariance'!C10+E73*D73*'Covariance'!D10+E73*E73*'Covariance'!E10+E73*F73*'Covariance'!F10+E73*G73*'Covariance'!G10+E73*H73*'Covariance'!H10+E73*I73*'Covariance'!I10+F73*B73*'Covariance'!B11+F73*C73*'Covariance'!C11+F73*D73*'Covariance'!D11+F73*E73*'Covariance'!E11+F73*F73*'Covariance'!F11+F73*G73*'Covariance'!G11+F73*H73*'Covariance'!H11+F73*I73*'Covariance'!I11+G73*B73*'Covariance'!B12+G73*C73*'Covariance'!C12+G73*D73*'Covariance'!D12+G73*E73*'Covariance'!E12+G73*F73*'Covariance'!F12+G73*G73*'Covariance'!G12+G73*H73*'Covariance'!H12+G73*I73*'Covariance'!I12+H73*B73*'Covariance'!B13+H73*C73*'Covariance'!C13+H73*D73*'Covariance'!D13+H73*E73*'Covariance'!E13+H73*F73*'Covariance'!F13+H73*G73*'Covariance'!G13+H73*H73*'Covariance'!H13+H73*I73*'Covariance'!I13+I73*B73*'Covariance'!B14+I73*C73*'Covariance'!C14+I73*D73*'Covariance'!D14+I73*E73*'Covariance'!E14+I73*F73*'Covariance'!F14+I73*G73*'Covariance'!G14+I73*H73*'Covariance'!H14+I73*I73*'Covariance'!I14)
Sampled portfolios,L73,=(J73-'Inputs'!$B$11)/K73
Sampled portfolios,J74,=B74*'Asset assumptions'!E7+C74*'Asset assumptions'!E8+D74*'Asset assumptions'!E9+E74*'Asset assumptions'!E10+F74*'Asset assumptions'!E11+G74*'Asset assumptions'!E12+H74*'Asset assumptions'!E13+I74*'Asset assumptions'!E14
Sampled portfolios,K74,=SQRT(B74*B74*'Covariance'!B7+B74*C74*'Covariance'!C7+B74*D74*'Covariance'!D7+B74*E74*'Covariance'!E7+B74*F74*'Covariance'!F7+B74*G74*'Covariance'!G7+B74*H74*'Covariance'!H7+B74*I74*'Covariance'!I7+C74*B74*'Covariance'!B8+C74*C74*'Covariance'!C8+C74*D74*'Covariance'!D8+C74*E74*'Covariance'!E8+C74*F74*'Covariance'!F8+C74*G74*'Covariance'!G8+C74*H74*'Covariance'!H8+C74*I74*'Covariance'!I8+D74*B74*'Covariance'!B9+D74*C74*'Covariance'!C9+D74*D74*'Covariance'!D9+D74*E74*'Covariance'!E9+D74*F74*'Covariance'!F9+D74*G74*'Covariance'!G9+D74*H74*'Covariance'!H9+D74*I74*'Covariance'!I9+E74*B74*'Covariance'!B10+E74*C74*'Covariance'!C10+E74*D74*'Covariance'!D10+E74*E74*'Covariance'!E10+E74*F74*'Covariance'!F10+E74*G74*'Covariance'!G10+E74*H74*'Covariance'!H10+E74*I74*'Covariance'!I10+F74*B74*'Covariance'!B11+F74*C74*'Covariance'!C11+F74*D74*'Covariance'!D11+F74*E74*'Covariance'!E11+F74*F74*'Covariance'!F11+F74*G74*'Covariance'!G11+F74*H74*'Covariance'!H11+F74*I74*'Covariance'!I11+G74*B74*'Covariance'!B12+G74*C74*'Covariance'!C12+G74*D74*'Covariance'!D12+G74*E74*'Covariance'!E12+G74*F74*'Covariance'!F12+G74*G74*'Covariance'!G12+G74*H74*'Covariance'!H12+G74*I74*'Covariance'!I12+H74*B74*'Covariance'!B13+H74*C74*'Covariance'!C13+H74*D74*'Covariance'!D13+H74*E74*'Covariance'!E13+H74*F74*'Covariance'!F13+H74*G74*'Covariance'!G13+H74*H74*'Covariance'!H13+H74*I74*'Covariance'!I13+I74*B74*'Covariance'!B14+I74*C74*'Covariance'!C14+I74*D74*'Covariance'!D14+I74*E74*'Covariance'!E14+I74*F74*'Covariance'!F14+I74*G74*'Covariance'!G14+I74*H74*'Covariance'!H14+I74*I74*'Covariance'!I14)
Sampled portfolios,L74,=(J74-'Inputs'!$B$11)/K74
Sampled portfolios,J75,=B75*'Asset assumptions'!E7+C75*'Asset assumptions'!E8+D75*'Asset assumptions'!E9+E75*'Asset assumptions'!E10+F75*'Asset assumptions'!E11+G75*'Asset assumptions'!E12+H75*'Asset assumptions'!E13+I75*'Asset assumptions'!E14
Sampled portfolios,K75,=SQRT(B75*B75*'Covariance'!B7+B75*C75*'Covariance'!C7+B75*D75*'Covariance'!D7+B75*E75*'Covariance'!E7+B75*F75*'Covariance'!F7+B75*G75*'Covariance'!G7+B75*H75*'Covariance'!H7+B75*I75*'Covariance'!I7+C75*B75*'Covariance'!B8+C75*C75*'Covariance'!C8+C75*D75*'Covariance'!D8+C75*E75*'Covariance'!E8+C75*F75*'Covariance'!F8+C75*G75*'Covariance'!G8+C75*H75*'Covariance'!H8+C75*I75*'Covariance'!I8+D75*B75*'Covariance'!B9+D75*C75*'Covariance'!C9+D75*D75*'Covariance'!D9+D75*E75*'Covariance'!E9+D75*F75*'Covariance'!F9+D75*G75*'Covariance'!G9+D75*H75*'Covariance'!H9+D75*I75*'Covariance'!I9+E75*B75*'Covariance'!B10+E75*C75*'Covariance'!C10+E75*D75*'Covariance'!D10+E75*E75*'Covariance'!E10+E75*F75*'Covariance'!F10+E75*G75*'Covariance'!G10+E75*H75*'Covariance'!H10+E75*I75*'Covariance'!I10+F75*B75*'Covariance'!B11+F75*C75*'Covariance'!C11+F75*D75*'Covariance'!D11+F75*E75*'Covariance'!E11+F75*F75*'Covariance'!F11+F75*G75*'Covariance'!G11+F75*H75*'Covariance'!H11+F75*I75*'Covariance'!I11+G75*B75*'Covariance'!B12+G75*C75*'Covariance'!C12+G75*D75*'Covariance'!D12+G75*E75*'Covariance'!E12+G75*F75*'Covariance'!F12+G75*G75*'Covariance'!G12+G75*H75*'Covariance'!H12+G75*I75*'Covariance'!I12+H75*B75*'Covariance'!B13+H75*C75*'Covariance'!C13+H75*D75*'Covariance'!D13+H75*E75*'Covariance'!E13+H75*F75*'Covariance'!F13+H75*G75*'Covariance'!G13+H75*H75*'Covariance'!H13+H75*I75*'Covariance'!I13+I75*B75*'Covariance'!B14+I75*C75*'Covariance'!C14+I75*D75*'Covariance'!D14+I75*E75*'Covariance'!E14+I75*F75*'Covariance'!F14+I75*G75*'Covariance'!G14+I75*H75*'Covariance'!H14+I75*I75*'Covariance'!I14)
Sampled portfolios,L75,=(J75-'Inputs'!$B$11)/K75
Sampled portfolios,J76,=B76*'Asset assumptions'!E7+C76*'Asset assumptions'!E8+D76*'Asset assumptions'!E9+E76*'Asset assumptions'!E10+F76*'Asset assumptions'!E11+G76*'Asset assumptions'!E12+H76*'Asset assumptions'!E13+I76*'Asset assumptions'!E14
Sampled portfolios,K76,=SQRT(B76*B76*'Covariance'!B7+B76*C76*'Covariance'!C7+B76*D76*'Covariance'!D7+B76*E76*'Covariance'!E7+B76*F76*'Covariance'!F7+B76*G76*'Covariance'!G7+B76*H76*'Covariance'!H7+B76*I76*'Covariance'!I7+C76*B76*'Covariance'!B8+C76*C76*'Covariance'!C8+C76*D76*'Covariance'!D8+C76*E76*'Covariance'!E8+C76*F76*'Covariance'!F8+C76*G76*'Covariance'!G8+C76*H76*'Covariance'!H8+C76*I76*'Covariance'!I8+D76*B76*'Covariance'!B9+D76*C76*'Covariance'!C9+D76*D76*'Covariance'!D9+D76*E76*'Covariance'!E9+D76*F76*'Covariance'!F9+D76*G76*'Covariance'!G9+D76*H76*'Covariance'!H9+D76*I76*'Covariance'!I9+E76*B76*'Covariance'!B10+E76*C76*'Covariance'!C10+E76*D76*'Covariance'!D10+E76*E76*'Covariance'!E10+E76*F76*'Covariance'!F10+E76*G76*'Covariance'!G10+E76*H76*'Covariance'!H10+E76*I76*'Covariance'!I10+F76*B76*'Covariance'!B11+F76*C76*'Covariance'!C11+F76*D76*'Covariance'!D11+F76*E76*'Covariance'!E11+F76*F76*'Covariance'!F11+F76*G76*'Covariance'!G11+F76*H76*'Covariance'!H11+F76*I76*'Covariance'!I11+G76*B76*'Covariance'!B12+G76*C76*'Covariance'!C12+G76*D76*'Covariance'!D12+G76*E76*'Covariance'!E12+G76*F76*'Covariance'!F12+G76*G76*'Covariance'!G12+G76*H76*'Covariance'!H12+G76*I76*'Covariance'!I12+H76*B76*'Covariance'!B13+H76*C76*'Covariance'!C13+H76*D76*'Covariance'!D13+H76*E76*'Covariance'!E13+H76*F76*'Covariance'!F13+H76*G76*'Covariance'!G13+H76*H76*'Covariance'!H13+H76*I76*'Covariance'!I13+I76*B76*'Covariance'!B14+I76*C76*'Covariance'!C14+I76*D76*'Covariance'!D14+I76*E76*'Covariance'!E14+I76*F76*'Covariance'!F14+I76*G76*'Covariance'!G14+I76*H76*'Covariance'!H14+I76*I76*'Covariance'!I14)
Sampled portfolios,L76,=(J76-'Inputs'!$B$11)/K76
Sampled portfolios,J77,=B77*'Asset assumptions'!E7+C77*'Asset assumptions'!E8+D77*'Asset assumptions'!E9+E77*'Asset assumptions'!E10+F77*'Asset assumptions'!E11+G77*'Asset assumptions'!E12+H77*'Asset assumptions'!E13+I77*'Asset assumptions'!E14
Sampled portfolios,K77,=SQRT(B77*B77*'Covariance'!B7+B77*C77*'Covariance'!C7+B77*D77*'Covariance'!D7+B77*E77*'Covariance'!E7+B77*F77*'Covariance'!F7+B77*G77*'Covariance'!G7+B77*H77*'Covariance'!H7+B77*I77*'Covariance'!I7+C77*B77*'Covariance'!B8+C77*C77*'Covariance'!C8+C77*D77*'Covariance'!D8+C77*E77*'Covariance'!E8+C77*F77*'Covariance'!F8+C77*G77*'Covariance'!G8+C77*H77*'Covariance'!H8+C77*I77*'Covariance'!I8+D77*B77*'Covariance'!B9+D77*C77*'Covariance'!C9+D77*D77*'Covariance'!D9+D77*E77*'Covariance'!E9+D77*F77*'Covariance'!F9+D77*G77*'Covariance'!G9+D77*H77*'Covariance'!H9+D77*I77*'Covariance'!I9+E77*B77*'Covariance'!B10+E77*C77*'Covariance'!C10+E77*D77*'Covariance'!D10+E77*E77*'Covariance'!E10+E77*F77*'Covariance'!F10+E77*G77*'Covariance'!G10+E77*H77*'Covariance'!H10+E77*I77*'Covariance'!I10+F77*B77*'Covariance'!B11+F77*C77*'Covariance'!C11+F77*D77*'Covariance'!D11+F77*E77*'Covariance'!E11+F77*F77*'Covariance'!F11+F77*G77*'Covariance'!G11+F77*H77*'Covariance'!H11+F77*I77*'Covariance'!I11+G77*B77*'Covariance'!B12+G77*C77*'Covariance'!C12+G77*D77*'Covariance'!D12+G77*E77*'Covariance'!E12+G77*F77*'Covariance'!F12+G77*G77*'Covariance'!G12+G77*H77*'Covariance'!H12+G77*I77*'Covariance'!I12+H77*B77*'Covariance'!B13+H77*C77*'Covariance'!C13+H77*D77*'Covariance'!D13+H77*E77*'Covariance'!E13+H77*F77*'Covariance'!F13+H77*G77*'Covariance'!G13+H77*H77*'Covariance'!H13+H77*I77*'Covariance'!I13+I77*B77*'Covariance'!B14+I77*C77*'Covariance'!C14+I77*D77*'Covariance'!D14+I77*E77*'Covariance'!E14+I77*F77*'Covariance'!F14+I77*G77*'Covariance'!G14+I77*H77*'Covariance'!H14+I77*I77*'Covariance'!I14)
Sampled portfolios,L77,=(J77-'Inputs'!$B$11)/K77
Sampled portfolios,J78,=B78*'Asset assumptions'!E7+C78*'Asset assumptions'!E8+D78*'Asset assumptions'!E9+E78*'Asset assumptions'!E10+F78*'Asset assumptions'!E11+G78*'Asset assumptions'!E12+H78*'Asset assumptions'!E13+I78*'Asset assumptions'!E14
Sampled portfolios,K78,=SQRT(B78*B78*'Covariance'!B7+B78*C78*'Covariance'!C7+B78*D78*'Covariance'!D7+B78*E78*'Covariance'!E7+B78*F78*'Covariance'!F7+B78*G78*'Covariance'!G7+B78*H78*'Covariance'!H7+B78*I78*'Covariance'!I7+C78*B78*'Covariance'!B8+C78*C78*'Covariance'!C8+C78*D78*'Covariance'!D8+C78*E78*'Covariance'!E8+C78*F78*'Covariance'!F8+C78*G78*'Covariance'!G8+C78*H78*'Covariance'!H8+C78*I78*'Covariance'!I8+D78*B78*'Covariance'!B9+D78*C78*'Covariance'!C9+D78*D78*'Covariance'!D9+D78*E78*'Covariance'!E9+D78*F78*'Covariance'!F9+D78*G78*'Covariance'!G9+D78*H78*'Covariance'!H9+D78*I78*'Covariance'!I9+E78*B78*'Covariance'!B10+E78*C78*'Covariance'!C10+E78*D78*'Covariance'!D10+E78*E78*'Covariance'!E10+E78*F78*'Covariance'!F10+E78*G78*'Covariance'!G10+E78*H78*'Covariance'!H10+E78*I78*'Covariance'!I10+F78*B78*'Covariance'!B11+F78*C78*'Covariance'!C11+F78*D78*'Covariance'!D11+F78*E78*'Covariance'!E11+F78*F78*'Covariance'!F11+F78*G78*'Covariance'!G11+F78*H78*'Covariance'!H11+F78*I78*'Covariance'!I11+G78*B78*'Covariance'!B12+G78*C78*'Covariance'!C12+G78*D78*'Covariance'!D12+G78*E78*'Covariance'!E12+G78*F78*'Covariance'!F12+G78*G78*'Covariance'!G12+G78*H78*'Covariance'!H12+G78*I78*'Covariance'!I12+H78*B78*'Covariance'!B13+H78*C78*'Covariance'!C13+H78*D78*'Covariance'!D13+H78*E78*'Covariance'!E13+H78*F78*'Covariance'!F13+H78*G78*'Covariance'!G13+H78*H78*'Covariance'!H13+H78*I78*'Covariance'!I13+I78*B78*'Covariance'!B14+I78*C78*'Covariance'!C14+I78*D78*'Covariance'!D14+I78*E78*'Covariance'!E14+I78*F78*'Covariance'!F14+I78*G78*'Covariance'!G14+I78*H78*'Covariance'!H14+I78*I78*'Covariance'!I14)
Sampled portfolios,L78,=(J78-'Inputs'!$B$11)/K78
Sampled portfolios,J79,=B79*'Asset assumptions'!E7+C79*'Asset assumptions'!E8+D79*'Asset assumptions'!E9+E79*'Asset assumptions'!E10+F79*'Asset assumptions'!E11+G79*'Asset assumptions'!E12+H79*'Asset assumptions'!E13+I79*'Asset assumptions'!E14
Sampled portfolios,K79,=SQRT(B79*B79*'Covariance'!B7+B79*C79*'Covariance'!C7+B79*D79*'Covariance'!D7+B79*E79*'Covariance'!E7+B79*F79*'Covariance'!F7+B79*G79*'Covariance'!G7+B79*H79*'Covariance'!H7+B79*I79*'Covariance'!I7+C79*B79*'Covariance'!B8+C79*C79*'Covariance'!C8+C79*D79*'Covariance'!D8+C79*E79*'Covariance'!E8+C79*F79*'Covariance'!F8+C79*G79*'Covariance'!G8+C79*H79*'Covariance'!H8+C79*I79*'Covariance'!I8+D79*B79*'Covariance'!B9+D79*C79*'Covariance'!C9+D79*D79*'Covariance'!D9+D79*E79*'Covariance'!E9+D79*F79*'Covariance'!F9+D79*G79*'Covariance'!G9+D79*H79*'Covariance'!H9+D79*I79*'Covariance'!I9+E79*B79*'Covariance'!B10+E79*C79*'Covariance'!C10+E79*D79*'Covariance'!D10+E79*E79*'Covariance'!E10+E79*F79*'Covariance'!F10+E79*G79*'Covariance'!G10+E79*H79*'Covariance'!H10+E79*I79*'Covariance'!I10+F79*B79*'Covariance'!B11+F79*C79*'Covariance'!C11+F79*D79*'Covariance'!D11+F79*E79*'Covariance'!E11+F79*F79*'Covariance'!F11+F79*G79*'Covariance'!G11+F79*H79*'Covariance'!H11+F79*I79*'Covariance'!I11+G79*B79*'Covariance'!B12+G79*C79*'Covariance'!C12+G79*D79*'Covariance'!D12+G79*E79*'Covariance'!E12+G79*F79*'Covariance'!F12+G79*G79*'Covariance'!G12+G79*H79*'Covariance'!H12+G79*I79*'Covariance'!I12+H79*B79*'Covariance'!B13+H79*C79*'Covariance'!C13+H79*D79*'Covariance'!D13+H79*E79*'Covariance'!E13+H79*F79*'Covariance'!F13+H79*G79*'Covariance'!G13+H79*H79*'Covariance'!H13+H79*I79*'Covariance'!I13+I79*B79*'Covariance'!B14+I79*C79*'Covariance'!C14+I79*D79*'Covariance'!D14+I79*E79*'Covariance'!E14+I79*F79*'Covariance'!F14+I79*G79*'Covariance'!G14+I79*H79*'Covariance'!H14+I79*I79*'Covariance'!I14)
Sampled portfolios,L79,=(J79-'Inputs'!$B$11)/K79
Sampled portfolios,J80,=B80*'Asset assumptions'!E7+C80*'Asset assumptions'!E8+D80*'Asset assumptions'!E9+E80*'Asset assumptions'!E10+F80*'Asset assumptions'!E11+G80*'Asset assumptions'!E12+H80*'Asset assumptions'!E13+I80*'Asset assumptions'!E14
Sampled portfolios,K80,=SQRT(B80*B80*'Covariance'!B7+B80*C80*'Covariance'!C7+B80*D80*'Covariance'!D7+B80*E80*'Covariance'!E7+B80*F80*'Covariance'!F7+B80*G80*'Covariance'!G7+B80*H80*'Covariance'!H7+B80*I80*'Covariance'!I7+C80*B80*'Covariance'!B8+C80*C80*'Covariance'!C8+C80*D80*'Covariance'!D8+C80*E80*'Covariance'!E8+C80*F80*'Covariance'!F8+C80*G80*'Covariance'!G8+C80*H80*'Covariance'!H8+C80*I80*'Covariance'!I8+D80*B80*'Covariance'!B9+D80*C80*'Covariance'!C9+D80*D80*'Covariance'!D9+D80*E80*'Covariance'!E9+D80*F80*'Covariance'!F9+D80*G80*'Covariance'!G9+D80*H80*'Covariance'!H9+D80*I80*'Covariance'!I9+E80*B80*'Covariance'!B10+E80*C80*'Covariance'!C10+E80*D80*'Covariance'!D10+E80*E80*'Covariance'!E10+E80*F80*'Covariance'!F10+E80*G80*'Covariance'!G10+E80*H80*'Covariance'!H10+E80*I80*'Covariance'!I10+F80*B80*'Covariance'!B11+F80*C80*'Covariance'!C11+F80*D80*'Covariance'!D11+F80*E80*'Covariance'!E11+F80*F80*'Covariance'!F11+F80*G80*'Covariance'!G11+F80*H80*'Covariance'!H11+F80*I80*'Covariance'!I11+G80*B80*'Covariance'!B12+G80*C80*'Covariance'!C12+G80*D80*'Covariance'!D12+G80*E80*'Covariance'!E12+G80*F80*'Covariance'!F12+G80*G80*'Covariance'!G12+G80*H80*'Covariance'!H12+G80*I80*'Covariance'!I12+H80*B80*'Covariance'!B13+H80*C80*'Covariance'!C13+H80*D80*'Covariance'!D13+H80*E80*'Covariance'!E13+H80*F80*'Covariance'!F13+H80*G80*'Covariance'!G13+H80*H80*'Covariance'!H13+H80*I80*'Covariance'!I13+I80*B80*'Covariance'!B14+I80*C80*'Covariance'!C14+I80*D80*'Covariance'!D14+I80*E80*'Covariance'!E14+I80*F80*'Covariance'!F14+I80*G80*'Covariance'!G14+I80*H80*'Covariance'!H14+I80*I80*'Covariance'!I14)
Sampled portfolios,L80,=(J80-'Inputs'!$B$11)/K80
Sampled portfolios,J81,=B81*'Asset assumptions'!E7+C81*'Asset assumptions'!E8+D81*'Asset assumptions'!E9+E81*'Asset assumptions'!E10+F81*'Asset assumptions'!E11+G81*'Asset assumptions'!E12+H81*'Asset assumptions'!E13+I81*'Asset assumptions'!E14
Sampled portfolios,K81,=SQRT(B81*B81*'Covariance'!B7+B81*C81*'Covariance'!C7+B81*D81*'Covariance'!D7+B81*E81*'Covariance'!E7+B81*F81*'Covariance'!F7+B81*G81*'Covariance'!G7+B81*H81*'Covariance'!H7+B81*I81*'Covariance'!I7+C81*B81*'Covariance'!B8+C81*C81*'Covariance'!C8+C81*D81*'Covariance'!D8+C81*E81*'Covariance'!E8+C81*F81*'Covariance'!F8+C81*G81*'Covariance'!G8+C81*H81*'Covariance'!H8+C81*I81*'Covariance'!I8+D81*B81*'Covariance'!B9+D81*C81*'Covariance'!C9+D81*D81*'Covariance'!D9+D81*E81*'Covariance'!E9+D81*F81*'Covariance'!F9+D81*G81*'Covariance'!G9+D81*H81*'Covariance'!H9+D81*I81*'Covariance'!I9+E81*B81*'Covariance'!B10+E81*C81*'Covariance'!C10+E81*D81*'Covariance'!D10+E81*E81*'Covariance'!E10+E81*F81*'Covariance'!F10+E81*G81*'Covariance'!G10+E81*H81*'Covariance'!H10+E81*I81*'Covariance'!I10+F81*B81*'Covariance'!B11+F81*C81*'Covariance'!C11+F81*D81*'Covariance'!D11+F81*E81*'Covariance'!E11+F81*F81*'Covariance'!F11+F81*G81*'Covariance'!G11+F81*H81*'Covariance'!H11+F81*I81*'Covariance'!I11+G81*B81*'Covariance'!B12+G81*C81*'Covariance'!C12+G81*D81*'Covariance'!D12+G81*E81*'Covariance'!E12+G81*F81*'Covariance'!F12+G81*G81*'Covariance'!G12+G81*H81*'Covariance'!H12+G81*I81*'Covariance'!I12+H81*B81*'Covariance'!B13+H81*C81*'Covariance'!C13+H81*D81*'Covariance'!D13+H81*E81*'Covariance'!E13+H81*F81*'Covariance'!F13+H81*G81*'Covariance'!G13+H81*H81*'Covariance'!H13+H81*I81*'Covariance'!I13+I81*B81*'Covariance'!B14+I81*C81*'Covariance'!C14+I81*D81*'Covariance'!D14+I81*E81*'Covariance'!E14+I81*F81*'Covariance'!F14+I81*G81*'Covariance'!G14+I81*H81*'Covariance'!H14+I81*I81*'Covariance'!I14)
Sampled portfolios,L81,=(J81-'Inputs'!$B$11)/K81
Sampled portfolios,J82,=B82*'Asset assumptions'!E7+C82*'Asset assumptions'!E8+D82*'Asset assumptions'!E9+E82*'Asset assumptions'!E10+F82*'Asset assumptions'!E11+G82*'Asset assumptions'!E12+H82*'Asset assumptions'!E13+I82*'Asset assumptions'!E14
Sampled portfolios,K82,=SQRT(B82*B82*'Covariance'!B7+B82*C82*'Covariance'!C7+B82*D82*'Covariance'!D7+B82*E82*'Covariance'!E7+B82*F82*'Covariance'!F7+B82*G82*'Covariance'!G7+B82*H82*'Covariance'!H7+B82*I82*'Covariance'!I7+C82*B82*'Covariance'!B8+C82*C82*'Covariance'!C8+C82*D82*'Covariance'!D8+C82*E82*'Covariance'!E8+C82*F82*'Covariance'!F8+C82*G82*'Covariance'!G8+C82*H82*'Covariance'!H8+C82*I82*'Covariance'!I8+D82*B82*'Covariance'!B9+D82*C82*'Covariance'!C9+D82*D82*'Covariance'!D9+D82*E82*'Covariance'!E9+D82*F82*'Covariance'!F9+D82*G82*'Covariance'!G9+D82*H82*'Covariance'!H9+D82*I82*'Covariance'!I9+E82*B82*'Covariance'!B10+E82*C82*'Covariance'!C10+E82*D82*'Covariance'!D10+E82*E82*'Covariance'!E10+E82*F82*'Covariance'!F10+E82*G82*'Covariance'!G10+E82*H82*'Covariance'!H10+E82*I82*'Covariance'!I10+F82*B82*'Covariance'!B11+F82*C82*'Covariance'!C11+F82*D82*'Covariance'!D11+F82*E82*'Covariance'!E11+F82*F82*'Covariance'!F11+F82*G82*'Covariance'!G11+F82*H82*'Covariance'!H11+F82*I82*'Covariance'!I11+G82*B82*'Covariance'!B12+G82*C82*'Covariance'!C12+G82*D82*'Covariance'!D12+G82*E82*'Covariance'!E12+G82*F82*'Covariance'!F12+G82*G82*'Covariance'!G12+G82*H82*'Covariance'!H12+G82*I82*'Covariance'!I12+H82*B82*'Covariance'!B13+H82*C82*'Covariance'!C13+H82*D82*'Covariance'!D13+H82*E82*'Covariance'!E13+H82*F82*'Covariance'!F13+H82*G82*'Covariance'!G13+H82*H82*'Covariance'!H13+H82*I82*'Covariance'!I13+I82*B82*'Covariance'!B14+I82*C82*'Covariance'!C14+I82*D82*'Covariance'!D14+I82*E82*'Covariance'!E14+I82*F82*'Covariance'!F14+I82*G82*'Covariance'!G14+I82*H82*'Covariance'!H14+I82*I82*'Covariance'!I14)
Sampled portfolios,L82,=(J82-'Inputs'!$B$11)/K82
Sampled portfolios,J83,=B83*'Asset assumptions'!E7+C83*'Asset assumptions'!E8+D83*'Asset assumptions'!E9+E83*'Asset assumptions'!E10+F83*'Asset assumptions'!E11+G83*'Asset assumptions'!E12+H83*'Asset assumptions'!E13+I83*'Asset assumptions'!E14
Sampled portfolios,K83,=SQRT(B83*B83*'Covariance'!B7+B83*C83*'Covariance'!C7+B83*D83*'Covariance'!D7+B83*E83*'Covariance'!E7+B83*F83*'Covariance'!F7+B83*G83*'Covariance'!G7+B83*H83*'Covariance'!H7+B83*I83*'Covariance'!I7+C83*B83*'Covariance'!B8+C83*C83*'Covariance'!C8+C83*D83*'Covariance'!D8+C83*E83*'Covariance'!E8+C83*F83*'Covariance'!F8+C83*G83*'Covariance'!G8+C83*H83*'Covariance'!H8+C83*I83*'Covariance'!I8+D83*B83*'Covariance'!B9+D83*C83*'Covariance'!C9+D83*D83*'Covariance'!D9+D83*E83*'Covariance'!E9+D83*F83*'Covariance'!F9+D83*G83*'Covariance'!G9+D83*H83*'Covariance'!H9+D83*I83*'Covariance'!I9+E83*B83*'Covariance'!B10+E83*C83*'Covariance'!C10+E83*D83*'Covariance'!D10+E83*E83*'Covariance'!E10+E83*F83*'Covariance'!F10+E83*G83*'Covariance'!G10+E83*H83*'Covariance'!H10+E83*I83*'Covariance'!I10+F83*B83*'Covariance'!B11+F83*C83*'Covariance'!C11+F83*D83*'Covariance'!D11+F83*E83*'Covariance'!E11+F83*F83*'Covariance'!F11+F83*G83*'Covariance'!G11+F83*H83*'Covariance'!H11+F83*I83*'Covariance'!I11+G83*B83*'Covariance'!B12+G83*C83*'Covariance'!C12+G83*D83*'Covariance'!D12+G83*E83*'Covariance'!E12+G83*F83*'Covariance'!F12+G83*G83*'Covariance'!G12+G83*H83*'Covariance'!H12+G83*I83*'Covariance'!I12+H83*B83*'Covariance'!B13+H83*C83*'Covariance'!C13+H83*D83*'Covariance'!D13+H83*E83*'Covariance'!E13+H83*F83*'Covariance'!F13+H83*G83*'Covariance'!G13+H83*H83*'Covariance'!H13+H83*I83*'Covariance'!I13+I83*B83*'Covariance'!B14+I83*C83*'Covariance'!C14+I83*D83*'Covariance'!D14+I83*E83*'Covariance'!E14+I83*F83*'Covariance'!F14+I83*G83*'Covariance'!G14+I83*H83*'Covariance'!H14+I83*I83*'Covariance'!I14)
Sampled portfolios,L83,=(J83-'Inputs'!$B$11)/K83
Sampled portfolios,J84,=B84*'Asset assumptions'!E7+C84*'Asset assumptions'!E8+D84*'Asset assumptions'!E9+E84*'Asset assumptions'!E10+F84*'Asset assumptions'!E11+G84*'Asset assumptions'!E12+H84*'Asset assumptions'!E13+I84*'Asset assumptions'!E14
Sampled portfolios,K84,=SQRT(B84*B84*'Covariance'!B7+B84*C84*'Covariance'!C7+B84*D84*'Covariance'!D7+B84*E84*'Covariance'!E7+B84*F84*'Covariance'!F7+B84*G84*'Covariance'!G7+B84*H84*'Covariance'!H7+B84*I84*'Covariance'!I7+C84*B84*'Covariance'!B8+C84*C84*'Covariance'!C8+C84*D84*'Covariance'!D8+C84*E84*'Covariance'!E8+C84*F84*'Covariance'!F8+C84*G84*'Covariance'!G8+C84*H84*'Covariance'!H8+C84*I84*'Covariance'!I8+D84*B84*'Covariance'!B9+D84*C84*'Covariance'!C9+D84*D84*'Covariance'!D9+D84*E84*'Covariance'!E9+D84*F84*'Covariance'!F9+D84*G84*'Covariance'!G9+D84*H84*'Covariance'!H9+D84*I84*'Covariance'!I9+E84*B84*'Covariance'!B10+E84*C84*'Covariance'!C10+E84*D84*'Covariance'!D10+E84*E84*'Covariance'!E10+E84*F84*'Covariance'!F10+E84*G84*'Covariance'!G10+E84*H84*'Covariance'!H10+E84*I84*'Covariance'!I10+F84*B84*'Covariance'!B11+F84*C84*'Covariance'!C11+F84*D84*'Covariance'!D11+F84*E84*'Covariance'!E11+F84*F84*'Covariance'!F11+F84*G84*'Covariance'!G11+F84*H84*'Covariance'!H11+F84*I84*'Covariance'!I11+G84*B84*'Covariance'!B12+G84*C84*'Covariance'!C12+G84*D84*'Covariance'!D12+G84*E84*'Covariance'!E12+G84*F84*'Covariance'!F12+G84*G84*'Covariance'!G12+G84*H84*'Covariance'!H12+G84*I84*'Covariance'!I12+H84*B84*'Covariance'!B13+H84*C84*'Covariance'!C13+H84*D84*'Covariance'!D13+H84*E84*'Covariance'!E13+H84*F84*'Covariance'!F13+H84*G84*'Covariance'!G13+H84*H84*'Covariance'!H13+H84*I84*'Covariance'!I13+I84*B84*'Covariance'!B14+I84*C84*'Covariance'!C14+I84*D84*'Covariance'!D14+I84*E84*'Covariance'!E14+I84*F84*'Covariance'!F14+I84*G84*'Covariance'!G14+I84*H84*'Covariance'!H14+I84*I84*'Covariance'!I14)
Sampled portfolios,L84,=(J84-'Inputs'!$B$11)/K84
Sampled portfolios,J85,=B85*'Asset assumptions'!E7+C85*'Asset assumptions'!E8+D85*'Asset assumptions'!E9+E85*'Asset assumptions'!E10+F85*'Asset assumptions'!E11+G85*'Asset assumptions'!E12+H85*'Asset assumptions'!E13+I85*'Asset assumptions'!E14
Sampled portfolios,K85,=SQRT(B85*B85*'Covariance'!B7+B85*C85*'Covariance'!C7+B85*D85*'Covariance'!D7+B85*E85*'Covariance'!E7+B85*F85*'Covariance'!F7+B85*G85*'Covariance'!G7+B85*H85*'Covariance'!H7+B85*I85*'Covariance'!I7+C85*B85*'Covariance'!B8+C85*C85*'Covariance'!C8+C85*D85*'Covariance'!D8+C85*E85*'Covariance'!E8+C85*F85*'Covariance'!F8+C85*G85*'Covariance'!G8+C85*H85*'Covariance'!H8+C85*I85*'Covariance'!I8+D85*B85*'Covariance'!B9+D85*C85*'Covariance'!C9+D85*D85*'Covariance'!D9+D85*E85*'Covariance'!E9+D85*F85*'Covariance'!F9+D85*G85*'Covariance'!G9+D85*H85*'Covariance'!H9+D85*I85*'Covariance'!I9+E85*B85*'Covariance'!B10+E85*C85*'Covariance'!C10+E85*D85*'Covariance'!D10+E85*E85*'Covariance'!E10+E85*F85*'Covariance'!F10+E85*G85*'Covariance'!G10+E85*H85*'Covariance'!H10+E85*I85*'Covariance'!I10+F85*B85*'Covariance'!B11+F85*C85*'Covariance'!C11+F85*D85*'Covariance'!D11+F85*E85*'Covariance'!E11+F85*F85*'Covariance'!F11+F85*G85*'Covariance'!G11+F85*H85*'Covariance'!H11+F85*I85*'Covariance'!I11+G85*B85*'Covariance'!B12+G85*C85*'Covariance'!C12+G85*D85*'Covariance'!D12+G85*E85*'Covariance'!E12+G85*F85*'Covariance'!F12+G85*G85*'Covariance'!G12+G85*H85*'Covariance'!H12+G85*I85*'Covariance'!I12+H85*B85*'Covariance'!B13+H85*C85*'Covariance'!C13+H85*D85*'Covariance'!D13+H85*E85*'Covariance'!E13+H85*F85*'Covariance'!F13+H85*G85*'Covariance'!G13+H85*H85*'Covariance'!H13+H85*I85*'Covariance'!I13+I85*B85*'Covariance'!B14+I85*C85*'Covariance'!C14+I85*D85*'Covariance'!D14+I85*E85*'Covariance'!E14+I85*F85*'Covariance'!F14+I85*G85*'Covariance'!G14+I85*H85*'Covariance'!H14+I85*I85*'Covariance'!I14)
Sampled portfolios,L85,=(J85-'Inputs'!$B$11)/K85
Sampled portfolios,J86,=B86*'Asset assumptions'!E7+C86*'Asset assumptions'!E8+D86*'Asset assumptions'!E9+E86*'Asset assumptions'!E10+F86*'Asset assumptions'!E11+G86*'Asset assumptions'!E12+H86*'Asset assumptions'!E13+I86*'Asset assumptions'!E14
Sampled portfolios,K86,=SQRT(B86*B86*'Covariance'!B7+B86*C86*'Covariance'!C7+B86*D86*'Covariance'!D7+B86*E86*'Covariance'!E7+B86*F86*'Covariance'!F7+B86*G86*'Covariance'!G7+B86*H86*'Covariance'!H7+B86*I86*'Covariance'!I7+C86*B86*'Covariance'!B8+C86*C86*'Covariance'!C8+C86*D86*'Covariance'!D8+C86*E86*'Covariance'!E8+C86*F86*'Covariance'!F8+C86*G86*'Covariance'!G8+C86*H86*'Covariance'!H8+C86*I86*'Covariance'!I8+D86*B86*'Covariance'!B9+D86*C86*'Covariance'!C9+D86*D86*'Covariance'!D9+D86*E86*'Covariance'!E9+D86*F86*'Covariance'!F9+D86*G86*'Covariance'!G9+D86*H86*'Covariance'!H9+D86*I86*'Covariance'!I9+E86*B86*'Covariance'!B10+E86*C86*'Covariance'!C10+E86*D86*'Covariance'!D10+E86*E86*'Covariance'!E10+E86*F86*'Covariance'!F10+E86*G86*'Covariance'!G10+E86*H86*'Covariance'!H10+E86*I86*'Covariance'!I10+F86*B86*'Covariance'!B11+F86*C86*'Covariance'!C11+F86*D86*'Covariance'!D11+F86*E86*'Covariance'!E11+F86*F86*'Covariance'!F11+F86*G86*'Covariance'!G11+F86*H86*'Covariance'!H11+F86*I86*'Covariance'!I11+G86*B86*'Covariance'!B12+G86*C86*'Covariance'!C12+G86*D86*'Covariance'!D12+G86*E86*'Covariance'!E12+G86*F86*'Covariance'!F12+G86*G86*'Covariance'!G12+G86*H86*'Covariance'!H12+G86*I86*'Covariance'!I12+H86*B86*'Covariance'!B13+H86*C86*'Covariance'!C13+H86*D86*'Covariance'!D13+H86*E86*'Covariance'!E13+H86*F86*'Covariance'!F13+H86*G86*'Covariance'!G13+H86*H86*'Covariance'!H13+H86*I86*'Covariance'!I13+I86*B86*'Covariance'!B14+I86*C86*'Covariance'!C14+I86*D86*'Covariance'!D14+I86*E86*'Covariance'!E14+I86*F86*'Covariance'!F14+I86*G86*'Covariance'!G14+I86*H86*'Covariance'!H14+I86*I86*'Covariance'!I14)
Sampled portfolios,L86,=(J86-'Inputs'!$B$11)/K86
Sampled portfolios,J87,=B87*'Asset assumptions'!E7+C87*'Asset assumptions'!E8+D87*'Asset assumptions'!E9+E87*'Asset assumptions'!E10+F87*'Asset assumptions'!E11+G87*'Asset assumptions'!E12+H87*'Asset assumptions'!E13+I87*'Asset assumptions'!E14
Sampled portfolios,K87,=SQRT(B87*B87*'Covariance'!B7+B87*C87*'Covariance'!C7+B87*D87*'Covariance'!D7+B87*E87*'Covariance'!E7+B87*F87*'Covariance'!F7+B87*G87*'Covariance'!G7+B87*H87*'Covariance'!H7+B87*I87*'Covariance'!I7+C87*B87*'Covariance'!B8+C87*C87*'Covariance'!C8+C87*D87*'Covariance'!D8+C87*E87*'Covariance'!E8+C87*F87*'Covariance'!F8+C87*G87*'Covariance'!G8+C87*H87*'Covariance'!H8+C87*I87*'Covariance'!I8+D87*B87*'Covariance'!B9+D87*C87*'Covariance'!C9+D87*D87*'Covariance'!D9+D87*E87*'Covariance'!E9+D87*F87*'Covariance'!F9+D87*G87*'Covariance'!G9+D87*H87*'Covariance'!H9+D87*I87*'Covariance'!I9+E87*B87*'Covariance'!B10+E87*C87*'Covariance'!C10+E87*D87*'Covariance'!D10+E87*E87*'Covariance'!E10+E87*F87*'Covariance'!F10+E87*G87*'Covariance'!G10+E87*H87*'Covariance'!H10+E87*I87*'Covariance'!I10+F87*B87*'Covariance'!B11+F87*C87*'Covariance'!C11+F87*D87*'Covariance'!D11+F87*E87*'Covariance'!E11+F87*F87*'Covariance'!F11+F87*G87*'Covariance'!G11+F87*H87*'Covariance'!H11+F87*I87*'Covariance'!I11+G87*B87*'Covariance'!B12+G87*C87*'Covariance'!C12+G87*D87*'Covariance'!D12+G87*E87*'Covariance'!E12+G87*F87*'Covariance'!F12+G87*G87*'Covariance'!G12+G87*H87*'Covariance'!H12+G87*I87*'Covariance'!I12+H87*B87*'Covariance'!B13+H87*C87*'Covariance'!C13+H87*D87*'Covariance'!D13+H87*E87*'Covariance'!E13+H87*F87*'Covariance'!F13+H87*G87*'Covariance'!G13+H87*H87*'Covariance'!H13+H87*I87*'Covariance'!I13+I87*B87*'Covariance'!B14+I87*C87*'Covariance'!C14+I87*D87*'Covariance'!D14+I87*E87*'Covariance'!E14+I87*F87*'Covariance'!F14+I87*G87*'Covariance'!G14+I87*H87*'Covariance'!H14+I87*I87*'Covariance'!I14)
Sampled portfolios,L87,=(J87-'Inputs'!$B$11)/K87
Sampled portfolios,J88,=B88*'Asset assumptions'!E7+C88*'Asset assumptions'!E8+D88*'Asset assumptions'!E9+E88*'Asset assumptions'!E10+F88*'Asset assumptions'!E11+G88*'Asset assumptions'!E12+H88*'Asset assumptions'!E13+I88*'Asset assumptions'!E14
Sampled portfolios,K88,=SQRT(B88*B88*'Covariance'!B7+B88*C88*'Covariance'!C7+B88*D88*'Covariance'!D7+B88*E88*'Covariance'!E7+B88*F88*'Covariance'!F7+B88*G88*'Covariance'!G7+B88*H88*'Covariance'!H7+B88*I88*'Covariance'!I7+C88*B88*'Covariance'!B8+C88*C88*'Covariance'!C8+C88*D88*'Covariance'!D8+C88*E88*'Covariance'!E8+C88*F88*'Covariance'!F8+C88*G88*'Covariance'!G8+C88*H88*'Covariance'!H8+C88*I88*'Covariance'!I8+D88*B88*'Covariance'!B9+D88*C88*'Covariance'!C9+D88*D88*'Covariance'!D9+D88*E88*'Covariance'!E9+D88*F88*'Covariance'!F9+D88*G88*'Covariance'!G9+D88*H88*'Covariance'!H9+D88*I88*'Covariance'!I9+E88*B88*'Covariance'!B10+E88*C88*'Covariance'!C10+E88*D88*'Covariance'!D10+E88*E88*'Covariance'!E10+E88*F88*'Covariance'!F10+E88*G88*'Covariance'!G10+E88*H88*'Covariance'!H10+E88*I88*'Covariance'!I10+F88*B88*'Covariance'!B11+F88*C88*'Covariance'!C11+F88*D88*'Covariance'!D11+F88*E88*'Covariance'!E11+F88*F88*'Covariance'!F11+F88*G88*'Covariance'!G11+F88*H88*'Covariance'!H11+F88*I88*'Covariance'!I11+G88*B88*'Covariance'!B12+G88*C88*'Covariance'!C12+G88*D88*'Covariance'!D12+G88*E88*'Covariance'!E12+G88*F88*'Covariance'!F12+G88*G88*'Covariance'!G12+G88*H88*'Covariance'!H12+G88*I88*'Covariance'!I12+H88*B88*'Covariance'!B13+H88*C88*'Covariance'!C13+H88*D88*'Covariance'!D13+H88*E88*'Covariance'!E13+H88*F88*'Covariance'!F13+H88*G88*'Covariance'!G13+H88*H88*'Covariance'!H13+H88*I88*'Covariance'!I13+I88*B88*'Covariance'!B14+I88*C88*'Covariance'!C14+I88*D88*'Covariance'!D14+I88*E88*'Covariance'!E14+I88*F88*'Covariance'!F14+I88*G88*'Covariance'!G14+I88*H88*'Covariance'!H14+I88*I88*'Covariance'!I14)
Sampled portfolios,L88,=(J88-'Inputs'!$B$11)/K88
Sampled portfolios,J89,=B89*'Asset assumptions'!E7+C89*'Asset assumptions'!E8+D89*'Asset assumptions'!E9+E89*'Asset assumptions'!E10+F89*'Asset assumptions'!E11+G89*'Asset assumptions'!E12+H89*'Asset assumptions'!E13+I89*'Asset assumptions'!E14
Sampled portfolios,K89,=SQRT(B89*B89*'Covariance'!B7+B89*C89*'Covariance'!C7+B89*D89*'Covariance'!D7+B89*E89*'Covariance'!E7+B89*F89*'Covariance'!F7+B89*G89*'Covariance'!G7+B89*H89*'Covariance'!H7+B89*I89*'Covariance'!I7+C89*B89*'Covariance'!B8+C89*C89*'Covariance'!C8+C89*D89*'Covariance'!D8+C89*E89*'Covariance'!E8+C89*F89*'Covariance'!F8+C89*G89*'Covariance'!G8+C89*H89*'Covariance'!H8+C89*I89*'Covariance'!I8+D89*B89*'Covariance'!B9+D89*C89*'Covariance'!C9+D89*D89*'Covariance'!D9+D89*E89*'Covariance'!E9+D89*F89*'Covariance'!F9+D89*G89*'Covariance'!G9+D89*H89*'Covariance'!H9+D89*I89*'Covariance'!I9+E89*B89*'Covariance'!B10+E89*C89*'Covariance'!C10+E89*D89*'Covariance'!D10+E89*E89*'Covariance'!E10+E89*F89*'Covariance'!F10+E89*G89*'Covariance'!G10+E89*H89*'Covariance'!H10+E89*I89*'Covariance'!I10+F89*B89*'Covariance'!B11+F89*C89*'Covariance'!C11+F89*D89*'Covariance'!D11+F89*E89*'Covariance'!E11+F89*F89*'Covariance'!F11+F89*G89*'Covariance'!G11+F89*H89*'Covariance'!H11+F89*I89*'Covariance'!I11+G89*B89*'Covariance'!B12+G89*C89*'Covariance'!C12+G89*D89*'Covariance'!D12+G89*E89*'Covariance'!E12+G89*F89*'Covariance'!F12+G89*G89*'Covariance'!G12+G89*H89*'Covariance'!H12+G89*I89*'Covariance'!I12+H89*B89*'Covariance'!B13+H89*C89*'Covariance'!C13+H89*D89*'Covariance'!D13+H89*E89*'Covariance'!E13+H89*F89*'Covariance'!F13+H89*G89*'Covariance'!G13+H89*H89*'Covariance'!H13+H89*I89*'Covariance'!I13+I89*B89*'Covariance'!B14+I89*C89*'Covariance'!C14+I89*D89*'Covariance'!D14+I89*E89*'Covariance'!E14+I89*F89*'Covariance'!F14+I89*G89*'Covariance'!G14+I89*H89*'Covariance'!H14+I89*I89*'Covariance'!I14)
Sampled portfolios,L89,=(J89-'Inputs'!$B$11)/K89
Sampled portfolios,J90,=B90*'Asset assumptions'!E7+C90*'Asset assumptions'!E8+D90*'Asset assumptions'!E9+E90*'Asset assumptions'!E10+F90*'Asset assumptions'!E11+G90*'Asset assumptions'!E12+H90*'Asset assumptions'!E13+I90*'Asset assumptions'!E14
Sampled portfolios,K90,=SQRT(B90*B90*'Covariance'!B7+B90*C90*'Covariance'!C7+B90*D90*'Covariance'!D7+B90*E90*'Covariance'!E7+B90*F90*'Covariance'!F7+B90*G90*'Covariance'!G7+B90*H90*'Covariance'!H7+B90*I90*'Covariance'!I7+C90*B90*'Covariance'!B8+C90*C90*'Covariance'!C8+C90*D90*'Covariance'!D8+C90*E90*'Covariance'!E8+C90*F90*'Covariance'!F8+C90*G90*'Covariance'!G8+C90*H90*'Covariance'!H8+C90*I90*'Covariance'!I8+D90*B90*'Covariance'!B9+D90*C90*'Covariance'!C9+D90*D90*'Covariance'!D9+D90*E90*'Covariance'!E9+D90*F90*'Covariance'!F9+D90*G90*'Covariance'!G9+D90*H90*'Covariance'!H9+D90*I90*'Covariance'!I9+E90*B90*'Covariance'!B10+E90*C90*'Covariance'!C10+E90*D90*'Covariance'!D10+E90*E90*'Covariance'!E10+E90*F90*'Covariance'!F10+E90*G90*'Covariance'!G10+E90*H90*'Covariance'!H10+E90*I90*'Covariance'!I10+F90*B90*'Covariance'!B11+F90*C90*'Covariance'!C11+F90*D90*'Covariance'!D11+F90*E90*'Covariance'!E11+F90*F90*'Covariance'!F11+F90*G90*'Covariance'!G11+F90*H90*'Covariance'!H11+F90*I90*'Covariance'!I11+G90*B90*'Covariance'!B12+G90*C90*'Covariance'!C12+G90*D90*'Covariance'!D12+G90*E90*'Covariance'!E12+G90*F90*'Covariance'!F12+G90*G90*'Covariance'!G12+G90*H90*'Covariance'!H12+G90*I90*'Covariance'!I12+H90*B90*'Covariance'!B13+H90*C90*'Covariance'!C13+H90*D90*'Covariance'!D13+H90*E90*'Covariance'!E13+H90*F90*'Covariance'!F13+H90*G90*'Covariance'!G13+H90*H90*'Covariance'!H13+H90*I90*'Covariance'!I13+I90*B90*'Covariance'!B14+I90*C90*'Covariance'!C14+I90*D90*'Covariance'!D14+I90*E90*'Covariance'!E14+I90*F90*'Covariance'!F14+I90*G90*'Covariance'!G14+I90*H90*'Covariance'!H14+I90*I90*'Covariance'!I14)
Sampled portfolios,L90,=(J90-'Inputs'!$B$11)/K90
Sampled portfolios,J91,=B91*'Asset assumptions'!E7+C91*'Asset assumptions'!E8+D91*'Asset assumptions'!E9+E91*'Asset assumptions'!E10+F91*'Asset assumptions'!E11+G91*'Asset assumptions'!E12+H91*'Asset assumptions'!E13+I91*'Asset assumptions'!E14
Sampled portfolios,K91,=SQRT(B91*B91*'Covariance'!B7+B91*C91*'Covariance'!C7+B91*D91*'Covariance'!D7+B91*E91*'Covariance'!E7+B91*F91*'Covariance'!F7+B91*G91*'Covariance'!G7+B91*H91*'Covariance'!H7+B91*I91*'Covariance'!I7+C91*B91*'Covariance'!B8+C91*C91*'Covariance'!C8+C91*D91*'Covariance'!D8+C91*E91*'Covariance'!E8+C91*F91*'Covariance'!F8+C91*G91*'Covariance'!G8+C91*H91*'Covariance'!H8+C91*I91*'Covariance'!I8+D91*B91*'Covariance'!B9+D91*C91*'Covariance'!C9+D91*D91*'Covariance'!D9+D91*E91*'Covariance'!E9+D91*F91*'Covariance'!F9+D91*G91*'Covariance'!G9+D91*H91*'Covariance'!H9+D91*I91*'Covariance'!I9+E91*B91*'Covariance'!B10+E91*C91*'Covariance'!C10+E91*D91*'Covariance'!D10+E91*E91*'Covariance'!E10+E91*F91*'Covariance'!F10+E91*G91*'Covariance'!G10+E91*H91*'Covariance'!H10+E91*I91*'Covariance'!I10+F91*B91*'Covariance'!B11+F91*C91*'Covariance'!C11+F91*D91*'Covariance'!D11+F91*E91*'Covariance'!E11+F91*F91*'Covariance'!F11+F91*G91*'Covariance'!G11+F91*H91*'Covariance'!H11+F91*I91*'Covariance'!I11+G91*B91*'Covariance'!B12+G91*C91*'Covariance'!C12+G91*D91*'Covariance'!D12+G91*E91*'Covariance'!E12+G91*F91*'Covariance'!F12+G91*G91*'Covariance'!G12+G91*H91*'Covariance'!H12+G91*I91*'Covariance'!I12+H91*B91*'Covariance'!B13+H91*C91*'Covariance'!C13+H91*D91*'Covariance'!D13+H91*E91*'Covariance'!E13+H91*F91*'Covariance'!F13+H91*G91*'Covariance'!G13+H91*H91*'Covariance'!H13+H91*I91*'Covariance'!I13+I91*B91*'Covariance'!B14+I91*C91*'Covariance'!C14+I91*D91*'Covariance'!D14+I91*E91*'Covariance'!E14+I91*F91*'Covariance'!F14+I91*G91*'Covariance'!G14+I91*H91*'Covariance'!H14+I91*I91*'Covariance'!I14)
Sampled portfolios,L91,=(J91-'Inputs'!$B$11)/K91
Sampled portfolios,J92,=B92*'Asset assumptions'!E7+C92*'Asset assumptions'!E8+D92*'Asset assumptions'!E9+E92*'Asset assumptions'!E10+F92*'Asset assumptions'!E11+G92*'Asset assumptions'!E12+H92*'Asset assumptions'!E13+I92*'Asset assumptions'!E14
Sampled portfolios,K92,=SQRT(B92*B92*'Covariance'!B7+B92*C92*'Covariance'!C7+B92*D92*'Covariance'!D7+B92*E92*'Covariance'!E7+B92*F92*'Covariance'!F7+B92*G92*'Covariance'!G7+B92*H92*'Covariance'!H7+B92*I92*'Covariance'!I7+C92*B92*'Covariance'!B8+C92*C92*'Covariance'!C8+C92*D92*'Covariance'!D8+C92*E92*'Covariance'!E8+C92*F92*'Covariance'!F8+C92*G92*'Covariance'!G8+C92*H92*'Covariance'!H8+C92*I92*'Covariance'!I8+D92*B92*'Covariance'!B9+D92*C92*'Covariance'!C9+D92*D92*'Covariance'!D9+D92*E92*'Covariance'!E9+D92*F92*'Covariance'!F9+D92*G92*'Covariance'!G9+D92*H92*'Covariance'!H9+D92*I92*'Covariance'!I9+E92*B92*'Covariance'!B10+E92*C92*'Covariance'!C10+E92*D92*'Covariance'!D10+E92*E92*'Covariance'!E10+E92*F92*'Covariance'!F10+E92*G92*'Covariance'!G10+E92*H92*'Covariance'!H10+E92*I92*'Covariance'!I10+F92*B92*'Covariance'!B11+F92*C92*'Covariance'!C11+F92*D92*'Covariance'!D11+F92*E92*'Covariance'!E11+F92*F92*'Covariance'!F11+F92*G92*'Covariance'!G11+F92*H92*'Covariance'!H11+F92*I92*'Covariance'!I11+G92*B92*'Covariance'!B12+G92*C92*'Covariance'!C12+G92*D92*'Covariance'!D12+G92*E92*'Covariance'!E12+G92*F92*'Covariance'!F12+G92*G92*'Covariance'!G12+G92*H92*'Covariance'!H12+G92*I92*'Covariance'!I12+H92*B92*'Covariance'!B13+H92*C92*'Covariance'!C13+H92*D92*'Covariance'!D13+H92*E92*'Covariance'!E13+H92*F92*'Covariance'!F13+H92*G92*'Covariance'!G13+H92*H92*'Covariance'!H13+H92*I92*'Covariance'!I13+I92*B92*'Covariance'!B14+I92*C92*'Covariance'!C14+I92*D92*'Covariance'!D14+I92*E92*'Covariance'!E14+I92*F92*'Covariance'!F14+I92*G92*'Covariance'!G14+I92*H92*'Covariance'!H14+I92*I92*'Covariance'!I14)
Sampled portfolios,L92,=(J92-'Inputs'!$B$11)/K92
Sampled portfolios,J93,=B93*'Asset assumptions'!E7+C93*'Asset assumptions'!E8+D93*'Asset assumptions'!E9+E93*'Asset assumptions'!E10+F93*'Asset assumptions'!E11+G93*'Asset assumptions'!E12+H93*'Asset assumptions'!E13+I93*'Asset assumptions'!E14
Sampled portfolios,K93,=SQRT(B93*B93*'Covariance'!B7+B93*C93*'Covariance'!C7+B93*D93*'Covariance'!D7+B93*E93*'Covariance'!E7+B93*F93*'Covariance'!F7+B93*G93*'Covariance'!G7+B93*H93*'Covariance'!H7+B93*I93*'Covariance'!I7+C93*B93*'Covariance'!B8+C93*C93*'Covariance'!C8+C93*D93*'Covariance'!D8+C93*E93*'Covariance'!E8+C93*F93*'Covariance'!F8+C93*G93*'Covariance'!G8+C93*H93*'Covariance'!H8+C93*I93*'Covariance'!I8+D93*B93*'Covariance'!B9+D93*C93*'Covariance'!C9+D93*D93*'Covariance'!D9+D93*E93*'Covariance'!E9+D93*F93*'Covariance'!F9+D93*G93*'Covariance'!G9+D93*H93*'Covariance'!H9+D93*I93*'Covariance'!I9+E93*B93*'Covariance'!B10+E93*C93*'Covariance'!C10+E93*D93*'Covariance'!D10+E93*E93*'Covariance'!E10+E93*F93*'Covariance'!F10+E93*G93*'Covariance'!G10+E93*H93*'Covariance'!H10+E93*I93*'Covariance'!I10+F93*B93*'Covariance'!B11+F93*C93*'Covariance'!C11+F93*D93*'Covariance'!D11+F93*E93*'Covariance'!E11+F93*F93*'Covariance'!F11+F93*G93*'Covariance'!G11+F93*H93*'Covariance'!H11+F93*I93*'Covariance'!I11+G93*B93*'Covariance'!B12+G93*C93*'Covariance'!C12+G93*D93*'Covariance'!D12+G93*E93*'Covariance'!E12+G93*F93*'Covariance'!F12+G93*G93*'Covariance'!G12+G93*H93*'Covariance'!H12+G93*I93*'Covariance'!I12+H93*B93*'Covariance'!B13+H93*C93*'Covariance'!C13+H93*D93*'Covariance'!D13+H93*E93*'Covariance'!E13+H93*F93*'Covariance'!F13+H93*G93*'Covariance'!G13+H93*H93*'Covariance'!H13+H93*I93*'Covariance'!I13+I93*B93*'Covariance'!B14+I93*C93*'Covariance'!C14+I93*D93*'Covariance'!D14+I93*E93*'Covariance'!E14+I93*F93*'Covariance'!F14+I93*G93*'Covariance'!G14+I93*H93*'Covariance'!H14+I93*I93*'Covariance'!I14)
Sampled portfolios,L93,=(J93-'Inputs'!$B$11)/K93
Sampled portfolios,J94,=B94*'Asset assumptions'!E7+C94*'Asset assumptions'!E8+D94*'Asset assumptions'!E9+E94*'Asset assumptions'!E10+F94*'Asset assumptions'!E11+G94*'Asset assumptions'!E12+H94*'Asset assumptions'!E13+I94*'Asset assumptions'!E14
Sampled portfolios,K94,=SQRT(B94*B94*'Covariance'!B7+B94*C94*'Covariance'!C7+B94*D94*'Covariance'!D7+B94*E94*'Covariance'!E7+B94*F94*'Covariance'!F7+B94*G94*'Covariance'!G7+B94*H94*'Covariance'!H7+B94*I94*'Covariance'!I7+C94*B94*'Covariance'!B8+C94*C94*'Covariance'!C8+C94*D94*'Covariance'!D8+C94*E94*'Covariance'!E8+C94*F94*'Covariance'!F8+C94*G94*'Covariance'!G8+C94*H94*'Covariance'!H8+C94*I94*'Covariance'!I8+D94*B94*'Covariance'!B9+D94*C94*'Covariance'!C9+D94*D94*'Covariance'!D9+D94*E94*'Covariance'!E9+D94*F94*'Covariance'!F9+D94*G94*'Covariance'!G9+D94*H94*'Covariance'!H9+D94*I94*'Covariance'!I9+E94*B94*'Covariance'!B10+E94*C94*'Covariance'!C10+E94*D94*'Covariance'!D10+E94*E94*'Covariance'!E10+E94*F94*'Covariance'!F10+E94*G94*'Covariance'!G10+E94*H94*'Covariance'!H10+E94*I94*'Covariance'!I10+F94*B94*'Covariance'!B11+F94*C94*'Covariance'!C11+F94*D94*'Covariance'!D11+F94*E94*'Covariance'!E11+F94*F94*'Covariance'!F11+F94*G94*'Covariance'!G11+F94*H94*'Covariance'!H11+F94*I94*'Covariance'!I11+G94*B94*'Covariance'!B12+G94*C94*'Covariance'!C12+G94*D94*'Covariance'!D12+G94*E94*'Covariance'!E12+G94*F94*'Covariance'!F12+G94*G94*'Covariance'!G12+G94*H94*'Covariance'!H12+G94*I94*'Covariance'!I12+H94*B94*'Covariance'!B13+H94*C94*'Covariance'!C13+H94*D94*'Covariance'!D13+H94*E94*'Covariance'!E13+H94*F94*'Covariance'!F13+H94*G94*'Covariance'!G13+H94*H94*'Covariance'!H13+H94*I94*'Covariance'!I13+I94*B94*'Covariance'!B14+I94*C94*'Covariance'!C14+I94*D94*'Covariance'!D14+I94*E94*'Covariance'!E14+I94*F94*'Covariance'!F14+I94*G94*'Covariance'!G14+I94*H94*'Covariance'!H14+I94*I94*'Covariance'!I14)
Sampled portfolios,L94,=(J94-'Inputs'!$B$11)/K94
Sampled portfolios,J95,=B95*'Asset assumptions'!E7+C95*'Asset assumptions'!E8+D95*'Asset assumptions'!E9+E95*'Asset assumptions'!E10+F95*'Asset assumptions'!E11+G95*'Asset assumptions'!E12+H95*'Asset assumptions'!E13+I95*'Asset assumptions'!E14
Sampled portfolios,K95,=SQRT(B95*B95*'Covariance'!B7+B95*C95*'Covariance'!C7+B95*D95*'Covariance'!D7+B95*E95*'Covariance'!E7+B95*F95*'Covariance'!F7+B95*G95*'Covariance'!G7+B95*H95*'Covariance'!H7+B95*I95*'Covariance'!I7+C95*B95*'Covariance'!B8+C95*C95*'Covariance'!C8+C95*D95*'Covariance'!D8+C95*E95*'Covariance'!E8+C95*F95*'Covariance'!F8+C95*G95*'Covariance'!G8+C95*H95*'Covariance'!H8+C95*I95*'Covariance'!I8+D95*B95*'Covariance'!B9+D95*C95*'Covariance'!C9+D95*D95*'Covariance'!D9+D95*E95*'Covariance'!E9+D95*F95*'Covariance'!F9+D95*G95*'Covariance'!G9+D95*H95*'Covariance'!H9+D95*I95*'Covariance'!I9+E95*B95*'Covariance'!B10+E95*C95*'Covariance'!C10+E95*D95*'Covariance'!D10+E95*E95*'Covariance'!E10+E95*F95*'Covariance'!F10+E95*G95*'Covariance'!G10+E95*H95*'Covariance'!H10+E95*I95*'Covariance'!I10+F95*B95*'Covariance'!B11+F95*C95*'Covariance'!C11+F95*D95*'Covariance'!D11+F95*E95*'Covariance'!E11+F95*F95*'Covariance'!F11+F95*G95*'Covariance'!G11+F95*H95*'Covariance'!H11+F95*I95*'Covariance'!I11+G95*B95*'Covariance'!B12+G95*C95*'Covariance'!C12+G95*D95*'Covariance'!D12+G95*E95*'Covariance'!E12+G95*F95*'Covariance'!F12+G95*G95*'Covariance'!G12+G95*H95*'Covariance'!H12+G95*I95*'Covariance'!I12+H95*B95*'Covariance'!B13+H95*C95*'Covariance'!C13+H95*D95*'Covariance'!D13+H95*E95*'Covariance'!E13+H95*F95*'Covariance'!F13+H95*G95*'Covariance'!G13+H95*H95*'Covariance'!H13+H95*I95*'Covariance'!I13+I95*B95*'Covariance'!B14+I95*C95*'Covariance'!C14+I95*D95*'Covariance'!D14+I95*E95*'Covariance'!E14+I95*F95*'Covariance'!F14+I95*G95*'Covariance'!G14+I95*H95*'Covariance'!H14+I95*I95*'Covariance'!I14)
Sampled portfolios,L95,=(J95-'Inputs'!$B$11)/K95
Sampled portfolios,J96,=B96*'Asset assumptions'!E7+C96*'Asset assumptions'!E8+D96*'Asset assumptions'!E9+E96*'Asset assumptions'!E10+F96*'Asset assumptions'!E11+G96*'Asset assumptions'!E12+H96*'Asset assumptions'!E13+I96*'Asset assumptions'!E14
Sampled portfolios,K96,=SQRT(B96*B96*'Covariance'!B7+B96*C96*'Covariance'!C7+B96*D96*'Covariance'!D7+B96*E96*'Covariance'!E7+B96*F96*'Covariance'!F7+B96*G96*'Covariance'!G7+B96*H96*'Covariance'!H7+B96*I96*'Covariance'!I7+C96*B96*'Covariance'!B8+C96*C96*'Covariance'!C8+C96*D96*'Covariance'!D8+C96*E96*'Covariance'!E8+C96*F96*'Covariance'!F8+C96*G96*'Covariance'!G8+C96*H96*'Covariance'!H8+C96*I96*'Covariance'!I8+D96*B96*'Covariance'!B9+D96*C96*'Covariance'!C9+D96*D96*'Covariance'!D9+D96*E96*'Covariance'!E9+D96*F96*'Covariance'!F9+D96*G96*'Covariance'!G9+D96*H96*'Covariance'!H9+D96*I96*'Covariance'!I9+E96*B96*'Covariance'!B10+E96*C96*'Covariance'!C10+E96*D96*'Covariance'!D10+E96*E96*'Covariance'!E10+E96*F96*'Covariance'!F10+E96*G96*'Covariance'!G10+E96*H96*'Covariance'!H10+E96*I96*'Covariance'!I10+F96*B96*'Covariance'!B11+F96*C96*'Covariance'!C11+F96*D96*'Covariance'!D11+F96*E96*'Covariance'!E11+F96*F96*'Covariance'!F11+F96*G96*'Covariance'!G11+F96*H96*'Covariance'!H11+F96*I96*'Covariance'!I11+G96*B96*'Covariance'!B12+G96*C96*'Covariance'!C12+G96*D96*'Covariance'!D12+G96*E96*'Covariance'!E12+G96*F96*'Covariance'!F12+G96*G96*'Covariance'!G12+G96*H96*'Covariance'!H12+G96*I96*'Covariance'!I12+H96*B96*'Covariance'!B13+H96*C96*'Covariance'!C13+H96*D96*'Covariance'!D13+H96*E96*'Covariance'!E13+H96*F96*'Covariance'!F13+H96*G96*'Covariance'!G13+H96*H96*'Covariance'!H13+H96*I96*'Covariance'!I13+I96*B96*'Covariance'!B14+I96*C96*'Covariance'!C14+I96*D96*'Covariance'!D14+I96*E96*'Covariance'!E14+I96*F96*'Covariance'!F14+I96*G96*'Covariance'!G14+I96*H96*'Covariance'!H14+I96*I96*'Covariance'!I14)
Sampled portfolios,L96,=(J96-'Inputs'!$B$11)/K96
Sampled portfolios,J97,=B97*'Asset assumptions'!E7+C97*'Asset assumptions'!E8+D97*'Asset assumptions'!E9+E97*'Asset assumptions'!E10+F97*'Asset assumptions'!E11+G97*'Asset assumptions'!E12+H97*'Asset assumptions'!E13+I97*'Asset assumptions'!E14
Sampled portfolios,K97,=SQRT(B97*B97*'Covariance'!B7+B97*C97*'Covariance'!C7+B97*D97*'Covariance'!D7+B97*E97*'Covariance'!E7+B97*F97*'Covariance'!F7+B97*G97*'Covariance'!G7+B97*H97*'Covariance'!H7+B97*I97*'Covariance'!I7+C97*B97*'Covariance'!B8+C97*C97*'Covariance'!C8+C97*D97*'Covariance'!D8+C97*E97*'Covariance'!E8+C97*F97*'Covariance'!F8+C97*G97*'Covariance'!G8+C97*H97*'Covariance'!H8+C97*I97*'Covariance'!I8+D97*B97*'Covariance'!B9+D97*C97*'Covariance'!C9+D97*D97*'Covariance'!D9+D97*E97*'Covariance'!E9+D97*F97*'Covariance'!F9+D97*G97*'Covariance'!G9+D97*H97*'Covariance'!H9+D97*I97*'Covariance'!I9+E97*B97*'Covariance'!B10+E97*C97*'Covariance'!C10+E97*D97*'Covariance'!D10+E97*E97*'Covariance'!E10+E97*F97*'Covariance'!F10+E97*G97*'Covariance'!G10+E97*H97*'Covariance'!H10+E97*I97*'Covariance'!I10+F97*B97*'Covariance'!B11+F97*C97*'Covariance'!C11+F97*D97*'Covariance'!D11+F97*E97*'Covariance'!E11+F97*F97*'Covariance'!F11+F97*G97*'Covariance'!G11+F97*H97*'Covariance'!H11+F97*I97*'Covariance'!I11+G97*B97*'Covariance'!B12+G97*C97*'Covariance'!C12+G97*D97*'Covariance'!D12+G97*E97*'Covariance'!E12+G97*F97*'Covariance'!F12+G97*G97*'Covariance'!G12+G97*H97*'Covariance'!H12+G97*I97*'Covariance'!I12+H97*B97*'Covariance'!B13+H97*C97*'Covariance'!C13+H97*D97*'Covariance'!D13+H97*E97*'Covariance'!E13+H97*F97*'Covariance'!F13+H97*G97*'Covariance'!G13+H97*H97*'Covariance'!H13+H97*I97*'Covariance'!I13+I97*B97*'Covariance'!B14+I97*C97*'Covariance'!C14+I97*D97*'Covariance'!D14+I97*E97*'Covariance'!E14+I97*F97*'Covariance'!F14+I97*G97*'Covariance'!G14+I97*H97*'Covariance'!H14+I97*I97*'Covariance'!I14)
Sampled portfolios,L97,=(J97-'Inputs'!$B$11)/K97
Sampled portfolios,J98,=B98*'Asset assumptions'!E7+C98*'Asset assumptions'!E8+D98*'Asset assumptions'!E9+E98*'Asset assumptions'!E10+F98*'Asset assumptions'!E11+G98*'Asset assumptions'!E12+H98*'Asset assumptions'!E13+I98*'Asset assumptions'!E14
Sampled portfolios,K98,=SQRT(B98*B98*'Covariance'!B7+B98*C98*'Covariance'!C7+B98*D98*'Covariance'!D7+B98*E98*'Covariance'!E7+B98*F98*'Covariance'!F7+B98*G98*'Covariance'!G7+B98*H98*'Covariance'!H7+B98*I98*'Covariance'!I7+C98*B98*'Covariance'!B8+C98*C98*'Covariance'!C8+C98*D98*'Covariance'!D8+C98*E98*'Covariance'!E8+C98*F98*'Covariance'!F8+C98*G98*'Covariance'!G8+C98*H98*'Covariance'!H8+C98*I98*'Covariance'!I8+D98*B98*'Covariance'!B9+D98*C98*'Covariance'!C9+D98*D98*'Covariance'!D9+D98*E98*'Covariance'!E9+D98*F98*'Covariance'!F9+D98*G98*'Covariance'!G9+D98*H98*'Covariance'!H9+D98*I98*'Covariance'!I9+E98*B98*'Covariance'!B10+E98*C98*'Covariance'!C10+E98*D98*'Covariance'!D10+E98*E98*'Covariance'!E10+E98*F98*'Covariance'!F10+E98*G98*'Covariance'!G10+E98*H98*'Covariance'!H10+E98*I98*'Covariance'!I10+F98*B98*'Covariance'!B11+F98*C98*'Covariance'!C11+F98*D98*'Covariance'!D11+F98*E98*'Covariance'!E11+F98*F98*'Covariance'!F11+F98*G98*'Covariance'!G11+F98*H98*'Covariance'!H11+F98*I98*'Covariance'!I11+G98*B98*'Covariance'!B12+G98*C98*'Covariance'!C12+G98*D98*'Covariance'!D12+G98*E98*'Covariance'!E12+G98*F98*'Covariance'!F12+G98*G98*'Covariance'!G12+G98*H98*'Covariance'!H12+G98*I98*'Covariance'!I12+H98*B98*'Covariance'!B13+H98*C98*'Covariance'!C13+H98*D98*'Covariance'!D13+H98*E98*'Covariance'!E13+H98*F98*'Covariance'!F13+H98*G98*'Covariance'!G13+H98*H98*'Covariance'!H13+H98*I98*'Covariance'!I13+I98*B98*'Covariance'!B14+I98*C98*'Covariance'!C14+I98*D98*'Covariance'!D14+I98*E98*'Covariance'!E14+I98*F98*'Covariance'!F14+I98*G98*'Covariance'!G14+I98*H98*'Covariance'!H14+I98*I98*'Covariance'!I14)
Sampled portfolios,L98,=(J98-'Inputs'!$B$11)/K98
Sampled portfolios,J99,=B99*'Asset assumptions'!E7+C99*'Asset assumptions'!E8+D99*'Asset assumptions'!E9+E99*'Asset assumptions'!E10+F99*'Asset assumptions'!E11+G99*'Asset assumptions'!E12+H99*'Asset assumptions'!E13+I99*'Asset assumptions'!E14
Sampled portfolios,K99,=SQRT(B99*B99*'Covariance'!B7+B99*C99*'Covariance'!C7+B99*D99*'Covariance'!D7+B99*E99*'Covariance'!E7+B99*F99*'Covariance'!F7+B99*G99*'Covariance'!G7+B99*H99*'Covariance'!H7+B99*I99*'Covariance'!I7+C99*B99*'Covariance'!B8+C99*C99*'Covariance'!C8+C99*D99*'Covariance'!D8+C99*E99*'Covariance'!E8+C99*F99*'Covariance'!F8+C99*G99*'Covariance'!G8+C99*H99*'Covariance'!H8+C99*I99*'Covariance'!I8+D99*B99*'Covariance'!B9+D99*C99*'Covariance'!C9+D99*D99*'Covariance'!D9+D99*E99*'Covariance'!E9+D99*F99*'Covariance'!F9+D99*G99*'Covariance'!G9+D99*H99*'Covariance'!H9+D99*I99*'Covariance'!I9+E99*B99*'Covariance'!B10+E99*C99*'Covariance'!C10+E99*D99*'Covariance'!D10+E99*E99*'Covariance'!E10+E99*F99*'Covariance'!F10+E99*G99*'Covariance'!G10+E99*H99*'Covariance'!H10+E99*I99*'Covariance'!I10+F99*B99*'Covariance'!B11+F99*C99*'Covariance'!C11+F99*D99*'Covariance'!D11+F99*E99*'Covariance'!E11+F99*F99*'Covariance'!F11+F99*G99*'Covariance'!G11+F99*H99*'Covariance'!H11+F99*I99*'Covariance'!I11+G99*B99*'Covariance'!B12+G99*C99*'Covariance'!C12+G99*D99*'Covariance'!D12+G99*E99*'Covariance'!E12+G99*F99*'Covariance'!F12+G99*G99*'Covariance'!G12+G99*H99*'Covariance'!H12+G99*I99*'Covariance'!I12+H99*B99*'Covariance'!B13+H99*C99*'Covariance'!C13+H99*D99*'Covariance'!D13+H99*E99*'Covariance'!E13+H99*F99*'Covariance'!F13+H99*G99*'Covariance'!G13+H99*H99*'Covariance'!H13+H99*I99*'Covariance'!I13+I99*B99*'Covariance'!B14+I99*C99*'Covariance'!C14+I99*D99*'Covariance'!D14+I99*E99*'Covariance'!E14+I99*F99*'Covariance'!F14+I99*G99*'Covariance'!G14+I99*H99*'Covariance'!H14+I99*I99*'Covariance'!I14)
Sampled portfolios,L99,=(J99-'Inputs'!$B$11)/K99
Sampled portfolios,J100,=B100*'Asset assumptions'!E7+C100*'Asset assumptions'!E8+D100*'Asset assumptions'!E9+E100*'Asset assumptions'!E10+F100*'Asset assumptions'!E11+G100*'Asset assumptions'!E12+H100*'Asset assumptions'!E13+I100*'Asset assumptions'!E14
Sampled portfolios,K100,=SQRT(B100*B100*'Covariance'!B7+B100*C100*'Covariance'!C7+B100*D100*'Covariance'!D7+B100*E100*'Covariance'!E7+B100*F100*'Covariance'!F7+B100*G100*'Covariance'!G7+B100*H100*'Covariance'!H7+B100*I100*'Covariance'!I7+C100*B100*'Covariance'!B8+C100*C100*'Covariance'!C8+C100*D100*'Covariance'!D8+C100*E100*'Covariance'!E8+C100*F100*'Covariance'!F8+C100*G100*'Covariance'!G8+C100*H100*'Covariance'!H8+C100*I100*'Covariance'!I8+D100*B100*'Covariance'!B9+D100*C100*'Covariance'!C9+D100*D100*'Covariance'!D9+D100*E100*'Covariance'!E9+D100*F100*'Covariance'!F9+D100*G100*'Covariance'!G9+D100*H100*'Covariance'!H9+D100*I100*'Covariance'!I9+E100*B100*'Covariance'!B10+E100*C100*'Covariance'!C10+E100*D100*'Covariance'!D10+E100*E100*'Covariance'!E10+E100*F100*'Covariance'!F10+E100*G100*'Covariance'!G10+E100*H100*'Covariance'!H10+E100*I100*'Covariance'!I10+F100*B100*'Covariance'!B11+F100*C100*'Covariance'!C11+F100*D100*'Covariance'!D11+F100*E100*'Covariance'!E11+F100*F100*'Covariance'!F11+F100*G100*'Covariance'!G11+F100*H100*'Covariance'!H11+F100*I100*'Covariance'!I11+G100*B100*'Covariance'!B12+G100*C100*'Covariance'!C12+G100*D100*'Covariance'!D12+G100*E100*'Covariance'!E12+G100*F100*'Covariance'!F12+G100*G100*'Covariance'!G12+G100*H100*'Covariance'!H12+G100*I100*'Covariance'!I12+H100*B100*'Covariance'!B13+H100*C100*'Covariance'!C13+H100*D100*'Covariance'!D13+H100*E100*'Covariance'!E13+H100*F100*'Covariance'!F13+H100*G100*'Covariance'!G13+H100*H100*'Covariance'!H13+H100*I100*'Covariance'!I13+I100*B100*'Covariance'!B14+I100*C100*'Covariance'!C14+I100*D100*'Covariance'!D14+I100*E100*'Covariance'!E14+I100*F100*'Covariance'!F14+I100*G100*'Covariance'!G14+I100*H100*'Covariance'!H14+I100*I100*'Covariance'!I14)
Sampled portfolios,L100,=(J100-'Inputs'!$B$11)/K100
Sampled portfolios,J101,=B101*'Asset assumptions'!E7+C101*'Asset assumptions'!E8+D101*'Asset assumptions'!E9+E101*'Asset assumptions'!E10+F101*'Asset assumptions'!E11+G101*'Asset assumptions'!E12+H101*'Asset assumptions'!E13+I101*'Asset assumptions'!E14
Sampled portfolios,K101,=SQRT(B101*B101*'Covariance'!B7+B101*C101*'Covariance'!C7+B101*D101*'Covariance'!D7+B101*E101*'Covariance'!E7+B101*F101*'Covariance'!F7+B101*G101*'Covariance'!G7+B101*H101*'Covariance'!H7+B101*I101*'Covariance'!I7+C101*B101*'Covariance'!B8+C101*C101*'Covariance'!C8+C101*D101*'Covariance'!D8+C101*E101*'Covariance'!E8+C101*F101*'Covariance'!F8+C101*G101*'Covariance'!G8+C101*H101*'Covariance'!H8+C101*I101*'Covariance'!I8+D101*B101*'Covariance'!B9+D101*C101*'Covariance'!C9+D101*D101*'Covariance'!D9+D101*E101*'Covariance'!E9+D101*F101*'Covariance'!F9+D101*G101*'Covariance'!G9+D101*H101*'Covariance'!H9+D101*I101*'Covariance'!I9+E101*B101*'Covariance'!B10+E101*C101*'Covariance'!C10+E101*D101*'Covariance'!D10+E101*E101*'Covariance'!E10+E101*F101*'Covariance'!F10+E101*G101*'Covariance'!G10+E101*H101*'Covariance'!H10+E101*I101*'Covariance'!I10+F101*B101*'Covariance'!B11+F101*C101*'Covariance'!C11+F101*D101*'Covariance'!D11+F101*E101*'Covariance'!E11+F101*F101*'Covariance'!F11+F101*G101*'Covariance'!G11+F101*H101*'Covariance'!H11+F101*I101*'Covariance'!I11+G101*B101*'Covariance'!B12+G101*C101*'Covariance'!C12+G101*D101*'Covariance'!D12+G101*E101*'Covariance'!E12+G101*F101*'Covariance'!F12+G101*G101*'Covariance'!G12+G101*H101*'Covariance'!H12+G101*I101*'Covariance'!I12+H101*B101*'Covariance'!B13+H101*C101*'Covariance'!C13+H101*D101*'Covariance'!D13+H101*E101*'Covariance'!E13+H101*F101*'Covariance'!F13+H101*G101*'Covariance'!G13+H101*H101*'Covariance'!H13+H101*I101*'Covariance'!I13+I101*B101*'Covariance'!B14+I101*C101*'Covariance'!C14+I101*D101*'Covariance'!D14+I101*E101*'Covariance'!E14+I101*F101*'Covariance'!F14+I101*G101*'Covariance'!G14+I101*H101*'Covariance'!H14+I101*I101*'Covariance'!I14)
Sampled portfolios,L101,=(J101-'Inputs'!$B$11)/K101
Sampled portfolios,J102,=B102*'Asset assumptions'!E7+C102*'Asset assumptions'!E8+D102*'Asset assumptions'!E9+E102*'Asset assumptions'!E10+F102*'Asset assumptions'!E11+G102*'Asset assumptions'!E12+H102*'Asset assumptions'!E13+I102*'Asset assumptions'!E14
Sampled portfolios,K102,=SQRT(B102*B102*'Covariance'!B7+B102*C102*'Covariance'!C7+B102*D102*'Covariance'!D7+B102*E102*'Covariance'!E7+B102*F102*'Covariance'!F7+B102*G102*'Covariance'!G7+B102*H102*'Covariance'!H7+B102*I102*'Covariance'!I7+C102*B102*'Covariance'!B8+C102*C102*'Covariance'!C8+C102*D102*'Covariance'!D8+C102*E102*'Covariance'!E8+C102*F102*'Covariance'!F8+C102*G102*'Covariance'!G8+C102*H102*'Covariance'!H8+C102*I102*'Covariance'!I8+D102*B102*'Covariance'!B9+D102*C102*'Covariance'!C9+D102*D102*'Covariance'!D9+D102*E102*'Covariance'!E9+D102*F102*'Covariance'!F9+D102*G102*'Covariance'!G9+D102*H102*'Covariance'!H9+D102*I102*'Covariance'!I9+E102*B102*'Covariance'!B10+E102*C102*'Covariance'!C10+E102*D102*'Covariance'!D10+E102*E102*'Covariance'!E10+E102*F102*'Covariance'!F10+E102*G102*'Covariance'!G10+E102*H102*'Covariance'!H10+E102*I102*'Covariance'!I10+F102*B102*'Covariance'!B11+F102*C102*'Covariance'!C11+F102*D102*'Covariance'!D11+F102*E102*'Covariance'!E11+F102*F102*'Covariance'!F11+F102*G102*'Covariance'!G11+F102*H102*'Covariance'!H11+F102*I102*'Covariance'!I11+G102*B102*'Covariance'!B12+G102*C102*'Covariance'!C12+G102*D102*'Covariance'!D12+G102*E102*'Covariance'!E12+G102*F102*'Covariance'!F12+G102*G102*'Covariance'!G12+G102*H102*'Covariance'!H12+G102*I102*'Covariance'!I12+H102*B102*'Covariance'!B13+H102*C102*'Covariance'!C13+H102*D102*'Covariance'!D13+H102*E102*'Covariance'!E13+H102*F102*'Covariance'!F13+H102*G102*'Covariance'!G13+H102*H102*'Covariance'!H13+H102*I102*'Covariance'!I13+I102*B102*'Covariance'!B14+I102*C102*'Covariance'!C14+I102*D102*'Covariance'!D14+I102*E102*'Covariance'!E14+I102*F102*'Covariance'!F14+I102*G102*'Covariance'!G14+I102*H102*'Covariance'!H14+I102*I102*'Covariance'!I14)
Sampled portfolios,L102,=(J102-'Inputs'!$B$11)/K102
Sampled portfolios,J103,=B103*'Asset assumptions'!E7+C103*'Asset assumptions'!E8+D103*'Asset assumptions'!E9+E103*'Asset assumptions'!E10+F103*'Asset assumptions'!E11+G103*'Asset assumptions'!E12+H103*'Asset assumptions'!E13+I103*'Asset assumptions'!E14
Sampled portfolios,K103,=SQRT(B103*B103*'Covariance'!B7+B103*C103*'Covariance'!C7+B103*D103*'Covariance'!D7+B103*E103*'Covariance'!E7+B103*F103*'Covariance'!F7+B103*G103*'Covariance'!G7+B103*H103*'Covariance'!H7+B103*I103*'Covariance'!I7+C103*B103*'Covariance'!B8+C103*C103*'Covariance'!C8+C103*D103*'Covariance'!D8+C103*E103*'Covariance'!E8+C103*F103*'Covariance'!F8+C103*G103*'Covariance'!G8+C103*H103*'Covariance'!H8+C103*I103*'Covariance'!I8+D103*B103*'Covariance'!B9+D103*C103*'Covariance'!C9+D103*D103*'Covariance'!D9+D103*E103*'Covariance'!E9+D103*F103*'Covariance'!F9+D103*G103*'Covariance'!G9+D103*H103*'Covariance'!H9+D103*I103*'Covariance'!I9+E103*B103*'Covariance'!B10+E103*C103*'Covariance'!C10+E103*D103*'Covariance'!D10+E103*E103*'Covariance'!E10+E103*F103*'Covariance'!F10+E103*G103*'Covariance'!G10+E103*H103*'Covariance'!H10+E103*I103*'Covariance'!I10+F103*B103*'Covariance'!B11+F103*C103*'Covariance'!C11+F103*D103*'Covariance'!D11+F103*E103*'Covariance'!E11+F103*F103*'Covariance'!F11+F103*G103*'Covariance'!G11+F103*H103*'Covariance'!H11+F103*I103*'Covariance'!I11+G103*B103*'Covariance'!B12+G103*C103*'Covariance'!C12+G103*D103*'Covariance'!D12+G103*E103*'Covariance'!E12+G103*F103*'Covariance'!F12+G103*G103*'Covariance'!G12+G103*H103*'Covariance'!H12+G103*I103*'Covariance'!I12+H103*B103*'Covariance'!B13+H103*C103*'Covariance'!C13+H103*D103*'Covariance'!D13+H103*E103*'Covariance'!E13+H103*F103*'Covariance'!F13+H103*G103*'Covariance'!G13+H103*H103*'Covariance'!H13+H103*I103*'Covariance'!I13+I103*B103*'Covariance'!B14+I103*C103*'Covariance'!C14+I103*D103*'Covariance'!D14+I103*E103*'Covariance'!E14+I103*F103*'Covariance'!F14+I103*G103*'Covariance'!G14+I103*H103*'Covariance'!H14+I103*I103*'Covariance'!I14)
Sampled portfolios,L103,=(J103-'Inputs'!$B$11)/K103
Sampled portfolios,J104,=B104*'Asset assumptions'!E7+C104*'Asset assumptions'!E8+D104*'Asset assumptions'!E9+E104*'Asset assumptions'!E10+F104*'Asset assumptions'!E11+G104*'Asset assumptions'!E12+H104*'Asset assumptions'!E13+I104*'Asset assumptions'!E14
Sampled portfolios,K104,=SQRT(B104*B104*'Covariance'!B7+B104*C104*'Covariance'!C7+B104*D104*'Covariance'!D7+B104*E104*'Covariance'!E7+B104*F104*'Covariance'!F7+B104*G104*'Covariance'!G7+B104*H104*'Covariance'!H7+B104*I104*'Covariance'!I7+C104*B104*'Covariance'!B8+C104*C104*'Covariance'!C8+C104*D104*'Covariance'!D8+C104*E104*'Covariance'!E8+C104*F104*'Covariance'!F8+C104*G104*'Covariance'!G8+C104*H104*'Covariance'!H8+C104*I104*'Covariance'!I8+D104*B104*'Covariance'!B9+D104*C104*'Covariance'!C9+D104*D104*'Covariance'!D9+D104*E104*'Covariance'!E9+D104*F104*'Covariance'!F9+D104*G104*'Covariance'!G9+D104*H104*'Covariance'!H9+D104*I104*'Covariance'!I9+E104*B104*'Covariance'!B10+E104*C104*'Covariance'!C10+E104*D104*'Covariance'!D10+E104*E104*'Covariance'!E10+E104*F104*'Covariance'!F10+E104*G104*'Covariance'!G10+E104*H104*'Covariance'!H10+E104*I104*'Covariance'!I10+F104*B104*'Covariance'!B11+F104*C104*'Covariance'!C11+F104*D104*'Covariance'!D11+F104*E104*'Covariance'!E11+F104*F104*'Covariance'!F11+F104*G104*'Covariance'!G11+F104*H104*'Covariance'!H11+F104*I104*'Covariance'!I11+G104*B104*'Covariance'!B12+G104*C104*'Covariance'!C12+G104*D104*'Covariance'!D12+G104*E104*'Covariance'!E12+G104*F104*'Covariance'!F12+G104*G104*'Covariance'!G12+G104*H104*'Covariance'!H12+G104*I104*'Covariance'!I12+H104*B104*'Covariance'!B13+H104*C104*'Covariance'!C13+H104*D104*'Covariance'!D13+H104*E104*'Covariance'!E13+H104*F104*'Covariance'!F13+H104*G104*'Covariance'!G13+H104*H104*'Covariance'!H13+H104*I104*'Covariance'!I13+I104*B104*'Covariance'!B14+I104*C104*'Covariance'!C14+I104*D104*'Covariance'!D14+I104*E104*'Covariance'!E14+I104*F104*'Covariance'!F14+I104*G104*'Covariance'!G14+I104*H104*'Covariance'!H14+I104*I104*'Covariance'!I14)
Sampled portfolios,L104,=(J104-'Inputs'!$B$11)/K104
Sampled portfolios,J105,=B105*'Asset assumptions'!E7+C105*'Asset assumptions'!E8+D105*'Asset assumptions'!E9+E105*'Asset assumptions'!E10+F105*'Asset assumptions'!E11+G105*'Asset assumptions'!E12+H105*'Asset assumptions'!E13+I105*'Asset assumptions'!E14
Sampled portfolios,K105,=SQRT(B105*B105*'Covariance'!B7+B105*C105*'Covariance'!C7+B105*D105*'Covariance'!D7+B105*E105*'Covariance'!E7+B105*F105*'Covariance'!F7+B105*G105*'Covariance'!G7+B105*H105*'Covariance'!H7+B105*I105*'Covariance'!I7+C105*B105*'Covariance'!B8+C105*C105*'Covariance'!C8+C105*D105*'Covariance'!D8+C105*E105*'Covariance'!E8+C105*F105*'Covariance'!F8+C105*G105*'Covariance'!G8+C105*H105*'Covariance'!H8+C105*I105*'Covariance'!I8+D105*B105*'Covariance'!B9+D105*C105*'Covariance'!C9+D105*D105*'Covariance'!D9+D105*E105*'Covariance'!E9+D105*F105*'Covariance'!F9+D105*G105*'Covariance'!G9+D105*H105*'Covariance'!H9+D105*I105*'Covariance'!I9+E105*B105*'Covariance'!B10+E105*C105*'Covariance'!C10+E105*D105*'Covariance'!D10+E105*E105*'Covariance'!E10+E105*F105*'Covariance'!F10+E105*G105*'Covariance'!G10+E105*H105*'Covariance'!H10+E105*I105*'Covariance'!I10+F105*B105*'Covariance'!B11+F105*C105*'Covariance'!C11+F105*D105*'Covariance'!D11+F105*E105*'Covariance'!E11+F105*F105*'Covariance'!F11+F105*G105*'Covariance'!G11+F105*H105*'Covariance'!H11+F105*I105*'Covariance'!I11+G105*B105*'Covariance'!B12+G105*C105*'Covariance'!C12+G105*D105*'Covariance'!D12+G105*E105*'Covariance'!E12+G105*F105*'Covariance'!F12+G105*G105*'Covariance'!G12+G105*H105*'Covariance'!H12+G105*I105*'Covariance'!I12+H105*B105*'Covariance'!B13+H105*C105*'Covariance'!C13+H105*D105*'Covariance'!D13+H105*E105*'Covariance'!E13+H105*F105*'Covariance'!F13+H105*G105*'Covariance'!G13+H105*H105*'Covariance'!H13+H105*I105*'Covariance'!I13+I105*B105*'Covariance'!B14+I105*C105*'Covariance'!C14+I105*D105*'Covariance'!D14+I105*E105*'Covariance'!E14+I105*F105*'Covariance'!F14+I105*G105*'Covariance'!G14+I105*H105*'Covariance'!H14+I105*I105*'Covariance'!I14)
Sampled portfolios,L105,=(J105-'Inputs'!$B$11)/K105
Sampled portfolios,J106,=B106*'Asset assumptions'!E7+C106*'Asset assumptions'!E8+D106*'Asset assumptions'!E9+E106*'Asset assumptions'!E10+F106*'Asset assumptions'!E11+G106*'Asset assumptions'!E12+H106*'Asset assumptions'!E13+I106*'Asset assumptions'!E14
Sampled portfolios,K106,=SQRT(B106*B106*'Covariance'!B7+B106*C106*'Covariance'!C7+B106*D106*'Covariance'!D7+B106*E106*'Covariance'!E7+B106*F106*'Covariance'!F7+B106*G106*'Covariance'!G7+B106*H106*'Covariance'!H7+B106*I106*'Covariance'!I7+C106*B106*'Covariance'!B8+C106*C106*'Covariance'!C8+C106*D106*'Covariance'!D8+C106*E106*'Covariance'!E8+C106*F106*'Covariance'!F8+C106*G106*'Covariance'!G8+C106*H106*'Covariance'!H8+C106*I106*'Covariance'!I8+D106*B106*'Covariance'!B9+D106*C106*'Covariance'!C9+D106*D106*'Covariance'!D9+D106*E106*'Covariance'!E9+D106*F106*'Covariance'!F9+D106*G106*'Covariance'!G9+D106*H106*'Covariance'!H9+D106*I106*'Covariance'!I9+E106*B106*'Covariance'!B10+E106*C106*'Covariance'!C10+E106*D106*'Covariance'!D10+E106*E106*'Covariance'!E10+E106*F106*'Covariance'!F10+E106*G106*'Covariance'!G10+E106*H106*'Covariance'!H10+E106*I106*'Covariance'!I10+F106*B106*'Covariance'!B11+F106*C106*'Covariance'!C11+F106*D106*'Covariance'!D11+F106*E106*'Covariance'!E11+F106*F106*'Covariance'!F11+F106*G106*'Covariance'!G11+F106*H106*'Covariance'!H11+F106*I106*'Covariance'!I11+G106*B106*'Covariance'!B12+G106*C106*'Covariance'!C12+G106*D106*'Covariance'!D12+G106*E106*'Covariance'!E12+G106*F106*'Covariance'!F12+G106*G106*'Covariance'!G12+G106*H106*'Covariance'!H12+G106*I106*'Covariance'!I12+H106*B106*'Covariance'!B13+H106*C106*'Covariance'!C13+H106*D106*'Covariance'!D13+H106*E106*'Covariance'!E13+H106*F106*'Covariance'!F13+H106*G106*'Covariance'!G13+H106*H106*'Covariance'!H13+H106*I106*'Covariance'!I13+I106*B106*'Covariance'!B14+I106*C106*'Covariance'!C14+I106*D106*'Covariance'!D14+I106*E106*'Covariance'!E14+I106*F106*'Covariance'!F14+I106*G106*'Covariance'!G14+I106*H106*'Covariance'!H14+I106*I106*'Covariance'!I14)
Sampled portfolios,L106,=(J106-'Inputs'!$B$11)/K106
Sampled portfolios,J107,=B107*'Asset assumptions'!E7+C107*'Asset assumptions'!E8+D107*'Asset assumptions'!E9+E107*'Asset assumptions'!E10+F107*'Asset assumptions'!E11+G107*'Asset assumptions'!E12+H107*'Asset assumptions'!E13+I107*'Asset assumptions'!E14
Sampled portfolios,K107,=SQRT(B107*B107*'Covariance'!B7+B107*C107*'Covariance'!C7+B107*D107*'Covariance'!D7+B107*E107*'Covariance'!E7+B107*F107*'Covariance'!F7+B107*G107*'Covariance'!G7+B107*H107*'Covariance'!H7+B107*I107*'Covariance'!I7+C107*B107*'Covariance'!B8+C107*C107*'Covariance'!C8+C107*D107*'Covariance'!D8+C107*E107*'Covariance'!E8+C107*F107*'Covariance'!F8+C107*G107*'Covariance'!G8+C107*H107*'Covariance'!H8+C107*I107*'Covariance'!I8+D107*B107*'Covariance'!B9+D107*C107*'Covariance'!C9+D107*D107*'Covariance'!D9+D107*E107*'Covariance'!E9+D107*F107*'Covariance'!F9+D107*G107*'Covariance'!G9+D107*H107*'Covariance'!H9+D107*I107*'Covariance'!I9+E107*B107*'Covariance'!B10+E107*C107*'Covariance'!C10+E107*D107*'Covariance'!D10+E107*E107*'Covariance'!E10+E107*F107*'Covariance'!F10+E107*G107*'Covariance'!G10+E107*H107*'Covariance'!H10+E107*I107*'Covariance'!I10+F107*B107*'Covariance'!B11+F107*C107*'Covariance'!C11+F107*D107*'Covariance'!D11+F107*E107*'Covariance'!E11+F107*F107*'Covariance'!F11+F107*G107*'Covariance'!G11+F107*H107*'Covariance'!H11+F107*I107*'Covariance'!I11+G107*B107*'Covariance'!B12+G107*C107*'Covariance'!C12+G107*D107*'Covariance'!D12+G107*E107*'Covariance'!E12+G107*F107*'Covariance'!F12+G107*G107*'Covariance'!G12+G107*H107*'Covariance'!H12+G107*I107*'Covariance'!I12+H107*B107*'Covariance'!B13+H107*C107*'Covariance'!C13+H107*D107*'Covariance'!D13+H107*E107*'Covariance'!E13+H107*F107*'Covariance'!F13+H107*G107*'Covariance'!G13+H107*H107*'Covariance'!H13+H107*I107*'Covariance'!I13+I107*B107*'Covariance'!B14+I107*C107*'Covariance'!C14+I107*D107*'Covariance'!D14+I107*E107*'Covariance'!E14+I107*F107*'Covariance'!F14+I107*G107*'Covariance'!G14+I107*H107*'Covariance'!H14+I107*I107*'Covariance'!I14)
Sampled portfolios,L107,=(J107-'Inputs'!$B$11)/K107
Sampled portfolios,J108,=B108*'Asset assumptions'!E7+C108*'Asset assumptions'!E8+D108*'Asset assumptions'!E9+E108*'Asset assumptions'!E10+F108*'Asset assumptions'!E11+G108*'Asset assumptions'!E12+H108*'Asset assumptions'!E13+I108*'Asset assumptions'!E14
Sampled portfolios,K108,=SQRT(B108*B108*'Covariance'!B7+B108*C108*'Covariance'!C7+B108*D108*'Covariance'!D7+B108*E108*'Covariance'!E7+B108*F108*'Covariance'!F7+B108*G108*'Covariance'!G7+B108*H108*'Covariance'!H7+B108*I108*'Covariance'!I7+C108*B108*'Covariance'!B8+C108*C108*'Covariance'!C8+C108*D108*'Covariance'!D8+C108*E108*'Covariance'!E8+C108*F108*'Covariance'!F8+C108*G108*'Covariance'!G8+C108*H108*'Covariance'!H8+C108*I108*'Covariance'!I8+D108*B108*'Covariance'!B9+D108*C108*'Covariance'!C9+D108*D108*'Covariance'!D9+D108*E108*'Covariance'!E9+D108*F108*'Covariance'!F9+D108*G108*'Covariance'!G9+D108*H108*'Covariance'!H9+D108*I108*'Covariance'!I9+E108*B108*'Covariance'!B10+E108*C108*'Covariance'!C10+E108*D108*'Covariance'!D10+E108*E108*'Covariance'!E10+E108*F108*'Covariance'!F10+E108*G108*'Covariance'!G10+E108*H108*'Covariance'!H10+E108*I108*'Covariance'!I10+F108*B108*'Covariance'!B11+F108*C108*'Covariance'!C11+F108*D108*'Covariance'!D11+F108*E108*'Covariance'!E11+F108*F108*'Covariance'!F11+F108*G108*'Covariance'!G11+F108*H108*'Covariance'!H11+F108*I108*'Covariance'!I11+G108*B108*'Covariance'!B12+G108*C108*'Covariance'!C12+G108*D108*'Covariance'!D12+G108*E108*'Covariance'!E12+G108*F108*'Covariance'!F12+G108*G108*'Covariance'!G12+G108*H108*'Covariance'!H12+G108*I108*'Covariance'!I12+H108*B108*'Covariance'!B13+H108*C108*'Covariance'!C13+H108*D108*'Covariance'!D13+H108*E108*'Covariance'!E13+H108*F108*'Covariance'!F13+H108*G108*'Covariance'!G13+H108*H108*'Covariance'!H13+H108*I108*'Covariance'!I13+I108*B108*'Covariance'!B14+I108*C108*'Covariance'!C14+I108*D108*'Covariance'!D14+I108*E108*'Covariance'!E14+I108*F108*'Covariance'!F14+I108*G108*'Covariance'!G14+I108*H108*'Covariance'!H14+I108*I108*'Covariance'!I14)
Sampled portfolios,L108,=(J108-'Inputs'!$B$11)/K108
Sampled portfolios,J109,=B109*'Asset assumptions'!E7+C109*'Asset assumptions'!E8+D109*'Asset assumptions'!E9+E109*'Asset assumptions'!E10+F109*'Asset assumptions'!E11+G109*'Asset assumptions'!E12+H109*'Asset assumptions'!E13+I109*'Asset assumptions'!E14
Sampled portfolios,K109,=SQRT(B109*B109*'Covariance'!B7+B109*C109*'Covariance'!C7+B109*D109*'Covariance'!D7+B109*E109*'Covariance'!E7+B109*F109*'Covariance'!F7+B109*G109*'Covariance'!G7+B109*H109*'Covariance'!H7+B109*I109*'Covariance'!I7+C109*B109*'Covariance'!B8+C109*C109*'Covariance'!C8+C109*D109*'Covariance'!D8+C109*E109*'Covariance'!E8+C109*F109*'Covariance'!F8+C109*G109*'Covariance'!G8+C109*H109*'Covariance'!H8+C109*I109*'Covariance'!I8+D109*B109*'Covariance'!B9+D109*C109*'Covariance'!C9+D109*D109*'Covariance'!D9+D109*E109*'Covariance'!E9+D109*F109*'Covariance'!F9+D109*G109*'Covariance'!G9+D109*H109*'Covariance'!H9+D109*I109*'Covariance'!I9+E109*B109*'Covariance'!B10+E109*C109*'Covariance'!C10+E109*D109*'Covariance'!D10+E109*E109*'Covariance'!E10+E109*F109*'Covariance'!F10+E109*G109*'Covariance'!G10+E109*H109*'Covariance'!H10+E109*I109*'Covariance'!I10+F109*B109*'Covariance'!B11+F109*C109*'Covariance'!C11+F109*D109*'Covariance'!D11+F109*E109*'Covariance'!E11+F109*F109*'Covariance'!F11+F109*G109*'Covariance'!G11+F109*H109*'Covariance'!H11+F109*I109*'Covariance'!I11+G109*B109*'Covariance'!B12+G109*C109*'Covariance'!C12+G109*D109*'Covariance'!D12+G109*E109*'Covariance'!E12+G109*F109*'Covariance'!F12+G109*G109*'Covariance'!G12+G109*H109*'Covariance'!H12+G109*I109*'Covariance'!I12+H109*B109*'Covariance'!B13+H109*C109*'Covariance'!C13+H109*D109*'Covariance'!D13+H109*E109*'Covariance'!E13+H109*F109*'Covariance'!F13+H109*G109*'Covariance'!G13+H109*H109*'Covariance'!H13+H109*I109*'Covariance'!I13+I109*B109*'Covariance'!B14+I109*C109*'Covariance'!C14+I109*D109*'Covariance'!D14+I109*E109*'Covariance'!E14+I109*F109*'Covariance'!F14+I109*G109*'Covariance'!G14+I109*H109*'Covariance'!H14+I109*I109*'Covariance'!I14)
Sampled portfolios,L109,=(J109-'Inputs'!$B$11)/K109
Sampled portfolios,J110,=B110*'Asset assumptions'!E7+C110*'Asset assumptions'!E8+D110*'Asset assumptions'!E9+E110*'Asset assumptions'!E10+F110*'Asset assumptions'!E11+G110*'Asset assumptions'!E12+H110*'Asset assumptions'!E13+I110*'Asset assumptions'!E14
Sampled portfolios,K110,=SQRT(B110*B110*'Covariance'!B7+B110*C110*'Covariance'!C7+B110*D110*'Covariance'!D7+B110*E110*'Covariance'!E7+B110*F110*'Covariance'!F7+B110*G110*'Covariance'!G7+B110*H110*'Covariance'!H7+B110*I110*'Covariance'!I7+C110*B110*'Covariance'!B8+C110*C110*'Covariance'!C8+C110*D110*'Covariance'!D8+C110*E110*'Covariance'!E8+C110*F110*'Covariance'!F8+C110*G110*'Covariance'!G8+C110*H110*'Covariance'!H8+C110*I110*'Covariance'!I8+D110*B110*'Covariance'!B9+D110*C110*'Covariance'!C9+D110*D110*'Covariance'!D9+D110*E110*'Covariance'!E9+D110*F110*'Covariance'!F9+D110*G110*'Covariance'!G9+D110*H110*'Covariance'!H9+D110*I110*'Covariance'!I9+E110*B110*'Covariance'!B10+E110*C110*'Covariance'!C10+E110*D110*'Covariance'!D10+E110*E110*'Covariance'!E10+E110*F110*'Covariance'!F10+E110*G110*'Covariance'!G10+E110*H110*'Covariance'!H10+E110*I110*'Covariance'!I10+F110*B110*'Covariance'!B11+F110*C110*'Covariance'!C11+F110*D110*'Covariance'!D11+F110*E110*'Covariance'!E11+F110*F110*'Covariance'!F11+F110*G110*'Covariance'!G11+F110*H110*'Covariance'!H11+F110*I110*'Covariance'!I11+G110*B110*'Covariance'!B12+G110*C110*'Covariance'!C12+G110*D110*'Covariance'!D12+G110*E110*'Covariance'!E12+G110*F110*'Covariance'!F12+G110*G110*'Covariance'!G12+G110*H110*'Covariance'!H12+G110*I110*'Covariance'!I12+H110*B110*'Covariance'!B13+H110*C110*'Covariance'!C13+H110*D110*'Covariance'!D13+H110*E110*'Covariance'!E13+H110*F110*'Covariance'!F13+H110*G110*'Covariance'!G13+H110*H110*'Covariance'!H13+H110*I110*'Covariance'!I13+I110*B110*'Covariance'!B14+I110*C110*'Covariance'!C14+I110*D110*'Covariance'!D14+I110*E110*'Covariance'!E14+I110*F110*'Covariance'!F14+I110*G110*'Covariance'!G14+I110*H110*'Covariance'!H14+I110*I110*'Covariance'!I14)
Sampled portfolios,L110,=(J110-'Inputs'!$B$11)/K110
Sampled portfolios,J111,=B111*'Asset assumptions'!E7+C111*'Asset assumptions'!E8+D111*'Asset assumptions'!E9+E111*'Asset assumptions'!E10+F111*'Asset assumptions'!E11+G111*'Asset assumptions'!E12+H111*'Asset assumptions'!E13+I111*'Asset assumptions'!E14
Sampled portfolios,K111,=SQRT(B111*B111*'Covariance'!B7+B111*C111*'Covariance'!C7+B111*D111*'Covariance'!D7+B111*E111*'Covariance'!E7+B111*F111*'Covariance'!F7+B111*G111*'Covariance'!G7+B111*H111*'Covariance'!H7+B111*I111*'Covariance'!I7+C111*B111*'Covariance'!B8+C111*C111*'Covariance'!C8+C111*D111*'Covariance'!D8+C111*E111*'Covariance'!E8+C111*F111*'Covariance'!F8+C111*G111*'Covariance'!G8+C111*H111*'Covariance'!H8+C111*I111*'Covariance'!I8+D111*B111*'Covariance'!B9+D111*C111*'Covariance'!C9+D111*D111*'Covariance'!D9+D111*E111*'Covariance'!E9+D111*F111*'Covariance'!F9+D111*G111*'Covariance'!G9+D111*H111*'Covariance'!H9+D111*I111*'Covariance'!I9+E111*B111*'Covariance'!B10+E111*C111*'Covariance'!C10+E111*D111*'Covariance'!D10+E111*E111*'Covariance'!E10+E111*F111*'Covariance'!F10+E111*G111*'Covariance'!G10+E111*H111*'Covariance'!H10+E111*I111*'Covariance'!I10+F111*B111*'Covariance'!B11+F111*C111*'Covariance'!C11+F111*D111*'Covariance'!D11+F111*E111*'Covariance'!E11+F111*F111*'Covariance'!F11+F111*G111*'Covariance'!G11+F111*H111*'Covariance'!H11+F111*I111*'Covariance'!I11+G111*B111*'Covariance'!B12+G111*C111*'Covariance'!C12+G111*D111*'Covariance'!D12+G111*E111*'Covariance'!E12+G111*F111*'Covariance'!F12+G111*G111*'Covariance'!G12+G111*H111*'Covariance'!H12+G111*I111*'Covariance'!I12+H111*B111*'Covariance'!B13+H111*C111*'Covariance'!C13+H111*D111*'Covariance'!D13+H111*E111*'Covariance'!E13+H111*F111*'Covariance'!F13+H111*G111*'Covariance'!G13+H111*H111*'Covariance'!H13+H111*I111*'Covariance'!I13+I111*B111*'Covariance'!B14+I111*C111*'Covariance'!C14+I111*D111*'Covariance'!D14+I111*E111*'Covariance'!E14+I111*F111*'Covariance'!F14+I111*G111*'Covariance'!G14+I111*H111*'Covariance'!H14+I111*I111*'Covariance'!I14)
Sampled portfolios,L111,=(J111-'Inputs'!$B$11)/K111
Sampled portfolios,J112,=B112*'Asset assumptions'!E7+C112*'Asset assumptions'!E8+D112*'Asset assumptions'!E9+E112*'Asset assumptions'!E10+F112*'Asset assumptions'!E11+G112*'Asset assumptions'!E12+H112*'Asset assumptions'!E13+I112*'Asset assumptions'!E14
Sampled portfolios,K112,=SQRT(B112*B112*'Covariance'!B7+B112*C112*'Covariance'!C7+B112*D112*'Covariance'!D7+B112*E112*'Covariance'!E7+B112*F112*'Covariance'!F7+B112*G112*'Covariance'!G7+B112*H112*'Covariance'!H7+B112*I112*'Covariance'!I7+C112*B112*'Covariance'!B8+C112*C112*'Covariance'!C8+C112*D112*'Covariance'!D8+C112*E112*'Covariance'!E8+C112*F112*'Covariance'!F8+C112*G112*'Covariance'!G8+C112*H112*'Covariance'!H8+C112*I112*'Covariance'!I8+D112*B112*'Covariance'!B9+D112*C112*'Covariance'!C9+D112*D112*'Covariance'!D9+D112*E112*'Covariance'!E9+D112*F112*'Covariance'!F9+D112*G112*'Covariance'!G9+D112*H112*'Covariance'!H9+D112*I112*'Covariance'!I9+E112*B112*'Covariance'!B10+E112*C112*'Covariance'!C10+E112*D112*'Covariance'!D10+E112*E112*'Covariance'!E10+E112*F112*'Covariance'!F10+E112*G112*'Covariance'!G10+E112*H112*'Covariance'!H10+E112*I112*'Covariance'!I10+F112*B112*'Covariance'!B11+F112*C112*'Covariance'!C11+F112*D112*'Covariance'!D11+F112*E112*'Covariance'!E11+F112*F112*'Covariance'!F11+F112*G112*'Covariance'!G11+F112*H112*'Covariance'!H11+F112*I112*'Covariance'!I11+G112*B112*'Covariance'!B12+G112*C112*'Covariance'!C12+G112*D112*'Covariance'!D12+G112*E112*'Covariance'!E12+G112*F112*'Covariance'!F12+G112*G112*'Covariance'!G12+G112*H112*'Covariance'!H12+G112*I112*'Covariance'!I12+H112*B112*'Covariance'!B13+H112*C112*'Covariance'!C13+H112*D112*'Covariance'!D13+H112*E112*'Covariance'!E13+H112*F112*'Covariance'!F13+H112*G112*'Covariance'!G13+H112*H112*'Covariance'!H13+H112*I112*'Covariance'!I13+I112*B112*'Covariance'!B14+I112*C112*'Covariance'!C14+I112*D112*'Covariance'!D14+I112*E112*'Covariance'!E14+I112*F112*'Covariance'!F14+I112*G112*'Covariance'!G14+I112*H112*'Covariance'!H14+I112*I112*'Covariance'!I14)
Sampled portfolios,L112,=(J112-'Inputs'!$B$11)/K112
Sampled portfolios,J113,=B113*'Asset assumptions'!E7+C113*'Asset assumptions'!E8+D113*'Asset assumptions'!E9+E113*'Asset assumptions'!E10+F113*'Asset assumptions'!E11+G113*'Asset assumptions'!E12+H113*'Asset assumptions'!E13+I113*'Asset assumptions'!E14
Sampled portfolios,K113,=SQRT(B113*B113*'Covariance'!B7+B113*C113*'Covariance'!C7+B113*D113*'Covariance'!D7+B113*E113*'Covariance'!E7+B113*F113*'Covariance'!F7+B113*G113*'Covariance'!G7+B113*H113*'Covariance'!H7+B113*I113*'Covariance'!I7+C113*B113*'Covariance'!B8+C113*C113*'Covariance'!C8+C113*D113*'Covariance'!D8+C113*E113*'Covariance'!E8+C113*F113*'Covariance'!F8+C113*G113*'Covariance'!G8+C113*H113*'Covariance'!H8+C113*I113*'Covariance'!I8+D113*B113*'Covariance'!B9+D113*C113*'Covariance'!C9+D113*D113*'Covariance'!D9+D113*E113*'Covariance'!E9+D113*F113*'Covariance'!F9+D113*G113*'Covariance'!G9+D113*H113*'Covariance'!H9+D113*I113*'Covariance'!I9+E113*B113*'Covariance'!B10+E113*C113*'Covariance'!C10+E113*D113*'Covariance'!D10+E113*E113*'Covariance'!E10+E113*F113*'Covariance'!F10+E113*G113*'Covariance'!G10+E113*H113*'Covariance'!H10+E113*I113*'Covariance'!I10+F113*B113*'Covariance'!B11+F113*C113*'Covariance'!C11+F113*D113*'Covariance'!D11+F113*E113*'Covariance'!E11+F113*F113*'Covariance'!F11+F113*G113*'Covariance'!G11+F113*H113*'Covariance'!H11+F113*I113*'Covariance'!I11+G113*B113*'Covariance'!B12+G113*C113*'Covariance'!C12+G113*D113*'Covariance'!D12+G113*E113*'Covariance'!E12+G113*F113*'Covariance'!F12+G113*G113*'Covariance'!G12+G113*H113*'Covariance'!H12+G113*I113*'Covariance'!I12+H113*B113*'Covariance'!B13+H113*C113*'Covariance'!C13+H113*D113*'Covariance'!D13+H113*E113*'Covariance'!E13+H113*F113*'Covariance'!F13+H113*G113*'Covariance'!G13+H113*H113*'Covariance'!H13+H113*I113*'Covariance'!I13+I113*B113*'Covariance'!B14+I113*C113*'Covariance'!C14+I113*D113*'Covariance'!D14+I113*E113*'Covariance'!E14+I113*F113*'Covariance'!F14+I113*G113*'Covariance'!G14+I113*H113*'Covariance'!H14+I113*I113*'Covariance'!I14)
Sampled portfolios,L113,=(J113-'Inputs'!$B$11)/K113
Sampled portfolios,J114,=B114*'Asset assumptions'!E7+C114*'Asset assumptions'!E8+D114*'Asset assumptions'!E9+E114*'Asset assumptions'!E10+F114*'Asset assumptions'!E11+G114*'Asset assumptions'!E12+H114*'Asset assumptions'!E13+I114*'Asset assumptions'!E14
Sampled portfolios,K114,=SQRT(B114*B114*'Covariance'!B7+B114*C114*'Covariance'!C7+B114*D114*'Covariance'!D7+B114*E114*'Covariance'!E7+B114*F114*'Covariance'!F7+B114*G114*'Covariance'!G7+B114*H114*'Covariance'!H7+B114*I114*'Covariance'!I7+C114*B114*'Covariance'!B8+C114*C114*'Covariance'!C8+C114*D114*'Covariance'!D8+C114*E114*'Covariance'!E8+C114*F114*'Covariance'!F8+C114*G114*'Covariance'!G8+C114*H114*'Covariance'!H8+C114*I114*'Covariance'!I8+D114*B114*'Covariance'!B9+D114*C114*'Covariance'!C9+D114*D114*'Covariance'!D9+D114*E114*'Covariance'!E9+D114*F114*'Covariance'!F9+D114*G114*'Covariance'!G9+D114*H114*'Covariance'!H9+D114*I114*'Covariance'!I9+E114*B114*'Covariance'!B10+E114*C114*'Covariance'!C10+E114*D114*'Covariance'!D10+E114*E114*'Covariance'!E10+E114*F114*'Covariance'!F10+E114*G114*'Covariance'!G10+E114*H114*'Covariance'!H10+E114*I114*'Covariance'!I10+F114*B114*'Covariance'!B11+F114*C114*'Covariance'!C11+F114*D114*'Covariance'!D11+F114*E114*'Covariance'!E11+F114*F114*'Covariance'!F11+F114*G114*'Covariance'!G11+F114*H114*'Covariance'!H11+F114*I114*'Covariance'!I11+G114*B114*'Covariance'!B12+G114*C114*'Covariance'!C12+G114*D114*'Covariance'!D12+G114*E114*'Covariance'!E12+G114*F114*'Covariance'!F12+G114*G114*'Covariance'!G12+G114*H114*'Covariance'!H12+G114*I114*'Covariance'!I12+H114*B114*'Covariance'!B13+H114*C114*'Covariance'!C13+H114*D114*'Covariance'!D13+H114*E114*'Covariance'!E13+H114*F114*'Covariance'!F13+H114*G114*'Covariance'!G13+H114*H114*'Covariance'!H13+H114*I114*'Covariance'!I13+I114*B114*'Covariance'!B14+I114*C114*'Covariance'!C14+I114*D114*'Covariance'!D14+I114*E114*'Covariance'!E14+I114*F114*'Covariance'!F14+I114*G114*'Covariance'!G14+I114*H114*'Covariance'!H14+I114*I114*'Covariance'!I14)
Sampled portfolios,L114,=(J114-'Inputs'!$B$11)/K114
Sampled portfolios,J115,=B115*'Asset assumptions'!E7+C115*'Asset assumptions'!E8+D115*'Asset assumptions'!E9+E115*'Asset assumptions'!E10+F115*'Asset assumptions'!E11+G115*'Asset assumptions'!E12+H115*'Asset assumptions'!E13+I115*'Asset assumptions'!E14
Sampled portfolios,K115,=SQRT(B115*B115*'Covariance'!B7+B115*C115*'Covariance'!C7+B115*D115*'Covariance'!D7+B115*E115*'Covariance'!E7+B115*F115*'Covariance'!F7+B115*G115*'Covariance'!G7+B115*H115*'Covariance'!H7+B115*I115*'Covariance'!I7+C115*B115*'Covariance'!B8+C115*C115*'Covariance'!C8+C115*D115*'Covariance'!D8+C115*E115*'Covariance'!E8+C115*F115*'Covariance'!F8+C115*G115*'Covariance'!G8+C115*H115*'Covariance'!H8+C115*I115*'Covariance'!I8+D115*B115*'Covariance'!B9+D115*C115*'Covariance'!C9+D115*D115*'Covariance'!D9+D115*E115*'Covariance'!E9+D115*F115*'Covariance'!F9+D115*G115*'Covariance'!G9+D115*H115*'Covariance'!H9+D115*I115*'Covariance'!I9+E115*B115*'Covariance'!B10+E115*C115*'Covariance'!C10+E115*D115*'Covariance'!D10+E115*E115*'Covariance'!E10+E115*F115*'Covariance'!F10+E115*G115*'Covariance'!G10+E115*H115*'Covariance'!H10+E115*I115*'Covariance'!I10+F115*B115*'Covariance'!B11+F115*C115*'Covariance'!C11+F115*D115*'Covariance'!D11+F115*E115*'Covariance'!E11+F115*F115*'Covariance'!F11+F115*G115*'Covariance'!G11+F115*H115*'Covariance'!H11+F115*I115*'Covariance'!I11+G115*B115*'Covariance'!B12+G115*C115*'Covariance'!C12+G115*D115*'Covariance'!D12+G115*E115*'Covariance'!E12+G115*F115*'Covariance'!F12+G115*G115*'Covariance'!G12+G115*H115*'Covariance'!H12+G115*I115*'Covariance'!I12+H115*B115*'Covariance'!B13+H115*C115*'Covariance'!C13+H115*D115*'Covariance'!D13+H115*E115*'Covariance'!E13+H115*F115*'Covariance'!F13+H115*G115*'Covariance'!G13+H115*H115*'Covariance'!H13+H115*I115*'Covariance'!I13+I115*B115*'Covariance'!B14+I115*C115*'Covariance'!C14+I115*D115*'Covariance'!D14+I115*E115*'Covariance'!E14+I115*F115*'Covariance'!F14+I115*G115*'Covariance'!G14+I115*H115*'Covariance'!H14+I115*I115*'Covariance'!I14)
Sampled portfolios,L115,=(J115-'Inputs'!$B$11)/K115
Sampled portfolios,J116,=B116*'Asset assumptions'!E7+C116*'Asset assumptions'!E8+D116*'Asset assumptions'!E9+E116*'Asset assumptions'!E10+F116*'Asset assumptions'!E11+G116*'Asset assumptions'!E12+H116*'Asset assumptions'!E13+I116*'Asset assumptions'!E14
Sampled portfolios,K116,=SQRT(B116*B116*'Covariance'!B7+B116*C116*'Covariance'!C7+B116*D116*'Covariance'!D7+B116*E116*'Covariance'!E7+B116*F116*'Covariance'!F7+B116*G116*'Covariance'!G7+B116*H116*'Covariance'!H7+B116*I116*'Covariance'!I7+C116*B116*'Covariance'!B8+C116*C116*'Covariance'!C8+C116*D116*'Covariance'!D8+C116*E116*'Covariance'!E8+C116*F116*'Covariance'!F8+C116*G116*'Covariance'!G8+C116*H116*'Covariance'!H8+C116*I116*'Covariance'!I8+D116*B116*'Covariance'!B9+D116*C116*'Covariance'!C9+D116*D116*'Covariance'!D9+D116*E116*'Covariance'!E9+D116*F116*'Covariance'!F9+D116*G116*'Covariance'!G9+D116*H116*'Covariance'!H9+D116*I116*'Covariance'!I9+E116*B116*'Covariance'!B10+E116*C116*'Covariance'!C10+E116*D116*'Covariance'!D10+E116*E116*'Covariance'!E10+E116*F116*'Covariance'!F10+E116*G116*'Covariance'!G10+E116*H116*'Covariance'!H10+E116*I116*'Covariance'!I10+F116*B116*'Covariance'!B11+F116*C116*'Covariance'!C11+F116*D116*'Covariance'!D11+F116*E116*'Covariance'!E11+F116*F116*'Covariance'!F11+F116*G116*'Covariance'!G11+F116*H116*'Covariance'!H11+F116*I116*'Covariance'!I11+G116*B116*'Covariance'!B12+G116*C116*'Covariance'!C12+G116*D116*'Covariance'!D12+G116*E116*'Covariance'!E12+G116*F116*'Covariance'!F12+G116*G116*'Covariance'!G12+G116*H116*'Covariance'!H12+G116*I116*'Covariance'!I12+H116*B116*'Covariance'!B13+H116*C116*'Covariance'!C13+H116*D116*'Covariance'!D13+H116*E116*'Covariance'!E13+H116*F116*'Covariance'!F13+H116*G116*'Covariance'!G13+H116*H116*'Covariance'!H13+H116*I116*'Covariance'!I13+I116*B116*'Covariance'!B14+I116*C116*'Covariance'!C14+I116*D116*'Covariance'!D14+I116*E116*'Covariance'!E14+I116*F116*'Covariance'!F14+I116*G116*'Covariance'!G14+I116*H116*'Covariance'!H14+I116*I116*'Covariance'!I14)
Sampled portfolios,L116,=(J116-'Inputs'!$B$11)/K116
Sampled portfolios,J117,=B117*'Asset assumptions'!E7+C117*'Asset assumptions'!E8+D117*'Asset assumptions'!E9+E117*'Asset assumptions'!E10+F117*'Asset assumptions'!E11+G117*'Asset assumptions'!E12+H117*'Asset assumptions'!E13+I117*'Asset assumptions'!E14
Sampled portfolios,K117,=SQRT(B117*B117*'Covariance'!B7+B117*C117*'Covariance'!C7+B117*D117*'Covariance'!D7+B117*E117*'Covariance'!E7+B117*F117*'Covariance'!F7+B117*G117*'Covariance'!G7+B117*H117*'Covariance'!H7+B117*I117*'Covariance'!I7+C117*B117*'Covariance'!B8+C117*C117*'Covariance'!C8+C117*D117*'Covariance'!D8+C117*E117*'Covariance'!E8+C117*F117*'Covariance'!F8+C117*G117*'Covariance'!G8+C117*H117*'Covariance'!H8+C117*I117*'Covariance'!I8+D117*B117*'Covariance'!B9+D117*C117*'Covariance'!C9+D117*D117*'Covariance'!D9+D117*E117*'Covariance'!E9+D117*F117*'Covariance'!F9+D117*G117*'Covariance'!G9+D117*H117*'Covariance'!H9+D117*I117*'Covariance'!I9+E117*B117*'Covariance'!B10+E117*C117*'Covariance'!C10+E117*D117*'Covariance'!D10+E117*E117*'Covariance'!E10+E117*F117*'Covariance'!F10+E117*G117*'Covariance'!G10+E117*H117*'Covariance'!H10+E117*I117*'Covariance'!I10+F117*B117*'Covariance'!B11+F117*C117*'Covariance'!C11+F117*D117*'Covariance'!D11+F117*E117*'Covariance'!E11+F117*F117*'Covariance'!F11+F117*G117*'Covariance'!G11+F117*H117*'Covariance'!H11+F117*I117*'Covariance'!I11+G117*B117*'Covariance'!B12+G117*C117*'Covariance'!C12+G117*D117*'Covariance'!D12+G117*E117*'Covariance'!E12+G117*F117*'Covariance'!F12+G117*G117*'Covariance'!G12+G117*H117*'Covariance'!H12+G117*I117*'Covariance'!I12+H117*B117*'Covariance'!B13+H117*C117*'Covariance'!C13+H117*D117*'Covariance'!D13+H117*E117*'Covariance'!E13+H117*F117*'Covariance'!F13+H117*G117*'Covariance'!G13+H117*H117*'Covariance'!H13+H117*I117*'Covariance'!I13+I117*B117*'Covariance'!B14+I117*C117*'Covariance'!C14+I117*D117*'Covariance'!D14+I117*E117*'Covariance'!E14+I117*F117*'Covariance'!F14+I117*G117*'Covariance'!G14+I117*H117*'Covariance'!H14+I117*I117*'Covariance'!I14)
Sampled portfolios,L117,=(J117-'Inputs'!$B$11)/K117
Sampled portfolios,J118,=B118*'Asset assumptions'!E7+C118*'Asset assumptions'!E8+D118*'Asset assumptions'!E9+E118*'Asset assumptions'!E10+F118*'Asset assumptions'!E11+G118*'Asset assumptions'!E12+H118*'Asset assumptions'!E13+I118*'Asset assumptions'!E14
Sampled portfolios,K118,=SQRT(B118*B118*'Covariance'!B7+B118*C118*'Covariance'!C7+B118*D118*'Covariance'!D7+B118*E118*'Covariance'!E7+B118*F118*'Covariance'!F7+B118*G118*'Covariance'!G7+B118*H118*'Covariance'!H7+B118*I118*'Covariance'!I7+C118*B118*'Covariance'!B8+C118*C118*'Covariance'!C8+C118*D118*'Covariance'!D8+C118*E118*'Covariance'!E8+C118*F118*'Covariance'!F8+C118*G118*'Covariance'!G8+C118*H118*'Covariance'!H8+C118*I118*'Covariance'!I8+D118*B118*'Covariance'!B9+D118*C118*'Covariance'!C9+D118*D118*'Covariance'!D9+D118*E118*'Covariance'!E9+D118*F118*'Covariance'!F9+D118*G118*'Covariance'!G9+D118*H118*'Covariance'!H9+D118*I118*'Covariance'!I9+E118*B118*'Covariance'!B10+E118*C118*'Covariance'!C10+E118*D118*'Covariance'!D10+E118*E118*'Covariance'!E10+E118*F118*'Covariance'!F10+E118*G118*'Covariance'!G10+E118*H118*'Covariance'!H10+E118*I118*'Covariance'!I10+F118*B118*'Covariance'!B11+F118*C118*'Covariance'!C11+F118*D118*'Covariance'!D11+F118*E118*'Covariance'!E11+F118*F118*'Covariance'!F11+F118*G118*'Covariance'!G11+F118*H118*'Covariance'!H11+F118*I118*'Covariance'!I11+G118*B118*'Covariance'!B12+G118*C118*'Covariance'!C12+G118*D118*'Covariance'!D12+G118*E118*'Covariance'!E12+G118*F118*'Covariance'!F12+G118*G118*'Covariance'!G12+G118*H118*'Covariance'!H12+G118*I118*'Covariance'!I12+H118*B118*'Covariance'!B13+H118*C118*'Covariance'!C13+H118*D118*'Covariance'!D13+H118*E118*'Covariance'!E13+H118*F118*'Covariance'!F13+H118*G118*'Covariance'!G13+H118*H118*'Covariance'!H13+H118*I118*'Covariance'!I13+I118*B118*'Covariance'!B14+I118*C118*'Covariance'!C14+I118*D118*'Covariance'!D14+I118*E118*'Covariance'!E14+I118*F118*'Covariance'!F14+I118*G118*'Covariance'!G14+I118*H118*'Covariance'!H14+I118*I118*'Covariance'!I14)
Sampled portfolios,L118,=(J118-'Inputs'!$B$11)/K118
Sampled portfolios,J119,=B119*'Asset assumptions'!E7+C119*'Asset assumptions'!E8+D119*'Asset assumptions'!E9+E119*'Asset assumptions'!E10+F119*'Asset assumptions'!E11+G119*'Asset assumptions'!E12+H119*'Asset assumptions'!E13+I119*'Asset assumptions'!E14
Sampled portfolios,K119,=SQRT(B119*B119*'Covariance'!B7+B119*C119*'Covariance'!C7+B119*D119*'Covariance'!D7+B119*E119*'Covariance'!E7+B119*F119*'Covariance'!F7+B119*G119*'Covariance'!G7+B119*H119*'Covariance'!H7+B119*I119*'Covariance'!I7+C119*B119*'Covariance'!B8+C119*C119*'Covariance'!C8+C119*D119*'Covariance'!D8+C119*E119*'Covariance'!E8+C119*F119*'Covariance'!F8+C119*G119*'Covariance'!G8+C119*H119*'Covariance'!H8+C119*I119*'Covariance'!I8+D119*B119*'Covariance'!B9+D119*C119*'Covariance'!C9+D119*D119*'Covariance'!D9+D119*E119*'Covariance'!E9+D119*F119*'Covariance'!F9+D119*G119*'Covariance'!G9+D119*H119*'Covariance'!H9+D119*I119*'Covariance'!I9+E119*B119*'Covariance'!B10+E119*C119*'Covariance'!C10+E119*D119*'Covariance'!D10+E119*E119*'Covariance'!E10+E119*F119*'Covariance'!F10+E119*G119*'Covariance'!G10+E119*H119*'Covariance'!H10+E119*I119*'Covariance'!I10+F119*B119*'Covariance'!B11+F119*C119*'Covariance'!C11+F119*D119*'Covariance'!D11+F119*E119*'Covariance'!E11+F119*F119*'Covariance'!F11+F119*G119*'Covariance'!G11+F119*H119*'Covariance'!H11+F119*I119*'Covariance'!I11+G119*B119*'Covariance'!B12+G119*C119*'Covariance'!C12+G119*D119*'Covariance'!D12+G119*E119*'Covariance'!E12+G119*F119*'Covariance'!F12+G119*G119*'Covariance'!G12+G119*H119*'Covariance'!H12+G119*I119*'Covariance'!I12+H119*B119*'Covariance'!B13+H119*C119*'Covariance'!C13+H119*D119*'Covariance'!D13+H119*E119*'Covariance'!E13+H119*F119*'Covariance'!F13+H119*G119*'Covariance'!G13+H119*H119*'Covariance'!H13+H119*I119*'Covariance'!I13+I119*B119*'Covariance'!B14+I119*C119*'Covariance'!C14+I119*D119*'Covariance'!D14+I119*E119*'Covariance'!E14+I119*F119*'Covariance'!F14+I119*G119*'Covariance'!G14+I119*H119*'Covariance'!H14+I119*I119*'Covariance'!I14)
Sampled portfolios,L119,=(J119-'Inputs'!$B$11)/K119
Sampled portfolios,J120,=B120*'Asset assumptions'!E7+C120*'Asset assumptions'!E8+D120*'Asset assumptions'!E9+E120*'Asset assumptions'!E10+F120*'Asset assumptions'!E11+G120*'Asset assumptions'!E12+H120*'Asset assumptions'!E13+I120*'Asset assumptions'!E14
Sampled portfolios,K120,=SQRT(B120*B120*'Covariance'!B7+B120*C120*'Covariance'!C7+B120*D120*'Covariance'!D7+B120*E120*'Covariance'!E7+B120*F120*'Covariance'!F7+B120*G120*'Covariance'!G7+B120*H120*'Covariance'!H7+B120*I120*'Covariance'!I7+C120*B120*'Covariance'!B8+C120*C120*'Covariance'!C8+C120*D120*'Covariance'!D8+C120*E120*'Covariance'!E8+C120*F120*'Covariance'!F8+C120*G120*'Covariance'!G8+C120*H120*'Covariance'!H8+C120*I120*'Covariance'!I8+D120*B120*'Covariance'!B9+D120*C120*'Covariance'!C9+D120*D120*'Covariance'!D9+D120*E120*'Covariance'!E9+D120*F120*'Covariance'!F9+D120*G120*'Covariance'!G9+D120*H120*'Covariance'!H9+D120*I120*'Covariance'!I9+E120*B120*'Covariance'!B10+E120*C120*'Covariance'!C10+E120*D120*'Covariance'!D10+E120*E120*'Covariance'!E10+E120*F120*'Covariance'!F10+E120*G120*'Covariance'!G10+E120*H120*'Covariance'!H10+E120*I120*'Covariance'!I10+F120*B120*'Covariance'!B11+F120*C120*'Covariance'!C11+F120*D120*'Covariance'!D11+F120*E120*'Covariance'!E11+F120*F120*'Covariance'!F11+F120*G120*'Covariance'!G11+F120*H120*'Covariance'!H11+F120*I120*'Covariance'!I11+G120*B120*'Covariance'!B12+G120*C120*'Covariance'!C12+G120*D120*'Covariance'!D12+G120*E120*'Covariance'!E12+G120*F120*'Covariance'!F12+G120*G120*'Covariance'!G12+G120*H120*'Covariance'!H12+G120*I120*'Covariance'!I12+H120*B120*'Covariance'!B13+H120*C120*'Covariance'!C13+H120*D120*'Covariance'!D13+H120*E120*'Covariance'!E13+H120*F120*'Covariance'!F13+H120*G120*'Covariance'!G13+H120*H120*'Covariance'!H13+H120*I120*'Covariance'!I13+I120*B120*'Covariance'!B14+I120*C120*'Covariance'!C14+I120*D120*'Covariance'!D14+I120*E120*'Covariance'!E14+I120*F120*'Covariance'!F14+I120*G120*'Covariance'!G14+I120*H120*'Covariance'!H14+I120*I120*'Covariance'!I14)
Sampled portfolios,L120,=(J120-'Inputs'!$B$11)/K120
Sampled portfolios,J121,=B121*'Asset assumptions'!E7+C121*'Asset assumptions'!E8+D121*'Asset assumptions'!E9+E121*'Asset assumptions'!E10+F121*'Asset assumptions'!E11+G121*'Asset assumptions'!E12+H121*'Asset assumptions'!E13+I121*'Asset assumptions'!E14
Sampled portfolios,K121,=SQRT(B121*B121*'Covariance'!B7+B121*C121*'Covariance'!C7+B121*D121*'Covariance'!D7+B121*E121*'Covariance'!E7+B121*F121*'Covariance'!F7+B121*G121*'Covariance'!G7+B121*H121*'Covariance'!H7+B121*I121*'Covariance'!I7+C121*B121*'Covariance'!B8+C121*C121*'Covariance'!C8+C121*D121*'Covariance'!D8+C121*E121*'Covariance'!E8+C121*F121*'Covariance'!F8+C121*G121*'Covariance'!G8+C121*H121*'Covariance'!H8+C121*I121*'Covariance'!I8+D121*B121*'Covariance'!B9+D121*C121*'Covariance'!C9+D121*D121*'Covariance'!D9+D121*E121*'Covariance'!E9+D121*F121*'Covariance'!F9+D121*G121*'Covariance'!G9+D121*H121*'Covariance'!H9+D121*I121*'Covariance'!I9+E121*B121*'Covariance'!B10+E121*C121*'Covariance'!C10+E121*D121*'Covariance'!D10+E121*E121*'Covariance'!E10+E121*F121*'Covariance'!F10+E121*G121*'Covariance'!G10+E121*H121*'Covariance'!H10+E121*I121*'Covariance'!I10+F121*B121*'Covariance'!B11+F121*C121*'Covariance'!C11+F121*D121*'Covariance'!D11+F121*E121*'Covariance'!E11+F121*F121*'Covariance'!F11+F121*G121*'Covariance'!G11+F121*H121*'Covariance'!H11+F121*I121*'Covariance'!I11+G121*B121*'Covariance'!B12+G121*C121*'Covariance'!C12+G121*D121*'Covariance'!D12+G121*E121*'Covariance'!E12+G121*F121*'Covariance'!F12+G121*G121*'Covariance'!G12+G121*H121*'Covariance'!H12+G121*I121*'Covariance'!I12+H121*B121*'Covariance'!B13+H121*C121*'Covariance'!C13+H121*D121*'Covariance'!D13+H121*E121*'Covariance'!E13+H121*F121*'Covariance'!F13+H121*G121*'Covariance'!G13+H121*H121*'Covariance'!H13+H121*I121*'Covariance'!I13+I121*B121*'Covariance'!B14+I121*C121*'Covariance'!C14+I121*D121*'Covariance'!D14+I121*E121*'Covariance'!E14+I121*F121*'Covariance'!F14+I121*G121*'Covariance'!G14+I121*H121*'Covariance'!H14+I121*I121*'Covariance'!I14)
Sampled portfolios,L121,=(J121-'Inputs'!$B$11)/K121
Sampled portfolios,J122,=B122*'Asset assumptions'!E7+C122*'Asset assumptions'!E8+D122*'Asset assumptions'!E9+E122*'Asset assumptions'!E10+F122*'Asset assumptions'!E11+G122*'Asset assumptions'!E12+H122*'Asset assumptions'!E13+I122*'Asset assumptions'!E14
Sampled portfolios,K122,=SQRT(B122*B122*'Covariance'!B7+B122*C122*'Covariance'!C7+B122*D122*'Covariance'!D7+B122*E122*'Covariance'!E7+B122*F122*'Covariance'!F7+B122*G122*'Covariance'!G7+B122*H122*'Covariance'!H7+B122*I122*'Covariance'!I7+C122*B122*'Covariance'!B8+C122*C122*'Covariance'!C8+C122*D122*'Covariance'!D8+C122*E122*'Covariance'!E8+C122*F122*'Covariance'!F8+C122*G122*'Covariance'!G8+C122*H122*'Covariance'!H8+C122*I122*'Covariance'!I8+D122*B122*'Covariance'!B9+D122*C122*'Covariance'!C9+D122*D122*'Covariance'!D9+D122*E122*'Covariance'!E9+D122*F122*'Covariance'!F9+D122*G122*'Covariance'!G9+D122*H122*'Covariance'!H9+D122*I122*'Covariance'!I9+E122*B122*'Covariance'!B10+E122*C122*'Covariance'!C10+E122*D122*'Covariance'!D10+E122*E122*'Covariance'!E10+E122*F122*'Covariance'!F10+E122*G122*'Covariance'!G10+E122*H122*'Covariance'!H10+E122*I122*'Covariance'!I10+F122*B122*'Covariance'!B11+F122*C122*'Covariance'!C11+F122*D122*'Covariance'!D11+F122*E122*'Covariance'!E11+F122*F122*'Covariance'!F11+F122*G122*'Covariance'!G11+F122*H122*'Covariance'!H11+F122*I122*'Covariance'!I11+G122*B122*'Covariance'!B12+G122*C122*'Covariance'!C12+G122*D122*'Covariance'!D12+G122*E122*'Covariance'!E12+G122*F122*'Covariance'!F12+G122*G122*'Covariance'!G12+G122*H122*'Covariance'!H12+G122*I122*'Covariance'!I12+H122*B122*'Covariance'!B13+H122*C122*'Covariance'!C13+H122*D122*'Covariance'!D13+H122*E122*'Covariance'!E13+H122*F122*'Covariance'!F13+H122*G122*'Covariance'!G13+H122*H122*'Covariance'!H13+H122*I122*'Covariance'!I13+I122*B122*'Covariance'!B14+I122*C122*'Covariance'!C14+I122*D122*'Covariance'!D14+I122*E122*'Covariance'!E14+I122*F122*'Covariance'!F14+I122*G122*'Covariance'!G14+I122*H122*'Covariance'!H14+I122*I122*'Covariance'!I14)
Sampled portfolios,L122,=(J122-'Inputs'!$B$11)/K122
Sampled portfolios,J123,=B123*'Asset assumptions'!E7+C123*'Asset assumptions'!E8+D123*'Asset assumptions'!E9+E123*'Asset assumptions'!E10+F123*'Asset assumptions'!E11+G123*'Asset assumptions'!E12+H123*'Asset assumptions'!E13+I123*'Asset assumptions'!E14
Sampled portfolios,K123,=SQRT(B123*B123*'Covariance'!B7+B123*C123*'Covariance'!C7+B123*D123*'Covariance'!D7+B123*E123*'Covariance'!E7+B123*F123*'Covariance'!F7+B123*G123*'Covariance'!G7+B123*H123*'Covariance'!H7+B123*I123*'Covariance'!I7+C123*B123*'Covariance'!B8+C123*C123*'Covariance'!C8+C123*D123*'Covariance'!D8+C123*E123*'Covariance'!E8+C123*F123*'Covariance'!F8+C123*G123*'Covariance'!G8+C123*H123*'Covariance'!H8+C123*I123*'Covariance'!I8+D123*B123*'Covariance'!B9+D123*C123*'Covariance'!C9+D123*D123*'Covariance'!D9+D123*E123*'Covariance'!E9+D123*F123*'Covariance'!F9+D123*G123*'Covariance'!G9+D123*H123*'Covariance'!H9+D123*I123*'Covariance'!I9+E123*B123*'Covariance'!B10+E123*C123*'Covariance'!C10+E123*D123*'Covariance'!D10+E123*E123*'Covariance'!E10+E123*F123*'Covariance'!F10+E123*G123*'Covariance'!G10+E123*H123*'Covariance'!H10+E123*I123*'Covariance'!I10+F123*B123*'Covariance'!B11+F123*C123*'Covariance'!C11+F123*D123*'Covariance'!D11+F123*E123*'Covariance'!E11+F123*F123*'Covariance'!F11+F123*G123*'Covariance'!G11+F123*H123*'Covariance'!H11+F123*I123*'Covariance'!I11+G123*B123*'Covariance'!B12+G123*C123*'Covariance'!C12+G123*D123*'Covariance'!D12+G123*E123*'Covariance'!E12+G123*F123*'Covariance'!F12+G123*G123*'Covariance'!G12+G123*H123*'Covariance'!H12+G123*I123*'Covariance'!I12+H123*B123*'Covariance'!B13+H123*C123*'Covariance'!C13+H123*D123*'Covariance'!D13+H123*E123*'Covariance'!E13+H123*F123*'Covariance'!F13+H123*G123*'Covariance'!G13+H123*H123*'Covariance'!H13+H123*I123*'Covariance'!I13+I123*B123*'Covariance'!B14+I123*C123*'Covariance'!C14+I123*D123*'Covariance'!D14+I123*E123*'Covariance'!E14+I123*F123*'Covariance'!F14+I123*G123*'Covariance'!G14+I123*H123*'Covariance'!H14+I123*I123*'Covariance'!I14)
Sampled portfolios,L123,=(J123-'Inputs'!$B$11)/K123
Sampled portfolios,J124,=B124*'Asset assumptions'!E7+C124*'Asset assumptions'!E8+D124*'Asset assumptions'!E9+E124*'Asset assumptions'!E10+F124*'Asset assumptions'!E11+G124*'Asset assumptions'!E12+H124*'Asset assumptions'!E13+I124*'Asset assumptions'!E14
Sampled portfolios,K124,=SQRT(B124*B124*'Covariance'!B7+B124*C124*'Covariance'!C7+B124*D124*'Covariance'!D7+B124*E124*'Covariance'!E7+B124*F124*'Covariance'!F7+B124*G124*'Covariance'!G7+B124*H124*'Covariance'!H7+B124*I124*'Covariance'!I7+C124*B124*'Covariance'!B8+C124*C124*'Covariance'!C8+C124*D124*'Covariance'!D8+C124*E124*'Covariance'!E8+C124*F124*'Covariance'!F8+C124*G124*'Covariance'!G8+C124*H124*'Covariance'!H8+C124*I124*'Covariance'!I8+D124*B124*'Covariance'!B9+D124*C124*'Covariance'!C9+D124*D124*'Covariance'!D9+D124*E124*'Covariance'!E9+D124*F124*'Covariance'!F9+D124*G124*'Covariance'!G9+D124*H124*'Covariance'!H9+D124*I124*'Covariance'!I9+E124*B124*'Covariance'!B10+E124*C124*'Covariance'!C10+E124*D124*'Covariance'!D10+E124*E124*'Covariance'!E10+E124*F124*'Covariance'!F10+E124*G124*'Covariance'!G10+E124*H124*'Covariance'!H10+E124*I124*'Covariance'!I10+F124*B124*'Covariance'!B11+F124*C124*'Covariance'!C11+F124*D124*'Covariance'!D11+F124*E124*'Covariance'!E11+F124*F124*'Covariance'!F11+F124*G124*'Covariance'!G11+F124*H124*'Covariance'!H11+F124*I124*'Covariance'!I11+G124*B124*'Covariance'!B12+G124*C124*'Covariance'!C12+G124*D124*'Covariance'!D12+G124*E124*'Covariance'!E12+G124*F124*'Covariance'!F12+G124*G124*'Covariance'!G12+G124*H124*'Covariance'!H12+G124*I124*'Covariance'!I12+H124*B124*'Covariance'!B13+H124*C124*'Covariance'!C13+H124*D124*'Covariance'!D13+H124*E124*'Covariance'!E13+H124*F124*'Covariance'!F13+H124*G124*'Covariance'!G13+H124*H124*'Covariance'!H13+H124*I124*'Covariance'!I13+I124*B124*'Covariance'!B14+I124*C124*'Covariance'!C14+I124*D124*'Covariance'!D14+I124*E124*'Covariance'!E14+I124*F124*'Covariance'!F14+I124*G124*'Covariance'!G14+I124*H124*'Covariance'!H14+I124*I124*'Covariance'!I14)
Sampled portfolios,L124,=(J124-'Inputs'!$B$11)/K124
Sampled portfolios,J125,=B125*'Asset assumptions'!E7+C125*'Asset assumptions'!E8+D125*'Asset assumptions'!E9+E125*'Asset assumptions'!E10+F125*'Asset assumptions'!E11+G125*'Asset assumptions'!E12+H125*'Asset assumptions'!E13+I125*'Asset assumptions'!E14
Sampled portfolios,K125,=SQRT(B125*B125*'Covariance'!B7+B125*C125*'Covariance'!C7+B125*D125*'Covariance'!D7+B125*E125*'Covariance'!E7+B125*F125*'Covariance'!F7+B125*G125*'Covariance'!G7+B125*H125*'Covariance'!H7+B125*I125*'Covariance'!I7+C125*B125*'Covariance'!B8+C125*C125*'Covariance'!C8+C125*D125*'Covariance'!D8+C125*E125*'Covariance'!E8+C125*F125*'Covariance'!F8+C125*G125*'Covariance'!G8+C125*H125*'Covariance'!H8+C125*I125*'Covariance'!I8+D125*B125*'Covariance'!B9+D125*C125*'Covariance'!C9+D125*D125*'Covariance'!D9+D125*E125*'Covariance'!E9+D125*F125*'Covariance'!F9+D125*G125*'Covariance'!G9+D125*H125*'Covariance'!H9+D125*I125*'Covariance'!I9+E125*B125*'Covariance'!B10+E125*C125*'Covariance'!C10+E125*D125*'Covariance'!D10+E125*E125*'Covariance'!E10+E125*F125*'Covariance'!F10+E125*G125*'Covariance'!G10+E125*H125*'Covariance'!H10+E125*I125*'Covariance'!I10+F125*B125*'Covariance'!B11+F125*C125*'Covariance'!C11+F125*D125*'Covariance'!D11+F125*E125*'Covariance'!E11+F125*F125*'Covariance'!F11+F125*G125*'Covariance'!G11+F125*H125*'Covariance'!H11+F125*I125*'Covariance'!I11+G125*B125*'Covariance'!B12+G125*C125*'Covariance'!C12+G125*D125*'Covariance'!D12+G125*E125*'Covariance'!E12+G125*F125*'Covariance'!F12+G125*G125*'Covariance'!G12+G125*H125*'Covariance'!H12+G125*I125*'Covariance'!I12+H125*B125*'Covariance'!B13+H125*C125*'Covariance'!C13+H125*D125*'Covariance'!D13+H125*E125*'Covariance'!E13+H125*F125*'Covariance'!F13+H125*G125*'Covariance'!G13+H125*H125*'Covariance'!H13+H125*I125*'Covariance'!I13+I125*B125*'Covariance'!B14+I125*C125*'Covariance'!C14+I125*D125*'Covariance'!D14+I125*E125*'Covariance'!E14+I125*F125*'Covariance'!F14+I125*G125*'Covariance'!G14+I125*H125*'Covariance'!H14+I125*I125*'Covariance'!I14)
Sampled portfolios,L125,=(J125-'Inputs'!$B$11)/K125
Sampled portfolios,J126,=B126*'Asset assumptions'!E7+C126*'Asset assumptions'!E8+D126*'Asset assumptions'!E9+E126*'Asset assumptions'!E10+F126*'Asset assumptions'!E11+G126*'Asset assumptions'!E12+H126*'Asset assumptions'!E13+I126*'Asset assumptions'!E14
Sampled portfolios,K126,=SQRT(B126*B126*'Covariance'!B7+B126*C126*'Covariance'!C7+B126*D126*'Covariance'!D7+B126*E126*'Covariance'!E7+B126*F126*'Covariance'!F7+B126*G126*'Covariance'!G7+B126*H126*'Covariance'!H7+B126*I126*'Covariance'!I7+C126*B126*'Covariance'!B8+C126*C126*'Covariance'!C8+C126*D126*'Covariance'!D8+C126*E126*'Covariance'!E8+C126*F126*'Covariance'!F8+C126*G126*'Covariance'!G8+C126*H126*'Covariance'!H8+C126*I126*'Covariance'!I8+D126*B126*'Covariance'!B9+D126*C126*'Covariance'!C9+D126*D126*'Covariance'!D9+D126*E126*'Covariance'!E9+D126*F126*'Covariance'!F9+D126*G126*'Covariance'!G9+D126*H126*'Covariance'!H9+D126*I126*'Covariance'!I9+E126*B126*'Covariance'!B10+E126*C126*'Covariance'!C10+E126*D126*'Covariance'!D10+E126*E126*'Covariance'!E10+E126*F126*'Covariance'!F10+E126*G126*'Covariance'!G10+E126*H126*'Covariance'!H10+E126*I126*'Covariance'!I10+F126*B126*'Covariance'!B11+F126*C126*'Covariance'!C11+F126*D126*'Covariance'!D11+F126*E126*'Covariance'!E11+F126*F126*'Covariance'!F11+F126*G126*'Covariance'!G11+F126*H126*'Covariance'!H11+F126*I126*'Covariance'!I11+G126*B126*'Covariance'!B12+G126*C126*'Covariance'!C12+G126*D126*'Covariance'!D12+G126*E126*'Covariance'!E12+G126*F126*'Covariance'!F12+G126*G126*'Covariance'!G12+G126*H126*'Covariance'!H12+G126*I126*'Covariance'!I12+H126*B126*'Covariance'!B13+H126*C126*'Covariance'!C13+H126*D126*'Covariance'!D13+H126*E126*'Covariance'!E13+H126*F126*'Covariance'!F13+H126*G126*'Covariance'!G13+H126*H126*'Covariance'!H13+H126*I126*'Covariance'!I13+I126*B126*'Covariance'!B14+I126*C126*'Covariance'!C14+I126*D126*'Covariance'!D14+I126*E126*'Covariance'!E14+I126*F126*'Covariance'!F14+I126*G126*'Covariance'!G14+I126*H126*'Covariance'!H14+I126*I126*'Covariance'!I14)
Sampled portfolios,L126,=(J126-'Inputs'!$B$11)/K126
Sampled portfolios,J127,=B127*'Asset assumptions'!E7+C127*'Asset assumptions'!E8+D127*'Asset assumptions'!E9+E127*'Asset assumptions'!E10+F127*'Asset assumptions'!E11+G127*'Asset assumptions'!E12+H127*'Asset assumptions'!E13+I127*'Asset assumptions'!E14
Sampled portfolios,K127,=SQRT(B127*B127*'Covariance'!B7+B127*C127*'Covariance'!C7+B127*D127*'Covariance'!D7+B127*E127*'Covariance'!E7+B127*F127*'Covariance'!F7+B127*G127*'Covariance'!G7+B127*H127*'Covariance'!H7+B127*I127*'Covariance'!I7+C127*B127*'Covariance'!B8+C127*C127*'Covariance'!C8+C127*D127*'Covariance'!D8+C127*E127*'Covariance'!E8+C127*F127*'Covariance'!F8+C127*G127*'Covariance'!G8+C127*H127*'Covariance'!H8+C127*I127*'Covariance'!I8+D127*B127*'Covariance'!B9+D127*C127*'Covariance'!C9+D127*D127*'Covariance'!D9+D127*E127*'Covariance'!E9+D127*F127*'Covariance'!F9+D127*G127*'Covariance'!G9+D127*H127*'Covariance'!H9+D127*I127*'Covariance'!I9+E127*B127*'Covariance'!B10+E127*C127*'Covariance'!C10+E127*D127*'Covariance'!D10+E127*E127*'Covariance'!E10+E127*F127*'Covariance'!F10+E127*G127*'Covariance'!G10+E127*H127*'Covariance'!H10+E127*I127*'Covariance'!I10+F127*B127*'Covariance'!B11+F127*C127*'Covariance'!C11+F127*D127*'Covariance'!D11+F127*E127*'Covariance'!E11+F127*F127*'Covariance'!F11+F127*G127*'Covariance'!G11+F127*H127*'Covariance'!H11+F127*I127*'Covariance'!I11+G127*B127*'Covariance'!B12+G127*C127*'Covariance'!C12+G127*D127*'Covariance'!D12+G127*E127*'Covariance'!E12+G127*F127*'Covariance'!F12+G127*G127*'Covariance'!G12+G127*H127*'Covariance'!H12+G127*I127*'Covariance'!I12+H127*B127*'Covariance'!B13+H127*C127*'Covariance'!C13+H127*D127*'Covariance'!D13+H127*E127*'Covariance'!E13+H127*F127*'Covariance'!F13+H127*G127*'Covariance'!G13+H127*H127*'Covariance'!H13+H127*I127*'Covariance'!I13+I127*B127*'Covariance'!B14+I127*C127*'Covariance'!C14+I127*D127*'Covariance'!D14+I127*E127*'Covariance'!E14+I127*F127*'Covariance'!F14+I127*G127*'Covariance'!G14+I127*H127*'Covariance'!H14+I127*I127*'Covariance'!I14)
Sampled portfolios,L127,=(J127-'Inputs'!$B$11)/K127
Sampled portfolios,J128,=B128*'Asset assumptions'!E7+C128*'Asset assumptions'!E8+D128*'Asset assumptions'!E9+E128*'Asset assumptions'!E10+F128*'Asset assumptions'!E11+G128*'Asset assumptions'!E12+H128*'Asset assumptions'!E13+I128*'Asset assumptions'!E14
Sampled portfolios,K128,=SQRT(B128*B128*'Covariance'!B7+B128*C128*'Covariance'!C7+B128*D128*'Covariance'!D7+B128*E128*'Covariance'!E7+B128*F128*'Covariance'!F7+B128*G128*'Covariance'!G7+B128*H128*'Covariance'!H7+B128*I128*'Covariance'!I7+C128*B128*'Covariance'!B8+C128*C128*'Covariance'!C8+C128*D128*'Covariance'!D8+C128*E128*'Covariance'!E8+C128*F128*'Covariance'!F8+C128*G128*'Covariance'!G8+C128*H128*'Covariance'!H8+C128*I128*'Covariance'!I8+D128*B128*'Covariance'!B9+D128*C128*'Covariance'!C9+D128*D128*'Covariance'!D9+D128*E128*'Covariance'!E9+D128*F128*'Covariance'!F9+D128*G128*'Covariance'!G9+D128*H128*'Covariance'!H9+D128*I128*'Covariance'!I9+E128*B128*'Covariance'!B10+E128*C128*'Covariance'!C10+E128*D128*'Covariance'!D10+E128*E128*'Covariance'!E10+E128*F128*'Covariance'!F10+E128*G128*'Covariance'!G10+E128*H128*'Covariance'!H10+E128*I128*'Covariance'!I10+F128*B128*'Covariance'!B11+F128*C128*'Covariance'!C11+F128*D128*'Covariance'!D11+F128*E128*'Covariance'!E11+F128*F128*'Covariance'!F11+F128*G128*'Covariance'!G11+F128*H128*'Covariance'!H11+F128*I128*'Covariance'!I11+G128*B128*'Covariance'!B12+G128*C128*'Covariance'!C12+G128*D128*'Covariance'!D12+G128*E128*'Covariance'!E12+G128*F128*'Covariance'!F12+G128*G128*'Covariance'!G12+G128*H128*'Covariance'!H12+G128*I128*'Covariance'!I12+H128*B128*'Covariance'!B13+H128*C128*'Covariance'!C13+H128*D128*'Covariance'!D13+H128*E128*'Covariance'!E13+H128*F128*'Covariance'!F13+H128*G128*'Covariance'!G13+H128*H128*'Covariance'!H13+H128*I128*'Covariance'!I13+I128*B128*'Covariance'!B14+I128*C128*'Covariance'!C14+I128*D128*'Covariance'!D14+I128*E128*'Covariance'!E14+I128*F128*'Covariance'!F14+I128*G128*'Covariance'!G14+I128*H128*'Covariance'!H14+I128*I128*'Covariance'!I14)
Sampled portfolios,L128,=(J128-'Inputs'!$B$11)/K128
Sampled portfolios,J129,=B129*'Asset assumptions'!E7+C129*'Asset assumptions'!E8+D129*'Asset assumptions'!E9+E129*'Asset assumptions'!E10+F129*'Asset assumptions'!E11+G129*'Asset assumptions'!E12+H129*'Asset assumptions'!E13+I129*'Asset assumptions'!E14
Sampled portfolios,K129,=SQRT(B129*B129*'Covariance'!B7+B129*C129*'Covariance'!C7+B129*D129*'Covariance'!D7+B129*E129*'Covariance'!E7+B129*F129*'Covariance'!F7+B129*G129*'Covariance'!G7+B129*H129*'Covariance'!H7+B129*I129*'Covariance'!I7+C129*B129*'Covariance'!B8+C129*C129*'Covariance'!C8+C129*D129*'Covariance'!D8+C129*E129*'Covariance'!E8+C129*F129*'Covariance'!F8+C129*G129*'Covariance'!G8+C129*H129*'Covariance'!H8+C129*I129*'Covariance'!I8+D129*B129*'Covariance'!B9+D129*C129*'Covariance'!C9+D129*D129*'Covariance'!D9+D129*E129*'Covariance'!E9+D129*F129*'Covariance'!F9+D129*G129*'Covariance'!G9+D129*H129*'Covariance'!H9+D129*I129*'Covariance'!I9+E129*B129*'Covariance'!B10+E129*C129*'Covariance'!C10+E129*D129*'Covariance'!D10+E129*E129*'Covariance'!E10+E129*F129*'Covariance'!F10+E129*G129*'Covariance'!G10+E129*H129*'Covariance'!H10+E129*I129*'Covariance'!I10+F129*B129*'Covariance'!B11+F129*C129*'Covariance'!C11+F129*D129*'Covariance'!D11+F129*E129*'Covariance'!E11+F129*F129*'Covariance'!F11+F129*G129*'Covariance'!G11+F129*H129*'Covariance'!H11+F129*I129*'Covariance'!I11+G129*B129*'Covariance'!B12+G129*C129*'Covariance'!C12+G129*D129*'Covariance'!D12+G129*E129*'Covariance'!E12+G129*F129*'Covariance'!F12+G129*G129*'Covariance'!G12+G129*H129*'Covariance'!H12+G129*I129*'Covariance'!I12+H129*B129*'Covariance'!B13+H129*C129*'Covariance'!C13+H129*D129*'Covariance'!D13+H129*E129*'Covariance'!E13+H129*F129*'Covariance'!F13+H129*G129*'Covariance'!G13+H129*H129*'Covariance'!H13+H129*I129*'Covariance'!I13+I129*B129*'Covariance'!B14+I129*C129*'Covariance'!C14+I129*D129*'Covariance'!D14+I129*E129*'Covariance'!E14+I129*F129*'Covariance'!F14+I129*G129*'Covariance'!G14+I129*H129*'Covariance'!H14+I129*I129*'Covariance'!I14)
Sampled portfolios,L129,=(J129-'Inputs'!$B$11)/K129
Sampled portfolios,J130,=B130*'Asset assumptions'!E7+C130*'Asset assumptions'!E8+D130*'Asset assumptions'!E9+E130*'Asset assumptions'!E10+F130*'Asset assumptions'!E11+G130*'Asset assumptions'!E12+H130*'Asset assumptions'!E13+I130*'Asset assumptions'!E14
Sampled portfolios,K130,=SQRT(B130*B130*'Covariance'!B7+B130*C130*'Covariance'!C7+B130*D130*'Covariance'!D7+B130*E130*'Covariance'!E7+B130*F130*'Covariance'!F7+B130*G130*'Covariance'!G7+B130*H130*'Covariance'!H7+B130*I130*'Covariance'!I7+C130*B130*'Covariance'!B8+C130*C130*'Covariance'!C8+C130*D130*'Covariance'!D8+C130*E130*'Covariance'!E8+C130*F130*'Covariance'!F8+C130*G130*'Covariance'!G8+C130*H130*'Covariance'!H8+C130*I130*'Covariance'!I8+D130*B130*'Covariance'!B9+D130*C130*'Covariance'!C9+D130*D130*'Covariance'!D9+D130*E130*'Covariance'!E9+D130*F130*'Covariance'!F9+D130*G130*'Covariance'!G9+D130*H130*'Covariance'!H9+D130*I130*'Covariance'!I9+E130*B130*'Covariance'!B10+E130*C130*'Covariance'!C10+E130*D130*'Covariance'!D10+E130*E130*'Covariance'!E10+E130*F130*'Covariance'!F10+E130*G130*'Covariance'!G10+E130*H130*'Covariance'!H10+E130*I130*'Covariance'!I10+F130*B130*'Covariance'!B11+F130*C130*'Covariance'!C11+F130*D130*'Covariance'!D11+F130*E130*'Covariance'!E11+F130*F130*'Covariance'!F11+F130*G130*'Covariance'!G11+F130*H130*'Covariance'!H11+F130*I130*'Covariance'!I11+G130*B130*'Covariance'!B12+G130*C130*'Covariance'!C12+G130*D130*'Covariance'!D12+G130*E130*'Covariance'!E12+G130*F130*'Covariance'!F12+G130*G130*'Covariance'!G12+G130*H130*'Covariance'!H12+G130*I130*'Covariance'!I12+H130*B130*'Covariance'!B13+H130*C130*'Covariance'!C13+H130*D130*'Covariance'!D13+H130*E130*'Covariance'!E13+H130*F130*'Covariance'!F13+H130*G130*'Covariance'!G13+H130*H130*'Covariance'!H13+H130*I130*'Covariance'!I13+I130*B130*'Covariance'!B14+I130*C130*'Covariance'!C14+I130*D130*'Covariance'!D14+I130*E130*'Covariance'!E14+I130*F130*'Covariance'!F14+I130*G130*'Covariance'!G14+I130*H130*'Covariance'!H14+I130*I130*'Covariance'!I14)
Sampled portfolios,L130,=(J130-'Inputs'!$B$11)/K130
Sampled portfolios,J131,=B131*'Asset assumptions'!E7+C131*'Asset assumptions'!E8+D131*'Asset assumptions'!E9+E131*'Asset assumptions'!E10+F131*'Asset assumptions'!E11+G131*'Asset assumptions'!E12+H131*'Asset assumptions'!E13+I131*'Asset assumptions'!E14
Sampled portfolios,K131,=SQRT(B131*B131*'Covariance'!B7+B131*C131*'Covariance'!C7+B131*D131*'Covariance'!D7+B131*E131*'Covariance'!E7+B131*F131*'Covariance'!F7+B131*G131*'Covariance'!G7+B131*H131*'Covariance'!H7+B131*I131*'Covariance'!I7+C131*B131*'Covariance'!B8+C131*C131*'Covariance'!C8+C131*D131*'Covariance'!D8+C131*E131*'Covariance'!E8+C131*F131*'Covariance'!F8+C131*G131*'Covariance'!G8+C131*H131*'Covariance'!H8+C131*I131*'Covariance'!I8+D131*B131*'Covariance'!B9+D131*C131*'Covariance'!C9+D131*D131*'Covariance'!D9+D131*E131*'Covariance'!E9+D131*F131*'Covariance'!F9+D131*G131*'Covariance'!G9+D131*H131*'Covariance'!H9+D131*I131*'Covariance'!I9+E131*B131*'Covariance'!B10+E131*C131*'Covariance'!C10+E131*D131*'Covariance'!D10+E131*E131*'Covariance'!E10+E131*F131*'Covariance'!F10+E131*G131*'Covariance'!G10+E131*H131*'Covariance'!H10+E131*I131*'Covariance'!I10+F131*B131*'Covariance'!B11+F131*C131*'Covariance'!C11+F131*D131*'Covariance'!D11+F131*E131*'Covariance'!E11+F131*F131*'Covariance'!F11+F131*G131*'Covariance'!G11+F131*H131*'Covariance'!H11+F131*I131*'Covariance'!I11+G131*B131*'Covariance'!B12+G131*C131*'Covariance'!C12+G131*D131*'Covariance'!D12+G131*E131*'Covariance'!E12+G131*F131*'Covariance'!F12+G131*G131*'Covariance'!G12+G131*H131*'Covariance'!H12+G131*I131*'Covariance'!I12+H131*B131*'Covariance'!B13+H131*C131*'Covariance'!C13+H131*D131*'Covariance'!D13+H131*E131*'Covariance'!E13+H131*F131*'Covariance'!F13+H131*G131*'Covariance'!G13+H131*H131*'Covariance'!H13+H131*I131*'Covariance'!I13+I131*B131*'Covariance'!B14+I131*C131*'Covariance'!C14+I131*D131*'Covariance'!D14+I131*E131*'Covariance'!E14+I131*F131*'Covariance'!F14+I131*G131*'Covariance'!G14+I131*H131*'Covariance'!H14+I131*I131*'Covariance'!I14)
Sampled portfolios,L131,=(J131-'Inputs'!$B$11)/K131
Sampled portfolios,J132,=B132*'Asset assumptions'!E7+C132*'Asset assumptions'!E8+D132*'Asset assumptions'!E9+E132*'Asset assumptions'!E10+F132*'Asset assumptions'!E11+G132*'Asset assumptions'!E12+H132*'Asset assumptions'!E13+I132*'Asset assumptions'!E14
Sampled portfolios,K132,=SQRT(B132*B132*'Covariance'!B7+B132*C132*'Covariance'!C7+B132*D132*'Covariance'!D7+B132*E132*'Covariance'!E7+B132*F132*'Covariance'!F7+B132*G132*'Covariance'!G7+B132*H132*'Covariance'!H7+B132*I132*'Covariance'!I7+C132*B132*'Covariance'!B8+C132*C132*'Covariance'!C8+C132*D132*'Covariance'!D8+C132*E132*'Covariance'!E8+C132*F132*'Covariance'!F8+C132*G132*'Covariance'!G8+C132*H132*'Covariance'!H8+C132*I132*'Covariance'!I8+D132*B132*'Covariance'!B9+D132*C132*'Covariance'!C9+D132*D132*'Covariance'!D9+D132*E132*'Covariance'!E9+D132*F132*'Covariance'!F9+D132*G132*'Covariance'!G9+D132*H132*'Covariance'!H9+D132*I132*'Covariance'!I9+E132*B132*'Covariance'!B10+E132*C132*'Covariance'!C10+E132*D132*'Covariance'!D10+E132*E132*'Covariance'!E10+E132*F132*'Covariance'!F10+E132*G132*'Covariance'!G10+E132*H132*'Covariance'!H10+E132*I132*'Covariance'!I10+F132*B132*'Covariance'!B11+F132*C132*'Covariance'!C11+F132*D132*'Covariance'!D11+F132*E132*'Covariance'!E11+F132*F132*'Covariance'!F11+F132*G132*'Covariance'!G11+F132*H132*'Covariance'!H11+F132*I132*'Covariance'!I11+G132*B132*'Covariance'!B12+G132*C132*'Covariance'!C12+G132*D132*'Covariance'!D12+G132*E132*'Covariance'!E12+G132*F132*'Covariance'!F12+G132*G132*'Covariance'!G12+G132*H132*'Covariance'!H12+G132*I132*'Covariance'!I12+H132*B132*'Covariance'!B13+H132*C132*'Covariance'!C13+H132*D132*'Covariance'!D13+H132*E132*'Covariance'!E13+H132*F132*'Covariance'!F13+H132*G132*'Covariance'!G13+H132*H132*'Covariance'!H13+H132*I132*'Covariance'!I13+I132*B132*'Covariance'!B14+I132*C132*'Covariance'!C14+I132*D132*'Covariance'!D14+I132*E132*'Covariance'!E14+I132*F132*'Covariance'!F14+I132*G132*'Covariance'!G14+I132*H132*'Covariance'!H14+I132*I132*'Covariance'!I14)
Sampled portfolios,L132,=(J132-'Inputs'!$B$11)/K132
Sampled portfolios,J133,=B133*'Asset assumptions'!E7+C133*'Asset assumptions'!E8+D133*'Asset assumptions'!E9+E133*'Asset assumptions'!E10+F133*'Asset assumptions'!E11+G133*'Asset assumptions'!E12+H133*'Asset assumptions'!E13+I133*'Asset assumptions'!E14
Sampled portfolios,K133,=SQRT(B133*B133*'Covariance'!B7+B133*C133*'Covariance'!C7+B133*D133*'Covariance'!D7+B133*E133*'Covariance'!E7+B133*F133*'Covariance'!F7+B133*G133*'Covariance'!G7+B133*H133*'Covariance'!H7+B133*I133*'Covariance'!I7+C133*B133*'Covariance'!B8+C133*C133*'Covariance'!C8+C133*D133*'Covariance'!D8+C133*E133*'Covariance'!E8+C133*F133*'Covariance'!F8+C133*G133*'Covariance'!G8+C133*H133*'Covariance'!H8+C133*I133*'Covariance'!I8+D133*B133*'Covariance'!B9+D133*C133*'Covariance'!C9+D133*D133*'Covariance'!D9+D133*E133*'Covariance'!E9+D133*F133*'Covariance'!F9+D133*G133*'Covariance'!G9+D133*H133*'Covariance'!H9+D133*I133*'Covariance'!I9+E133*B133*'Covariance'!B10+E133*C133*'Covariance'!C10+E133*D133*'Covariance'!D10+E133*E133*'Covariance'!E10+E133*F133*'Covariance'!F10+E133*G133*'Covariance'!G10+E133*H133*'Covariance'!H10+E133*I133*'Covariance'!I10+F133*B133*'Covariance'!B11+F133*C133*'Covariance'!C11+F133*D133*'Covariance'!D11+F133*E133*'Covariance'!E11+F133*F133*'Covariance'!F11+F133*G133*'Covariance'!G11+F133*H133*'Covariance'!H11+F133*I133*'Covariance'!I11+G133*B133*'Covariance'!B12+G133*C133*'Covariance'!C12+G133*D133*'Covariance'!D12+G133*E133*'Covariance'!E12+G133*F133*'Covariance'!F12+G133*G133*'Covariance'!G12+G133*H133*'Covariance'!H12+G133*I133*'Covariance'!I12+H133*B133*'Covariance'!B13+H133*C133*'Covariance'!C13+H133*D133*'Covariance'!D13+H133*E133*'Covariance'!E13+H133*F133*'Covariance'!F13+H133*G133*'Covariance'!G13+H133*H133*'Covariance'!H13+H133*I133*'Covariance'!I13+I133*B133*'Covariance'!B14+I133*C133*'Covariance'!C14+I133*D133*'Covariance'!D14+I133*E133*'Covariance'!E14+I133*F133*'Covariance'!F14+I133*G133*'Covariance'!G14+I133*H133*'Covariance'!H14+I133*I133*'Covariance'!I14)
Sampled portfolios,L133,=(J133-'Inputs'!$B$11)/K133
Sampled portfolios,J134,=B134*'Asset assumptions'!E7+C134*'Asset assumptions'!E8+D134*'Asset assumptions'!E9+E134*'Asset assumptions'!E10+F134*'Asset assumptions'!E11+G134*'Asset assumptions'!E12+H134*'Asset assumptions'!E13+I134*'Asset assumptions'!E14
Sampled portfolios,K134,=SQRT(B134*B134*'Covariance'!B7+B134*C134*'Covariance'!C7+B134*D134*'Covariance'!D7+B134*E134*'Covariance'!E7+B134*F134*'Covariance'!F7+B134*G134*'Covariance'!G7+B134*H134*'Covariance'!H7+B134*I134*'Covariance'!I7+C134*B134*'Covariance'!B8+C134*C134*'Covariance'!C8+C134*D134*'Covariance'!D8+C134*E134*'Covariance'!E8+C134*F134*'Covariance'!F8+C134*G134*'Covariance'!G8+C134*H134*'Covariance'!H8+C134*I134*'Covariance'!I8+D134*B134*'Covariance'!B9+D134*C134*'Covariance'!C9+D134*D134*'Covariance'!D9+D134*E134*'Covariance'!E9+D134*F134*'Covariance'!F9+D134*G134*'Covariance'!G9+D134*H134*'Covariance'!H9+D134*I134*'Covariance'!I9+E134*B134*'Covariance'!B10+E134*C134*'Covariance'!C10+E134*D134*'Covariance'!D10+E134*E134*'Covariance'!E10+E134*F134*'Covariance'!F10+E134*G134*'Covariance'!G10+E134*H134*'Covariance'!H10+E134*I134*'Covariance'!I10+F134*B134*'Covariance'!B11+F134*C134*'Covariance'!C11+F134*D134*'Covariance'!D11+F134*E134*'Covariance'!E11+F134*F134*'Covariance'!F11+F134*G134*'Covariance'!G11+F134*H134*'Covariance'!H11+F134*I134*'Covariance'!I11+G134*B134*'Covariance'!B12+G134*C134*'Covariance'!C12+G134*D134*'Covariance'!D12+G134*E134*'Covariance'!E12+G134*F134*'Covariance'!F12+G134*G134*'Covariance'!G12+G134*H134*'Covariance'!H12+G134*I134*'Covariance'!I12+H134*B134*'Covariance'!B13+H134*C134*'Covariance'!C13+H134*D134*'Covariance'!D13+H134*E134*'Covariance'!E13+H134*F134*'Covariance'!F13+H134*G134*'Covariance'!G13+H134*H134*'Covariance'!H13+H134*I134*'Covariance'!I13+I134*B134*'Covariance'!B14+I134*C134*'Covariance'!C14+I134*D134*'Covariance'!D14+I134*E134*'Covariance'!E14+I134*F134*'Covariance'!F14+I134*G134*'Covariance'!G14+I134*H134*'Covariance'!H14+I134*I134*'Covariance'!I14)
Sampled portfolios,L134,=(J134-'Inputs'!$B$11)/K134
Sampled portfolios,J135,=B135*'Asset assumptions'!E7+C135*'Asset assumptions'!E8+D135*'Asset assumptions'!E9+E135*'Asset assumptions'!E10+F135*'Asset assumptions'!E11+G135*'Asset assumptions'!E12+H135*'Asset assumptions'!E13+I135*'Asset assumptions'!E14
Sampled portfolios,K135,=SQRT(B135*B135*'Covariance'!B7+B135*C135*'Covariance'!C7+B135*D135*'Covariance'!D7+B135*E135*'Covariance'!E7+B135*F135*'Covariance'!F7+B135*G135*'Covariance'!G7+B135*H135*'Covariance'!H7+B135*I135*'Covariance'!I7+C135*B135*'Covariance'!B8+C135*C135*'Covariance'!C8+C135*D135*'Covariance'!D8+C135*E135*'Covariance'!E8+C135*F135*'Covariance'!F8+C135*G135*'Covariance'!G8+C135*H135*'Covariance'!H8+C135*I135*'Covariance'!I8+D135*B135*'Covariance'!B9+D135*C135*'Covariance'!C9+D135*D135*'Covariance'!D9+D135*E135*'Covariance'!E9+D135*F135*'Covariance'!F9+D135*G135*'Covariance'!G9+D135*H135*'Covariance'!H9+D135*I135*'Covariance'!I9+E135*B135*'Covariance'!B10+E135*C135*'Covariance'!C10+E135*D135*'Covariance'!D10+E135*E135*'Covariance'!E10+E135*F135*'Covariance'!F10+E135*G135*'Covariance'!G10+E135*H135*'Covariance'!H10+E135*I135*'Covariance'!I10+F135*B135*'Covariance'!B11+F135*C135*'Covariance'!C11+F135*D135*'Covariance'!D11+F135*E135*'Covariance'!E11+F135*F135*'Covariance'!F11+F135*G135*'Covariance'!G11+F135*H135*'Covariance'!H11+F135*I135*'Covariance'!I11+G135*B135*'Covariance'!B12+G135*C135*'Covariance'!C12+G135*D135*'Covariance'!D12+G135*E135*'Covariance'!E12+G135*F135*'Covariance'!F12+G135*G135*'Covariance'!G12+G135*H135*'Covariance'!H12+G135*I135*'Covariance'!I12+H135*B135*'Covariance'!B13+H135*C135*'Covariance'!C13+H135*D135*'Covariance'!D13+H135*E135*'Covariance'!E13+H135*F135*'Covariance'!F13+H135*G135*'Covariance'!G13+H135*H135*'Covariance'!H13+H135*I135*'Covariance'!I13+I135*B135*'Covariance'!B14+I135*C135*'Covariance'!C14+I135*D135*'Covariance'!D14+I135*E135*'Covariance'!E14+I135*F135*'Covariance'!F14+I135*G135*'Covariance'!G14+I135*H135*'Covariance'!H14+I135*I135*'Covariance'!I14)
Sampled portfolios,L135,=(J135-'Inputs'!$B$11)/K135
Sampled portfolios,J136,=B136*'Asset assumptions'!E7+C136*'Asset assumptions'!E8+D136*'Asset assumptions'!E9+E136*'Asset assumptions'!E10+F136*'Asset assumptions'!E11+G136*'Asset assumptions'!E12+H136*'Asset assumptions'!E13+I136*'Asset assumptions'!E14
Sampled portfolios,K136,=SQRT(B136*B136*'Covariance'!B7+B136*C136*'Covariance'!C7+B136*D136*'Covariance'!D7+B136*E136*'Covariance'!E7+B136*F136*'Covariance'!F7+B136*G136*'Covariance'!G7+B136*H136*'Covariance'!H7+B136*I136*'Covariance'!I7+C136*B136*'Covariance'!B8+C136*C136*'Covariance'!C8+C136*D136*'Covariance'!D8+C136*E136*'Covariance'!E8+C136*F136*'Covariance'!F8+C136*G136*'Covariance'!G8+C136*H136*'Covariance'!H8+C136*I136*'Covariance'!I8+D136*B136*'Covariance'!B9+D136*C136*'Covariance'!C9+D136*D136*'Covariance'!D9+D136*E136*'Covariance'!E9+D136*F136*'Covariance'!F9+D136*G136*'Covariance'!G9+D136*H136*'Covariance'!H9+D136*I136*'Covariance'!I9+E136*B136*'Covariance'!B10+E136*C136*'Covariance'!C10+E136*D136*'Covariance'!D10+E136*E136*'Covariance'!E10+E136*F136*'Covariance'!F10+E136*G136*'Covariance'!G10+E136*H136*'Covariance'!H10+E136*I136*'Covariance'!I10+F136*B136*'Covariance'!B11+F136*C136*'Covariance'!C11+F136*D136*'Covariance'!D11+F136*E136*'Covariance'!E11+F136*F136*'Covariance'!F11+F136*G136*'Covariance'!G11+F136*H136*'Covariance'!H11+F136*I136*'Covariance'!I11+G136*B136*'Covariance'!B12+G136*C136*'Covariance'!C12+G136*D136*'Covariance'!D12+G136*E136*'Covariance'!E12+G136*F136*'Covariance'!F12+G136*G136*'Covariance'!G12+G136*H136*'Covariance'!H12+G136*I136*'Covariance'!I12+H136*B136*'Covariance'!B13+H136*C136*'Covariance'!C13+H136*D136*'Covariance'!D13+H136*E136*'Covariance'!E13+H136*F136*'Covariance'!F13+H136*G136*'Covariance'!G13+H136*H136*'Covariance'!H13+H136*I136*'Covariance'!I13+I136*B136*'Covariance'!B14+I136*C136*'Covariance'!C14+I136*D136*'Covariance'!D14+I136*E136*'Covariance'!E14+I136*F136*'Covariance'!F14+I136*G136*'Covariance'!G14+I136*H136*'Covariance'!H14+I136*I136*'Covariance'!I14)
Sampled portfolios,L136,=(J136-'Inputs'!$B$11)/K136
Sampled portfolios,J137,=B137*'Asset assumptions'!E7+C137*'Asset assumptions'!E8+D137*'Asset assumptions'!E9+E137*'Asset assumptions'!E10+F137*'Asset assumptions'!E11+G137*'Asset assumptions'!E12+H137*'Asset assumptions'!E13+I137*'Asset assumptions'!E14
Sampled portfolios,K137,=SQRT(B137*B137*'Covariance'!B7+B137*C137*'Covariance'!C7+B137*D137*'Covariance'!D7+B137*E137*'Covariance'!E7+B137*F137*'Covariance'!F7+B137*G137*'Covariance'!G7+B137*H137*'Covariance'!H7+B137*I137*'Covariance'!I7+C137*B137*'Covariance'!B8+C137*C137*'Covariance'!C8+C137*D137*'Covariance'!D8+C137*E137*'Covariance'!E8+C137*F137*'Covariance'!F8+C137*G137*'Covariance'!G8+C137*H137*'Covariance'!H8+C137*I137*'Covariance'!I8+D137*B137*'Covariance'!B9+D137*C137*'Covariance'!C9+D137*D137*'Covariance'!D9+D137*E137*'Covariance'!E9+D137*F137*'Covariance'!F9+D137*G137*'Covariance'!G9+D137*H137*'Covariance'!H9+D137*I137*'Covariance'!I9+E137*B137*'Covariance'!B10+E137*C137*'Covariance'!C10+E137*D137*'Covariance'!D10+E137*E137*'Covariance'!E10+E137*F137*'Covariance'!F10+E137*G137*'Covariance'!G10+E137*H137*'Covariance'!H10+E137*I137*'Covariance'!I10+F137*B137*'Covariance'!B11+F137*C137*'Covariance'!C11+F137*D137*'Covariance'!D11+F137*E137*'Covariance'!E11+F137*F137*'Covariance'!F11+F137*G137*'Covariance'!G11+F137*H137*'Covariance'!H11+F137*I137*'Covariance'!I11+G137*B137*'Covariance'!B12+G137*C137*'Covariance'!C12+G137*D137*'Covariance'!D12+G137*E137*'Covariance'!E12+G137*F137*'Covariance'!F12+G137*G137*'Covariance'!G12+G137*H137*'Covariance'!H12+G137*I137*'Covariance'!I12+H137*B137*'Covariance'!B13+H137*C137*'Covariance'!C13+H137*D137*'Covariance'!D13+H137*E137*'Covariance'!E13+H137*F137*'Covariance'!F13+H137*G137*'Covariance'!G13+H137*H137*'Covariance'!H13+H137*I137*'Covariance'!I13+I137*B137*'Covariance'!B14+I137*C137*'Covariance'!C14+I137*D137*'Covariance'!D14+I137*E137*'Covariance'!E14+I137*F137*'Covariance'!F14+I137*G137*'Covariance'!G14+I137*H137*'Covariance'!H14+I137*I137*'Covariance'!I14)
Sampled portfolios,L137,=(J137-'Inputs'!$B$11)/K137
Sampled portfolios,J138,=B138*'Asset assumptions'!E7+C138*'Asset assumptions'!E8+D138*'Asset assumptions'!E9+E138*'Asset assumptions'!E10+F138*'Asset assumptions'!E11+G138*'Asset assumptions'!E12+H138*'Asset assumptions'!E13+I138*'Asset assumptions'!E14
Sampled portfolios,K138,=SQRT(B138*B138*'Covariance'!B7+B138*C138*'Covariance'!C7+B138*D138*'Covariance'!D7+B138*E138*'Covariance'!E7+B138*F138*'Covariance'!F7+B138*G138*'Covariance'!G7+B138*H138*'Covariance'!H7+B138*I138*'Covariance'!I7+C138*B138*'Covariance'!B8+C138*C138*'Covariance'!C8+C138*D138*'Covariance'!D8+C138*E138*'Covariance'!E8+C138*F138*'Covariance'!F8+C138*G138*'Covariance'!G8+C138*H138*'Covariance'!H8+C138*I138*'Covariance'!I8+D138*B138*'Covariance'!B9+D138*C138*'Covariance'!C9+D138*D138*'Covariance'!D9+D138*E138*'Covariance'!E9+D138*F138*'Covariance'!F9+D138*G138*'Covariance'!G9+D138*H138*'Covariance'!H9+D138*I138*'Covariance'!I9+E138*B138*'Covariance'!B10+E138*C138*'Covariance'!C10+E138*D138*'Covariance'!D10+E138*E138*'Covariance'!E10+E138*F138*'Covariance'!F10+E138*G138*'Covariance'!G10+E138*H138*'Covariance'!H10+E138*I138*'Covariance'!I10+F138*B138*'Covariance'!B11+F138*C138*'Covariance'!C11+F138*D138*'Covariance'!D11+F138*E138*'Covariance'!E11+F138*F138*'Covariance'!F11+F138*G138*'Covariance'!G11+F138*H138*'Covariance'!H11+F138*I138*'Covariance'!I11+G138*B138*'Covariance'!B12+G138*C138*'Covariance'!C12+G138*D138*'Covariance'!D12+G138*E138*'Covariance'!E12+G138*F138*'Covariance'!F12+G138*G138*'Covariance'!G12+G138*H138*'Covariance'!H12+G138*I138*'Covariance'!I12+H138*B138*'Covariance'!B13+H138*C138*'Covariance'!C13+H138*D138*'Covariance'!D13+H138*E138*'Covariance'!E13+H138*F138*'Covariance'!F13+H138*G138*'Covariance'!G13+H138*H138*'Covariance'!H13+H138*I138*'Covariance'!I13+I138*B138*'Covariance'!B14+I138*C138*'Covariance'!C14+I138*D138*'Covariance'!D14+I138*E138*'Covariance'!E14+I138*F138*'Covariance'!F14+I138*G138*'Covariance'!G14+I138*H138*'Covariance'!H14+I138*I138*'Covariance'!I14)
Sampled portfolios,L138,=(J138-'Inputs'!$B$11)/K138
Sampled portfolios,J139,=B139*'Asset assumptions'!E7+C139*'Asset assumptions'!E8+D139*'Asset assumptions'!E9+E139*'Asset assumptions'!E10+F139*'Asset assumptions'!E11+G139*'Asset assumptions'!E12+H139*'Asset assumptions'!E13+I139*'Asset assumptions'!E14
Sampled portfolios,K139,=SQRT(B139*B139*'Covariance'!B7+B139*C139*'Covariance'!C7+B139*D139*'Covariance'!D7+B139*E139*'Covariance'!E7+B139*F139*'Covariance'!F7+B139*G139*'Covariance'!G7+B139*H139*'Covariance'!H7+B139*I139*'Covariance'!I7+C139*B139*'Covariance'!B8+C139*C139*'Covariance'!C8+C139*D139*'Covariance'!D8+C139*E139*'Covariance'!E8+C139*F139*'Covariance'!F8+C139*G139*'Covariance'!G8+C139*H139*'Covariance'!H8+C139*I139*'Covariance'!I8+D139*B139*'Covariance'!B9+D139*C139*'Covariance'!C9+D139*D139*'Covariance'!D9+D139*E139*'Covariance'!E9+D139*F139*'Covariance'!F9+D139*G139*'Covariance'!G9+D139*H139*'Covariance'!H9+D139*I139*'Covariance'!I9+E139*B139*'Covariance'!B10+E139*C139*'Covariance'!C10+E139*D139*'Covariance'!D10+E139*E139*'Covariance'!E10+E139*F139*'Covariance'!F10+E139*G139*'Covariance'!G10+E139*H139*'Covariance'!H10+E139*I139*'Covariance'!I10+F139*B139*'Covariance'!B11+F139*C139*'Covariance'!C11+F139*D139*'Covariance'!D11+F139*E139*'Covariance'!E11+F139*F139*'Covariance'!F11+F139*G139*'Covariance'!G11+F139*H139*'Covariance'!H11+F139*I139*'Covariance'!I11+G139*B139*'Covariance'!B12+G139*C139*'Covariance'!C12+G139*D139*'Covariance'!D12+G139*E139*'Covariance'!E12+G139*F139*'Covariance'!F12+G139*G139*'Covariance'!G12+G139*H139*'Covariance'!H12+G139*I139*'Covariance'!I12+H139*B139*'Covariance'!B13+H139*C139*'Covariance'!C13+H139*D139*'Covariance'!D13+H139*E139*'Covariance'!E13+H139*F139*'Covariance'!F13+H139*G139*'Covariance'!G13+H139*H139*'Covariance'!H13+H139*I139*'Covariance'!I13+I139*B139*'Covariance'!B14+I139*C139*'Covariance'!C14+I139*D139*'Covariance'!D14+I139*E139*'Covariance'!E14+I139*F139*'Covariance'!F14+I139*G139*'Covariance'!G14+I139*H139*'Covariance'!H14+I139*I139*'Covariance'!I14)
Sampled portfolios,L139,=(J139-'Inputs'!$B$11)/K139
Sampled portfolios,J140,=B140*'Asset assumptions'!E7+C140*'Asset assumptions'!E8+D140*'Asset assumptions'!E9+E140*'Asset assumptions'!E10+F140*'Asset assumptions'!E11+G140*'Asset assumptions'!E12+H140*'Asset assumptions'!E13+I140*'Asset assumptions'!E14
Sampled portfolios,K140,=SQRT(B140*B140*'Covariance'!B7+B140*C140*'Covariance'!C7+B140*D140*'Covariance'!D7+B140*E140*'Covariance'!E7+B140*F140*'Covariance'!F7+B140*G140*'Covariance'!G7+B140*H140*'Covariance'!H7+B140*I140*'Covariance'!I7+C140*B140*'Covariance'!B8+C140*C140*'Covariance'!C8+C140*D140*'Covariance'!D8+C140*E140*'Covariance'!E8+C140*F140*'Covariance'!F8+C140*G140*'Covariance'!G8+C140*H140*'Covariance'!H8+C140*I140*'Covariance'!I8+D140*B140*'Covariance'!B9+D140*C140*'Covariance'!C9+D140*D140*'Covariance'!D9+D140*E140*'Covariance'!E9+D140*F140*'Covariance'!F9+D140*G140*'Covariance'!G9+D140*H140*'Covariance'!H9+D140*I140*'Covariance'!I9+E140*B140*'Covariance'!B10+E140*C140*'Covariance'!C10+E140*D140*'Covariance'!D10+E140*E140*'Covariance'!E10+E140*F140*'Covariance'!F10+E140*G140*'Covariance'!G10+E140*H140*'Covariance'!H10+E140*I140*'Covariance'!I10+F140*B140*'Covariance'!B11+F140*C140*'Covariance'!C11+F140*D140*'Covariance'!D11+F140*E140*'Covariance'!E11+F140*F140*'Covariance'!F11+F140*G140*'Covariance'!G11+F140*H140*'Covariance'!H11+F140*I140*'Covariance'!I11+G140*B140*'Covariance'!B12+G140*C140*'Covariance'!C12+G140*D140*'Covariance'!D12+G140*E140*'Covariance'!E12+G140*F140*'Covariance'!F12+G140*G140*'Covariance'!G12+G140*H140*'Covariance'!H12+G140*I140*'Covariance'!I12+H140*B140*'Covariance'!B13+H140*C140*'Covariance'!C13+H140*D140*'Covariance'!D13+H140*E140*'Covariance'!E13+H140*F140*'Covariance'!F13+H140*G140*'Covariance'!G13+H140*H140*'Covariance'!H13+H140*I140*'Covariance'!I13+I140*B140*'Covariance'!B14+I140*C140*'Covariance'!C14+I140*D140*'Covariance'!D14+I140*E140*'Covariance'!E14+I140*F140*'Covariance'!F14+I140*G140*'Covariance'!G14+I140*H140*'Covariance'!H14+I140*I140*'Covariance'!I14)
Sampled portfolios,L140,=(J140-'Inputs'!$B$11)/K140
Sampled portfolios,J141,=B141*'Asset assumptions'!E7+C141*'Asset assumptions'!E8+D141*'Asset assumptions'!E9+E141*'Asset assumptions'!E10+F141*'Asset assumptions'!E11+G141*'Asset assumptions'!E12+H141*'Asset assumptions'!E13+I141*'Asset assumptions'!E14
Sampled portfolios,K141,=SQRT(B141*B141*'Covariance'!B7+B141*C141*'Covariance'!C7+B141*D141*'Covariance'!D7+B141*E141*'Covariance'!E7+B141*F141*'Covariance'!F7+B141*G141*'Covariance'!G7+B141*H141*'Covariance'!H7+B141*I141*'Covariance'!I7+C141*B141*'Covariance'!B8+C141*C141*'Covariance'!C8+C141*D141*'Covariance'!D8+C141*E141*'Covariance'!E8+C141*F141*'Covariance'!F8+C141*G141*'Covariance'!G8+C141*H141*'Covariance'!H8+C141*I141*'Covariance'!I8+D141*B141*'Covariance'!B9+D141*C141*'Covariance'!C9+D141*D141*'Covariance'!D9+D141*E141*'Covariance'!E9+D141*F141*'Covariance'!F9+D141*G141*'Covariance'!G9+D141*H141*'Covariance'!H9+D141*I141*'Covariance'!I9+E141*B141*'Covariance'!B10+E141*C141*'Covariance'!C10+E141*D141*'Covariance'!D10+E141*E141*'Covariance'!E10+E141*F141*'Covariance'!F10+E141*G141*'Covariance'!G10+E141*H141*'Covariance'!H10+E141*I141*'Covariance'!I10+F141*B141*'Covariance'!B11+F141*C141*'Covariance'!C11+F141*D141*'Covariance'!D11+F141*E141*'Covariance'!E11+F141*F141*'Covariance'!F11+F141*G141*'Covariance'!G11+F141*H141*'Covariance'!H11+F141*I141*'Covariance'!I11+G141*B141*'Covariance'!B12+G141*C141*'Covariance'!C12+G141*D141*'Covariance'!D12+G141*E141*'Covariance'!E12+G141*F141*'Covariance'!F12+G141*G141*'Covariance'!G12+G141*H141*'Covariance'!H12+G141*I141*'Covariance'!I12+H141*B141*'Covariance'!B13+H141*C141*'Covariance'!C13+H141*D141*'Covariance'!D13+H141*E141*'Covariance'!E13+H141*F141*'Covariance'!F13+H141*G141*'Covariance'!G13+H141*H141*'Covariance'!H13+H141*I141*'Covariance'!I13+I141*B141*'Covariance'!B14+I141*C141*'Covariance'!C14+I141*D141*'Covariance'!D14+I141*E141*'Covariance'!E14+I141*F141*'Covariance'!F14+I141*G141*'Covariance'!G14+I141*H141*'Covariance'!H14+I141*I141*'Covariance'!I14)
Sampled portfolios,L141,=(J141-'Inputs'!$B$11)/K141
Sampled portfolios,J142,=B142*'Asset assumptions'!E7+C142*'Asset assumptions'!E8+D142*'Asset assumptions'!E9+E142*'Asset assumptions'!E10+F142*'Asset assumptions'!E11+G142*'Asset assumptions'!E12+H142*'Asset assumptions'!E13+I142*'Asset assumptions'!E14
Sampled portfolios,K142,=SQRT(B142*B142*'Covariance'!B7+B142*C142*'Covariance'!C7+B142*D142*'Covariance'!D7+B142*E142*'Covariance'!E7+B142*F142*'Covariance'!F7+B142*G142*'Covariance'!G7+B142*H142*'Covariance'!H7+B142*I142*'Covariance'!I7+C142*B142*'Covariance'!B8+C142*C142*'Covariance'!C8+C142*D142*'Covariance'!D8+C142*E142*'Covariance'!E8+C142*F142*'Covariance'!F8+C142*G142*'Covariance'!G8+C142*H142*'Covariance'!H8+C142*I142*'Covariance'!I8+D142*B142*'Covariance'!B9+D142*C142*'Covariance'!C9+D142*D142*'Covariance'!D9+D142*E142*'Covariance'!E9+D142*F142*'Covariance'!F9+D142*G142*'Covariance'!G9+D142*H142*'Covariance'!H9+D142*I142*'Covariance'!I9+E142*B142*'Covariance'!B10+E142*C142*'Covariance'!C10+E142*D142*'Covariance'!D10+E142*E142*'Covariance'!E10+E142*F142*'Covariance'!F10+E142*G142*'Covariance'!G10+E142*H142*'Covariance'!H10+E142*I142*'Covariance'!I10+F142*B142*'Covariance'!B11+F142*C142*'Covariance'!C11+F142*D142*'Covariance'!D11+F142*E142*'Covariance'!E11+F142*F142*'Covariance'!F11+F142*G142*'Covariance'!G11+F142*H142*'Covariance'!H11+F142*I142*'Covariance'!I11+G142*B142*'Covariance'!B12+G142*C142*'Covariance'!C12+G142*D142*'Covariance'!D12+G142*E142*'Covariance'!E12+G142*F142*'Covariance'!F12+G142*G142*'Covariance'!G12+G142*H142*'Covariance'!H12+G142*I142*'Covariance'!I12+H142*B142*'Covariance'!B13+H142*C142*'Covariance'!C13+H142*D142*'Covariance'!D13+H142*E142*'Covariance'!E13+H142*F142*'Covariance'!F13+H142*G142*'Covariance'!G13+H142*H142*'Covariance'!H13+H142*I142*'Covariance'!I13+I142*B142*'Covariance'!B14+I142*C142*'Covariance'!C14+I142*D142*'Covariance'!D14+I142*E142*'Covariance'!E14+I142*F142*'Covariance'!F14+I142*G142*'Covariance'!G14+I142*H142*'Covariance'!H14+I142*I142*'Covariance'!I14)
Sampled portfolios,L142,=(J142-'Inputs'!$B$11)/K142
Sampled portfolios,J143,=B143*'Asset assumptions'!E7+C143*'Asset assumptions'!E8+D143*'Asset assumptions'!E9+E143*'Asset assumptions'!E10+F143*'Asset assumptions'!E11+G143*'Asset assumptions'!E12+H143*'Asset assumptions'!E13+I143*'Asset assumptions'!E14
Sampled portfolios,K143,=SQRT(B143*B143*'Covariance'!B7+B143*C143*'Covariance'!C7+B143*D143*'Covariance'!D7+B143*E143*'Covariance'!E7+B143*F143*'Covariance'!F7+B143*G143*'Covariance'!G7+B143*H143*'Covariance'!H7+B143*I143*'Covariance'!I7+C143*B143*'Covariance'!B8+C143*C143*'Covariance'!C8+C143*D143*'Covariance'!D8+C143*E143*'Covariance'!E8+C143*F143*'Covariance'!F8+C143*G143*'Covariance'!G8+C143*H143*'Covariance'!H8+C143*I143*'Covariance'!I8+D143*B143*'Covariance'!B9+D143*C143*'Covariance'!C9+D143*D143*'Covariance'!D9+D143*E143*'Covariance'!E9+D143*F143*'Covariance'!F9+D143*G143*'Covariance'!G9+D143*H143*'Covariance'!H9+D143*I143*'Covariance'!I9+E143*B143*'Covariance'!B10+E143*C143*'Covariance'!C10+E143*D143*'Covariance'!D10+E143*E143*'Covariance'!E10+E143*F143*'Covariance'!F10+E143*G143*'Covariance'!G10+E143*H143*'Covariance'!H10+E143*I143*'Covariance'!I10+F143*B143*'Covariance'!B11+F143*C143*'Covariance'!C11+F143*D143*'Covariance'!D11+F143*E143*'Covariance'!E11+F143*F143*'Covariance'!F11+F143*G143*'Covariance'!G11+F143*H143*'Covariance'!H11+F143*I143*'Covariance'!I11+G143*B143*'Covariance'!B12+G143*C143*'Covariance'!C12+G143*D143*'Covariance'!D12+G143*E143*'Covariance'!E12+G143*F143*'Covariance'!F12+G143*G143*'Covariance'!G12+G143*H143*'Covariance'!H12+G143*I143*'Covariance'!I12+H143*B143*'Covariance'!B13+H143*C143*'Covariance'!C13+H143*D143*'Covariance'!D13+H143*E143*'Covariance'!E13+H143*F143*'Covariance'!F13+H143*G143*'Covariance'!G13+H143*H143*'Covariance'!H13+H143*I143*'Covariance'!I13+I143*B143*'Covariance'!B14+I143*C143*'Covariance'!C14+I143*D143*'Covariance'!D14+I143*E143*'Covariance'!E14+I143*F143*'Covariance'!F14+I143*G143*'Covariance'!G14+I143*H143*'Covariance'!H14+I143*I143*'Covariance'!I14)
Sampled portfolios,L143,=(J143-'Inputs'!$B$11)/K143
Sampled portfolios,J144,=B144*'Asset assumptions'!E7+C144*'Asset assumptions'!E8+D144*'Asset assumptions'!E9+E144*'Asset assumptions'!E10+F144*'Asset assumptions'!E11+G144*'Asset assumptions'!E12+H144*'Asset assumptions'!E13+I144*'Asset assumptions'!E14
Sampled portfolios,K144,=SQRT(B144*B144*'Covariance'!B7+B144*C144*'Covariance'!C7+B144*D144*'Covariance'!D7+B144*E144*'Covariance'!E7+B144*F144*'Covariance'!F7+B144*G144*'Covariance'!G7+B144*H144*'Covariance'!H7+B144*I144*'Covariance'!I7+C144*B144*'Covariance'!B8+C144*C144*'Covariance'!C8+C144*D144*'Covariance'!D8+C144*E144*'Covariance'!E8+C144*F144*'Covariance'!F8+C144*G144*'Covariance'!G8+C144*H144*'Covariance'!H8+C144*I144*'Covariance'!I8+D144*B144*'Covariance'!B9+D144*C144*'Covariance'!C9+D144*D144*'Covariance'!D9+D144*E144*'Covariance'!E9+D144*F144*'Covariance'!F9+D144*G144*'Covariance'!G9+D144*H144*'Covariance'!H9+D144*I144*'Covariance'!I9+E144*B144*'Covariance'!B10+E144*C144*'Covariance'!C10+E144*D144*'Covariance'!D10+E144*E144*'Covariance'!E10+E144*F144*'Covariance'!F10+E144*G144*'Covariance'!G10+E144*H144*'Covariance'!H10+E144*I144*'Covariance'!I10+F144*B144*'Covariance'!B11+F144*C144*'Covariance'!C11+F144*D144*'Covariance'!D11+F144*E144*'Covariance'!E11+F144*F144*'Covariance'!F11+F144*G144*'Covariance'!G11+F144*H144*'Covariance'!H11+F144*I144*'Covariance'!I11+G144*B144*'Covariance'!B12+G144*C144*'Covariance'!C12+G144*D144*'Covariance'!D12+G144*E144*'Covariance'!E12+G144*F144*'Covariance'!F12+G144*G144*'Covariance'!G12+G144*H144*'Covariance'!H12+G144*I144*'Covariance'!I12+H144*B144*'Covariance'!B13+H144*C144*'Covariance'!C13+H144*D144*'Covariance'!D13+H144*E144*'Covariance'!E13+H144*F144*'Covariance'!F13+H144*G144*'Covariance'!G13+H144*H144*'Covariance'!H13+H144*I144*'Covariance'!I13+I144*B144*'Covariance'!B14+I144*C144*'Covariance'!C14+I144*D144*'Covariance'!D14+I144*E144*'Covariance'!E14+I144*F144*'Covariance'!F14+I144*G144*'Covariance'!G14+I144*H144*'Covariance'!H14+I144*I144*'Covariance'!I14)
Sampled portfolios,L144,=(J144-'Inputs'!$B$11)/K144
Sampled portfolios,J145,=B145*'Asset assumptions'!E7+C145*'Asset assumptions'!E8+D145*'Asset assumptions'!E9+E145*'Asset assumptions'!E10+F145*'Asset assumptions'!E11+G145*'Asset assumptions'!E12+H145*'Asset assumptions'!E13+I145*'Asset assumptions'!E14
Sampled portfolios,K145,=SQRT(B145*B145*'Covariance'!B7+B145*C145*'Covariance'!C7+B145*D145*'Covariance'!D7+B145*E145*'Covariance'!E7+B145*F145*'Covariance'!F7+B145*G145*'Covariance'!G7+B145*H145*'Covariance'!H7+B145*I145*'Covariance'!I7+C145*B145*'Covariance'!B8+C145*C145*'Covariance'!C8+C145*D145*'Covariance'!D8+C145*E145*'Covariance'!E8+C145*F145*'Covariance'!F8+C145*G145*'Covariance'!G8+C145*H145*'Covariance'!H8+C145*I145*'Covariance'!I8+D145*B145*'Covariance'!B9+D145*C145*'Covariance'!C9+D145*D145*'Covariance'!D9+D145*E145*'Covariance'!E9+D145*F145*'Covariance'!F9+D145*G145*'Covariance'!G9+D145*H145*'Covariance'!H9+D145*I145*'Covariance'!I9+E145*B145*'Covariance'!B10+E145*C145*'Covariance'!C10+E145*D145*'Covariance'!D10+E145*E145*'Covariance'!E10+E145*F145*'Covariance'!F10+E145*G145*'Covariance'!G10+E145*H145*'Covariance'!H10+E145*I145*'Covariance'!I10+F145*B145*'Covariance'!B11+F145*C145*'Covariance'!C11+F145*D145*'Covariance'!D11+F145*E145*'Covariance'!E11+F145*F145*'Covariance'!F11+F145*G145*'Covariance'!G11+F145*H145*'Covariance'!H11+F145*I145*'Covariance'!I11+G145*B145*'Covariance'!B12+G145*C145*'Covariance'!C12+G145*D145*'Covariance'!D12+G145*E145*'Covariance'!E12+G145*F145*'Covariance'!F12+G145*G145*'Covariance'!G12+G145*H145*'Covariance'!H12+G145*I145*'Covariance'!I12+H145*B145*'Covariance'!B13+H145*C145*'Covariance'!C13+H145*D145*'Covariance'!D13+H145*E145*'Covariance'!E13+H145*F145*'Covariance'!F13+H145*G145*'Covariance'!G13+H145*H145*'Covariance'!H13+H145*I145*'Covariance'!I13+I145*B145*'Covariance'!B14+I145*C145*'Covariance'!C14+I145*D145*'Covariance'!D14+I145*E145*'Covariance'!E14+I145*F145*'Covariance'!F14+I145*G145*'Covariance'!G14+I145*H145*'Covariance'!H14+I145*I145*'Covariance'!I14)
Sampled portfolios,L145,=(J145-'Inputs'!$B$11)/K145
Sampled portfolios,J146,=B146*'Asset assumptions'!E7+C146*'Asset assumptions'!E8+D146*'Asset assumptions'!E9+E146*'Asset assumptions'!E10+F146*'Asset assumptions'!E11+G146*'Asset assumptions'!E12+H146*'Asset assumptions'!E13+I146*'Asset assumptions'!E14
Sampled portfolios,K146,=SQRT(B146*B146*'Covariance'!B7+B146*C146*'Covariance'!C7+B146*D146*'Covariance'!D7+B146*E146*'Covariance'!E7+B146*F146*'Covariance'!F7+B146*G146*'Covariance'!G7+B146*H146*'Covariance'!H7+B146*I146*'Covariance'!I7+C146*B146*'Covariance'!B8+C146*C146*'Covariance'!C8+C146*D146*'Covariance'!D8+C146*E146*'Covariance'!E8+C146*F146*'Covariance'!F8+C146*G146*'Covariance'!G8+C146*H146*'Covariance'!H8+C146*I146*'Covariance'!I8+D146*B146*'Covariance'!B9+D146*C146*'Covariance'!C9+D146*D146*'Covariance'!D9+D146*E146*'Covariance'!E9+D146*F146*'Covariance'!F9+D146*G146*'Covariance'!G9+D146*H146*'Covariance'!H9+D146*I146*'Covariance'!I9+E146*B146*'Covariance'!B10+E146*C146*'Covariance'!C10+E146*D146*'Covariance'!D10+E146*E146*'Covariance'!E10+E146*F146*'Covariance'!F10+E146*G146*'Covariance'!G10+E146*H146*'Covariance'!H10+E146*I146*'Covariance'!I10+F146*B146*'Covariance'!B11+F146*C146*'Covariance'!C11+F146*D146*'Covariance'!D11+F146*E146*'Covariance'!E11+F146*F146*'Covariance'!F11+F146*G146*'Covariance'!G11+F146*H146*'Covariance'!H11+F146*I146*'Covariance'!I11+G146*B146*'Covariance'!B12+G146*C146*'Covariance'!C12+G146*D146*'Covariance'!D12+G146*E146*'Covariance'!E12+G146*F146*'Covariance'!F12+G146*G146*'Covariance'!G12+G146*H146*'Covariance'!H12+G146*I146*'Covariance'!I12+H146*B146*'Covariance'!B13+H146*C146*'Covariance'!C13+H146*D146*'Covariance'!D13+H146*E146*'Covariance'!E13+H146*F146*'Covariance'!F13+H146*G146*'Covariance'!G13+H146*H146*'Covariance'!H13+H146*I146*'Covariance'!I13+I146*B146*'Covariance'!B14+I146*C146*'Covariance'!C14+I146*D146*'Covariance'!D14+I146*E146*'Covariance'!E14+I146*F146*'Covariance'!F14+I146*G146*'Covariance'!G14+I146*H146*'Covariance'!H14+I146*I146*'Covariance'!I14)
Sampled portfolios,L146,=(J146-'Inputs'!$B$11)/K146
Sampled portfolios,J147,=B147*'Asset assumptions'!E7+C147*'Asset assumptions'!E8+D147*'Asset assumptions'!E9+E147*'Asset assumptions'!E10+F147*'Asset assumptions'!E11+G147*'Asset assumptions'!E12+H147*'Asset assumptions'!E13+I147*'Asset assumptions'!E14
Sampled portfolios,K147,=SQRT(B147*B147*'Covariance'!B7+B147*C147*'Covariance'!C7+B147*D147*'Covariance'!D7+B147*E147*'Covariance'!E7+B147*F147*'Covariance'!F7+B147*G147*'Covariance'!G7+B147*H147*'Covariance'!H7+B147*I147*'Covariance'!I7+C147*B147*'Covariance'!B8+C147*C147*'Covariance'!C8+C147*D147*'Covariance'!D8+C147*E147*'Covariance'!E8+C147*F147*'Covariance'!F8+C147*G147*'Covariance'!G8+C147*H147*'Covariance'!H8+C147*I147*'Covariance'!I8+D147*B147*'Covariance'!B9+D147*C147*'Covariance'!C9+D147*D147*'Covariance'!D9+D147*E147*'Covariance'!E9+D147*F147*'Covariance'!F9+D147*G147*'Covariance'!G9+D147*H147*'Covariance'!H9+D147*I147*'Covariance'!I9+E147*B147*'Covariance'!B10+E147*C147*'Covariance'!C10+E147*D147*'Covariance'!D10+E147*E147*'Covariance'!E10+E147*F147*'Covariance'!F10+E147*G147*'Covariance'!G10+E147*H147*'Covariance'!H10+E147*I147*'Covariance'!I10+F147*B147*'Covariance'!B11+F147*C147*'Covariance'!C11+F147*D147*'Covariance'!D11+F147*E147*'Covariance'!E11+F147*F147*'Covariance'!F11+F147*G147*'Covariance'!G11+F147*H147*'Covariance'!H11+F147*I147*'Covariance'!I11+G147*B147*'Covariance'!B12+G147*C147*'Covariance'!C12+G147*D147*'Covariance'!D12+G147*E147*'Covariance'!E12+G147*F147*'Covariance'!F12+G147*G147*'Covariance'!G12+G147*H147*'Covariance'!H12+G147*I147*'Covariance'!I12+H147*B147*'Covariance'!B13+H147*C147*'Covariance'!C13+H147*D147*'Covariance'!D13+H147*E147*'Covariance'!E13+H147*F147*'Covariance'!F13+H147*G147*'Covariance'!G13+H147*H147*'Covariance'!H13+H147*I147*'Covariance'!I13+I147*B147*'Covariance'!B14+I147*C147*'Covariance'!C14+I147*D147*'Covariance'!D14+I147*E147*'Covariance'!E14+I147*F147*'Covariance'!F14+I147*G147*'Covariance'!G14+I147*H147*'Covariance'!H14+I147*I147*'Covariance'!I14)
Sampled portfolios,L147,=(J147-'Inputs'!$B$11)/K147
Sampled portfolios,J148,=B148*'Asset assumptions'!E7+C148*'Asset assumptions'!E8+D148*'Asset assumptions'!E9+E148*'Asset assumptions'!E10+F148*'Asset assumptions'!E11+G148*'Asset assumptions'!E12+H148*'Asset assumptions'!E13+I148*'Asset assumptions'!E14
Sampled portfolios,K148,=SQRT(B148*B148*'Covariance'!B7+B148*C148*'Covariance'!C7+B148*D148*'Covariance'!D7+B148*E148*'Covariance'!E7+B148*F148*'Covariance'!F7+B148*G148*'Covariance'!G7+B148*H148*'Covariance'!H7+B148*I148*'Covariance'!I7+C148*B148*'Covariance'!B8+C148*C148*'Covariance'!C8+C148*D148*'Covariance'!D8+C148*E148*'Covariance'!E8+C148*F148*'Covariance'!F8+C148*G148*'Covariance'!G8+C148*H148*'Covariance'!H8+C148*I148*'Covariance'!I8+D148*B148*'Covariance'!B9+D148*C148*'Covariance'!C9+D148*D148*'Covariance'!D9+D148*E148*'Covariance'!E9+D148*F148*'Covariance'!F9+D148*G148*'Covariance'!G9+D148*H148*'Covariance'!H9+D148*I148*'Covariance'!I9+E148*B148*'Covariance'!B10+E148*C148*'Covariance'!C10+E148*D148*'Covariance'!D10+E148*E148*'Covariance'!E10+E148*F148*'Covariance'!F10+E148*G148*'Covariance'!G10+E148*H148*'Covariance'!H10+E148*I148*'Covariance'!I10+F148*B148*'Covariance'!B11+F148*C148*'Covariance'!C11+F148*D148*'Covariance'!D11+F148*E148*'Covariance'!E11+F148*F148*'Covariance'!F11+F148*G148*'Covariance'!G11+F148*H148*'Covariance'!H11+F148*I148*'Covariance'!I11+G148*B148*'Covariance'!B12+G148*C148*'Covariance'!C12+G148*D148*'Covariance'!D12+G148*E148*'Covariance'!E12+G148*F148*'Covariance'!F12+G148*G148*'Covariance'!G12+G148*H148*'Covariance'!H12+G148*I148*'Covariance'!I12+H148*B148*'Covariance'!B13+H148*C148*'Covariance'!C13+H148*D148*'Covariance'!D13+H148*E148*'Covariance'!E13+H148*F148*'Covariance'!F13+H148*G148*'Covariance'!G13+H148*H148*'Covariance'!H13+H148*I148*'Covariance'!I13+I148*B148*'Covariance'!B14+I148*C148*'Covariance'!C14+I148*D148*'Covariance'!D14+I148*E148*'Covariance'!E14+I148*F148*'Covariance'!F14+I148*G148*'Covariance'!G14+I148*H148*'Covariance'!H14+I148*I148*'Covariance'!I14)
Sampled portfolios,L148,=(J148-'Inputs'!$B$11)/K148
Sampled portfolios,J149,=B149*'Asset assumptions'!E7+C149*'Asset assumptions'!E8+D149*'Asset assumptions'!E9+E149*'Asset assumptions'!E10+F149*'Asset assumptions'!E11+G149*'Asset assumptions'!E12+H149*'Asset assumptions'!E13+I149*'Asset assumptions'!E14
Sampled portfolios,K149,=SQRT(B149*B149*'Covariance'!B7+B149*C149*'Covariance'!C7+B149*D149*'Covariance'!D7+B149*E149*'Covariance'!E7+B149*F149*'Covariance'!F7+B149*G149*'Covariance'!G7+B149*H149*'Covariance'!H7+B149*I149*'Covariance'!I7+C149*B149*'Covariance'!B8+C149*C149*'Covariance'!C8+C149*D149*'Covariance'!D8+C149*E149*'Covariance'!E8+C149*F149*'Covariance'!F8+C149*G149*'Covariance'!G8+C149*H149*'Covariance'!H8+C149*I149*'Covariance'!I8+D149*B149*'Covariance'!B9+D149*C149*'Covariance'!C9+D149*D149*'Covariance'!D9+D149*E149*'Covariance'!E9+D149*F149*'Covariance'!F9+D149*G149*'Covariance'!G9+D149*H149*'Covariance'!H9+D149*I149*'Covariance'!I9+E149*B149*'Covariance'!B10+E149*C149*'Covariance'!C10+E149*D149*'Covariance'!D10+E149*E149*'Covariance'!E10+E149*F149*'Covariance'!F10+E149*G149*'Covariance'!G10+E149*H149*'Covariance'!H10+E149*I149*'Covariance'!I10+F149*B149*'Covariance'!B11+F149*C149*'Covariance'!C11+F149*D149*'Covariance'!D11+F149*E149*'Covariance'!E11+F149*F149*'Covariance'!F11+F149*G149*'Covariance'!G11+F149*H149*'Covariance'!H11+F149*I149*'Covariance'!I11+G149*B149*'Covariance'!B12+G149*C149*'Covariance'!C12+G149*D149*'Covariance'!D12+G149*E149*'Covariance'!E12+G149*F149*'Covariance'!F12+G149*G149*'Covariance'!G12+G149*H149*'Covariance'!H12+G149*I149*'Covariance'!I12+H149*B149*'Covariance'!B13+H149*C149*'Covariance'!C13+H149*D149*'Covariance'!D13+H149*E149*'Covariance'!E13+H149*F149*'Covariance'!F13+H149*G149*'Covariance'!G13+H149*H149*'Covariance'!H13+H149*I149*'Covariance'!I13+I149*B149*'Covariance'!B14+I149*C149*'Covariance'!C14+I149*D149*'Covariance'!D14+I149*E149*'Covariance'!E14+I149*F149*'Covariance'!F14+I149*G149*'Covariance'!G14+I149*H149*'Covariance'!H14+I149*I149*'Covariance'!I14)
Sampled portfolios,L149,=(J149-'Inputs'!$B$11)/K149
Sampled portfolios,J150,=B150*'Asset assumptions'!E7+C150*'Asset assumptions'!E8+D150*'Asset assumptions'!E9+E150*'Asset assumptions'!E10+F150*'Asset assumptions'!E11+G150*'Asset assumptions'!E12+H150*'Asset assumptions'!E13+I150*'Asset assumptions'!E14
Sampled portfolios,K150,=SQRT(B150*B150*'Covariance'!B7+B150*C150*'Covariance'!C7+B150*D150*'Covariance'!D7+B150*E150*'Covariance'!E7+B150*F150*'Covariance'!F7+B150*G150*'Covariance'!G7+B150*H150*'Covariance'!H7+B150*I150*'Covariance'!I7+C150*B150*'Covariance'!B8+C150*C150*'Covariance'!C8+C150*D150*'Covariance'!D8+C150*E150*'Covariance'!E8+C150*F150*'Covariance'!F8+C150*G150*'Covariance'!G8+C150*H150*'Covariance'!H8+C150*I150*'Covariance'!I8+D150*B150*'Covariance'!B9+D150*C150*'Covariance'!C9+D150*D150*'Covariance'!D9+D150*E150*'Covariance'!E9+D150*F150*'Covariance'!F9+D150*G150*'Covariance'!G9+D150*H150*'Covariance'!H9+D150*I150*'Covariance'!I9+E150*B150*'Covariance'!B10+E150*C150*'Covariance'!C10+E150*D150*'Covariance'!D10+E150*E150*'Covariance'!E10+E150*F150*'Covariance'!F10+E150*G150*'Covariance'!G10+E150*H150*'Covariance'!H10+E150*I150*'Covariance'!I10+F150*B150*'Covariance'!B11+F150*C150*'Covariance'!C11+F150*D150*'Covariance'!D11+F150*E150*'Covariance'!E11+F150*F150*'Covariance'!F11+F150*G150*'Covariance'!G11+F150*H150*'Covariance'!H11+F150*I150*'Covariance'!I11+G150*B150*'Covariance'!B12+G150*C150*'Covariance'!C12+G150*D150*'Covariance'!D12+G150*E150*'Covariance'!E12+G150*F150*'Covariance'!F12+G150*G150*'Covariance'!G12+G150*H150*'Covariance'!H12+G150*I150*'Covariance'!I12+H150*B150*'Covariance'!B13+H150*C150*'Covariance'!C13+H150*D150*'Covariance'!D13+H150*E150*'Covariance'!E13+H150*F150*'Covariance'!F13+H150*G150*'Covariance'!G13+H150*H150*'Covariance'!H13+H150*I150*'Covariance'!I13+I150*B150*'Covariance'!B14+I150*C150*'Covariance'!C14+I150*D150*'Covariance'!D14+I150*E150*'Covariance'!E14+I150*F150*'Covariance'!F14+I150*G150*'Covariance'!G14+I150*H150*'Covariance'!H14+I150*I150*'Covariance'!I14)
Sampled portfolios,L150,=(J150-'Inputs'!$B$11)/K150
Sampled portfolios,J151,=B151*'Asset assumptions'!E7+C151*'Asset assumptions'!E8+D151*'Asset assumptions'!E9+E151*'Asset assumptions'!E10+F151*'Asset assumptions'!E11+G151*'Asset assumptions'!E12+H151*'Asset assumptions'!E13+I151*'Asset assumptions'!E14
Sampled portfolios,K151,=SQRT(B151*B151*'Covariance'!B7+B151*C151*'Covariance'!C7+B151*D151*'Covariance'!D7+B151*E151*'Covariance'!E7+B151*F151*'Covariance'!F7+B151*G151*'Covariance'!G7+B151*H151*'Covariance'!H7+B151*I151*'Covariance'!I7+C151*B151*'Covariance'!B8+C151*C151*'Covariance'!C8+C151*D151*'Covariance'!D8+C151*E151*'Covariance'!E8+C151*F151*'Covariance'!F8+C151*G151*'Covariance'!G8+C151*H151*'Covariance'!H8+C151*I151*'Covariance'!I8+D151*B151*'Covariance'!B9+D151*C151*'Covariance'!C9+D151*D151*'Covariance'!D9+D151*E151*'Covariance'!E9+D151*F151*'Covariance'!F9+D151*G151*'Covariance'!G9+D151*H151*'Covariance'!H9+D151*I151*'Covariance'!I9+E151*B151*'Covariance'!B10+E151*C151*'Covariance'!C10+E151*D151*'Covariance'!D10+E151*E151*'Covariance'!E10+E151*F151*'Covariance'!F10+E151*G151*'Covariance'!G10+E151*H151*'Covariance'!H10+E151*I151*'Covariance'!I10+F151*B151*'Covariance'!B11+F151*C151*'Covariance'!C11+F151*D151*'Covariance'!D11+F151*E151*'Covariance'!E11+F151*F151*'Covariance'!F11+F151*G151*'Covariance'!G11+F151*H151*'Covariance'!H11+F151*I151*'Covariance'!I11+G151*B151*'Covariance'!B12+G151*C151*'Covariance'!C12+G151*D151*'Covariance'!D12+G151*E151*'Covariance'!E12+G151*F151*'Covariance'!F12+G151*G151*'Covariance'!G12+G151*H151*'Covariance'!H12+G151*I151*'Covariance'!I12+H151*B151*'Covariance'!B13+H151*C151*'Covariance'!C13+H151*D151*'Covariance'!D13+H151*E151*'Covariance'!E13+H151*F151*'Covariance'!F13+H151*G151*'Covariance'!G13+H151*H151*'Covariance'!H13+H151*I151*'Covariance'!I13+I151*B151*'Covariance'!B14+I151*C151*'Covariance'!C14+I151*D151*'Covariance'!D14+I151*E151*'Covariance'!E14+I151*F151*'Covariance'!F14+I151*G151*'Covariance'!G14+I151*H151*'Covariance'!H14+I151*I151*'Covariance'!I14)
Sampled portfolios,L151,=(J151-'Inputs'!$B$11)/K151
Sampled portfolios,J152,=B152*'Asset assumptions'!E7+C152*'Asset assumptions'!E8+D152*'Asset assumptions'!E9+E152*'Asset assumptions'!E10+F152*'Asset assumptions'!E11+G152*'Asset assumptions'!E12+H152*'Asset assumptions'!E13+I152*'Asset assumptions'!E14
Sampled portfolios,K152,=SQRT(B152*B152*'Covariance'!B7+B152*C152*'Covariance'!C7+B152*D152*'Covariance'!D7+B152*E152*'Covariance'!E7+B152*F152*'Covariance'!F7+B152*G152*'Covariance'!G7+B152*H152*'Covariance'!H7+B152*I152*'Covariance'!I7+C152*B152*'Covariance'!B8+C152*C152*'Covariance'!C8+C152*D152*'Covariance'!D8+C152*E152*'Covariance'!E8+C152*F152*'Covariance'!F8+C152*G152*'Covariance'!G8+C152*H152*'Covariance'!H8+C152*I152*'Covariance'!I8+D152*B152*'Covariance'!B9+D152*C152*'Covariance'!C9+D152*D152*'Covariance'!D9+D152*E152*'Covariance'!E9+D152*F152*'Covariance'!F9+D152*G152*'Covariance'!G9+D152*H152*'Covariance'!H9+D152*I152*'Covariance'!I9+E152*B152*'Covariance'!B10+E152*C152*'Covariance'!C10+E152*D152*'Covariance'!D10+E152*E152*'Covariance'!E10+E152*F152*'Covariance'!F10+E152*G152*'Covariance'!G10+E152*H152*'Covariance'!H10+E152*I152*'Covariance'!I10+F152*B152*'Covariance'!B11+F152*C152*'Covariance'!C11+F152*D152*'Covariance'!D11+F152*E152*'Covariance'!E11+F152*F152*'Covariance'!F11+F152*G152*'Covariance'!G11+F152*H152*'Covariance'!H11+F152*I152*'Covariance'!I11+G152*B152*'Covariance'!B12+G152*C152*'Covariance'!C12+G152*D152*'Covariance'!D12+G152*E152*'Covariance'!E12+G152*F152*'Covariance'!F12+G152*G152*'Covariance'!G12+G152*H152*'Covariance'!H12+G152*I152*'Covariance'!I12+H152*B152*'Covariance'!B13+H152*C152*'Covariance'!C13+H152*D152*'Covariance'!D13+H152*E152*'Covariance'!E13+H152*F152*'Covariance'!F13+H152*G152*'Covariance'!G13+H152*H152*'Covariance'!H13+H152*I152*'Covariance'!I13+I152*B152*'Covariance'!B14+I152*C152*'Covariance'!C14+I152*D152*'Covariance'!D14+I152*E152*'Covariance'!E14+I152*F152*'Covariance'!F14+I152*G152*'Covariance'!G14+I152*H152*'Covariance'!H14+I152*I152*'Covariance'!I14)
Sampled portfolios,L152,=(J152-'Inputs'!$B$11)/K152
Sampled portfolios,J153,=B153*'Asset assumptions'!E7+C153*'Asset assumptions'!E8+D153*'Asset assumptions'!E9+E153*'Asset assumptions'!E10+F153*'Asset assumptions'!E11+G153*'Asset assumptions'!E12+H153*'Asset assumptions'!E13+I153*'Asset assumptions'!E14
Sampled portfolios,K153,=SQRT(B153*B153*'Covariance'!B7+B153*C153*'Covariance'!C7+B153*D153*'Covariance'!D7+B153*E153*'Covariance'!E7+B153*F153*'Covariance'!F7+B153*G153*'Covariance'!G7+B153*H153*'Covariance'!H7+B153*I153*'Covariance'!I7+C153*B153*'Covariance'!B8+C153*C153*'Covariance'!C8+C153*D153*'Covariance'!D8+C153*E153*'Covariance'!E8+C153*F153*'Covariance'!F8+C153*G153*'Covariance'!G8+C153*H153*'Covariance'!H8+C153*I153*'Covariance'!I8+D153*B153*'Covariance'!B9+D153*C153*'Covariance'!C9+D153*D153*'Covariance'!D9+D153*E153*'Covariance'!E9+D153*F153*'Covariance'!F9+D153*G153*'Covariance'!G9+D153*H153*'Covariance'!H9+D153*I153*'Covariance'!I9+E153*B153*'Covariance'!B10+E153*C153*'Covariance'!C10+E153*D153*'Covariance'!D10+E153*E153*'Covariance'!E10+E153*F153*'Covariance'!F10+E153*G153*'Covariance'!G10+E153*H153*'Covariance'!H10+E153*I153*'Covariance'!I10+F153*B153*'Covariance'!B11+F153*C153*'Covariance'!C11+F153*D153*'Covariance'!D11+F153*E153*'Covariance'!E11+F153*F153*'Covariance'!F11+F153*G153*'Covariance'!G11+F153*H153*'Covariance'!H11+F153*I153*'Covariance'!I11+G153*B153*'Covariance'!B12+G153*C153*'Covariance'!C12+G153*D153*'Covariance'!D12+G153*E153*'Covariance'!E12+G153*F153*'Covariance'!F12+G153*G153*'Covariance'!G12+G153*H153*'Covariance'!H12+G153*I153*'Covariance'!I12+H153*B153*'Covariance'!B13+H153*C153*'Covariance'!C13+H153*D153*'Covariance'!D13+H153*E153*'Covariance'!E13+H153*F153*'Covariance'!F13+H153*G153*'Covariance'!G13+H153*H153*'Covariance'!H13+H153*I153*'Covariance'!I13+I153*B153*'Covariance'!B14+I153*C153*'Covariance'!C14+I153*D153*'Covariance'!D14+I153*E153*'Covariance'!E14+I153*F153*'Covariance'!F14+I153*G153*'Covariance'!G14+I153*H153*'Covariance'!H14+I153*I153*'Covariance'!I14)
Sampled portfolios,L153,=(J153-'Inputs'!$B$11)/K153
Sampled portfolios,J154,=B154*'Asset assumptions'!E7+C154*'Asset assumptions'!E8+D154*'Asset assumptions'!E9+E154*'Asset assumptions'!E10+F154*'Asset assumptions'!E11+G154*'Asset assumptions'!E12+H154*'Asset assumptions'!E13+I154*'Asset assumptions'!E14
Sampled portfolios,K154,=SQRT(B154*B154*'Covariance'!B7+B154*C154*'Covariance'!C7+B154*D154*'Covariance'!D7+B154*E154*'Covariance'!E7+B154*F154*'Covariance'!F7+B154*G154*'Covariance'!G7+B154*H154*'Covariance'!H7+B154*I154*'Covariance'!I7+C154*B154*'Covariance'!B8+C154*C154*'Covariance'!C8+C154*D154*'Covariance'!D8+C154*E154*'Covariance'!E8+C154*F154*'Covariance'!F8+C154*G154*'Covariance'!G8+C154*H154*'Covariance'!H8+C154*I154*'Covariance'!I8+D154*B154*'Covariance'!B9+D154*C154*'Covariance'!C9+D154*D154*'Covariance'!D9+D154*E154*'Covariance'!E9+D154*F154*'Covariance'!F9+D154*G154*'Covariance'!G9+D154*H154*'Covariance'!H9+D154*I154*'Covariance'!I9+E154*B154*'Covariance'!B10+E154*C154*'Covariance'!C10+E154*D154*'Covariance'!D10+E154*E154*'Covariance'!E10+E154*F154*'Covariance'!F10+E154*G154*'Covariance'!G10+E154*H154*'Covariance'!H10+E154*I154*'Covariance'!I10+F154*B154*'Covariance'!B11+F154*C154*'Covariance'!C11+F154*D154*'Covariance'!D11+F154*E154*'Covariance'!E11+F154*F154*'Covariance'!F11+F154*G154*'Covariance'!G11+F154*H154*'Covariance'!H11+F154*I154*'Covariance'!I11+G154*B154*'Covariance'!B12+G154*C154*'Covariance'!C12+G154*D154*'Covariance'!D12+G154*E154*'Covariance'!E12+G154*F154*'Covariance'!F12+G154*G154*'Covariance'!G12+G154*H154*'Covariance'!H12+G154*I154*'Covariance'!I12+H154*B154*'Covariance'!B13+H154*C154*'Covariance'!C13+H154*D154*'Covariance'!D13+H154*E154*'Covariance'!E13+H154*F154*'Covariance'!F13+H154*G154*'Covariance'!G13+H154*H154*'Covariance'!H13+H154*I154*'Covariance'!I13+I154*B154*'Covariance'!B14+I154*C154*'Covariance'!C14+I154*D154*'Covariance'!D14+I154*E154*'Covariance'!E14+I154*F154*'Covariance'!F14+I154*G154*'Covariance'!G14+I154*H154*'Covariance'!H14+I154*I154*'Covariance'!I14)
Sampled portfolios,L154,=(J154-'Inputs'!$B$11)/K154
Sampled portfolios,J155,=B155*'Asset assumptions'!E7+C155*'Asset assumptions'!E8+D155*'Asset assumptions'!E9+E155*'Asset assumptions'!E10+F155*'Asset assumptions'!E11+G155*'Asset assumptions'!E12+H155*'Asset assumptions'!E13+I155*'Asset assumptions'!E14
Sampled portfolios,K155,=SQRT(B155*B155*'Covariance'!B7+B155*C155*'Covariance'!C7+B155*D155*'Covariance'!D7+B155*E155*'Covariance'!E7+B155*F155*'Covariance'!F7+B155*G155*'Covariance'!G7+B155*H155*'Covariance'!H7+B155*I155*'Covariance'!I7+C155*B155*'Covariance'!B8+C155*C155*'Covariance'!C8+C155*D155*'Covariance'!D8+C155*E155*'Covariance'!E8+C155*F155*'Covariance'!F8+C155*G155*'Covariance'!G8+C155*H155*'Covariance'!H8+C155*I155*'Covariance'!I8+D155*B155*'Covariance'!B9+D155*C155*'Covariance'!C9+D155*D155*'Covariance'!D9+D155*E155*'Covariance'!E9+D155*F155*'Covariance'!F9+D155*G155*'Covariance'!G9+D155*H155*'Covariance'!H9+D155*I155*'Covariance'!I9+E155*B155*'Covariance'!B10+E155*C155*'Covariance'!C10+E155*D155*'Covariance'!D10+E155*E155*'Covariance'!E10+E155*F155*'Covariance'!F10+E155*G155*'Covariance'!G10+E155*H155*'Covariance'!H10+E155*I155*'Covariance'!I10+F155*B155*'Covariance'!B11+F155*C155*'Covariance'!C11+F155*D155*'Covariance'!D11+F155*E155*'Covariance'!E11+F155*F155*'Covariance'!F11+F155*G155*'Covariance'!G11+F155*H155*'Covariance'!H11+F155*I155*'Covariance'!I11+G155*B155*'Covariance'!B12+G155*C155*'Covariance'!C12+G155*D155*'Covariance'!D12+G155*E155*'Covariance'!E12+G155*F155*'Covariance'!F12+G155*G155*'Covariance'!G12+G155*H155*'Covariance'!H12+G155*I155*'Covariance'!I12+H155*B155*'Covariance'!B13+H155*C155*'Covariance'!C13+H155*D155*'Covariance'!D13+H155*E155*'Covariance'!E13+H155*F155*'Covariance'!F13+H155*G155*'Covariance'!G13+H155*H155*'Covariance'!H13+H155*I155*'Covariance'!I13+I155*B155*'Covariance'!B14+I155*C155*'Covariance'!C14+I155*D155*'Covariance'!D14+I155*E155*'Covariance'!E14+I155*F155*'Covariance'!F14+I155*G155*'Covariance'!G14+I155*H155*'Covariance'!H14+I155*I155*'Covariance'!I14)
Sampled portfolios,L155,=(J155-'Inputs'!$B$11)/K155
Sampled portfolios,J156,=B156*'Asset assumptions'!E7+C156*'Asset assumptions'!E8+D156*'Asset assumptions'!E9+E156*'Asset assumptions'!E10+F156*'Asset assumptions'!E11+G156*'Asset assumptions'!E12+H156*'Asset assumptions'!E13+I156*'Asset assumptions'!E14
Sampled portfolios,K156,=SQRT(B156*B156*'Covariance'!B7+B156*C156*'Covariance'!C7+B156*D156*'Covariance'!D7+B156*E156*'Covariance'!E7+B156*F156*'Covariance'!F7+B156*G156*'Covariance'!G7+B156*H156*'Covariance'!H7+B156*I156*'Covariance'!I7+C156*B156*'Covariance'!B8+C156*C156*'Covariance'!C8+C156*D156*'Covariance'!D8+C156*E156*'Covariance'!E8+C156*F156*'Covariance'!F8+C156*G156*'Covariance'!G8+C156*H156*'Covariance'!H8+C156*I156*'Covariance'!I8+D156*B156*'Covariance'!B9+D156*C156*'Covariance'!C9+D156*D156*'Covariance'!D9+D156*E156*'Covariance'!E9+D156*F156*'Covariance'!F9+D156*G156*'Covariance'!G9+D156*H156*'Covariance'!H9+D156*I156*'Covariance'!I9+E156*B156*'Covariance'!B10+E156*C156*'Covariance'!C10+E156*D156*'Covariance'!D10+E156*E156*'Covariance'!E10+E156*F156*'Covariance'!F10+E156*G156*'Covariance'!G10+E156*H156*'Covariance'!H10+E156*I156*'Covariance'!I10+F156*B156*'Covariance'!B11+F156*C156*'Covariance'!C11+F156*D156*'Covariance'!D11+F156*E156*'Covariance'!E11+F156*F156*'Covariance'!F11+F156*G156*'Covariance'!G11+F156*H156*'Covariance'!H11+F156*I156*'Covariance'!I11+G156*B156*'Covariance'!B12+G156*C156*'Covariance'!C12+G156*D156*'Covariance'!D12+G156*E156*'Covariance'!E12+G156*F156*'Covariance'!F12+G156*G156*'Covariance'!G12+G156*H156*'Covariance'!H12+G156*I156*'Covariance'!I12+H156*B156*'Covariance'!B13+H156*C156*'Covariance'!C13+H156*D156*'Covariance'!D13+H156*E156*'Covariance'!E13+H156*F156*'Covariance'!F13+H156*G156*'Covariance'!G13+H156*H156*'Covariance'!H13+H156*I156*'Covariance'!I13+I156*B156*'Covariance'!B14+I156*C156*'Covariance'!C14+I156*D156*'Covariance'!D14+I156*E156*'Covariance'!E14+I156*F156*'Covariance'!F14+I156*G156*'Covariance'!G14+I156*H156*'Covariance'!H14+I156*I156*'Covariance'!I14)
Sampled portfolios,L156,=(J156-'Inputs'!$B$11)/K156
Sampled portfolios,J157,=B157*'Asset assumptions'!E7+C157*'Asset assumptions'!E8+D157*'Asset assumptions'!E9+E157*'Asset assumptions'!E10+F157*'Asset assumptions'!E11+G157*'Asset assumptions'!E12+H157*'Asset assumptions'!E13+I157*'Asset assumptions'!E14
Sampled portfolios,K157,=SQRT(B157*B157*'Covariance'!B7+B157*C157*'Covariance'!C7+B157*D157*'Covariance'!D7+B157*E157*'Covariance'!E7+B157*F157*'Covariance'!F7+B157*G157*'Covariance'!G7+B157*H157*'Covariance'!H7+B157*I157*'Covariance'!I7+C157*B157*'Covariance'!B8+C157*C157*'Covariance'!C8+C157*D157*'Covariance'!D8+C157*E157*'Covariance'!E8+C157*F157*'Covariance'!F8+C157*G157*'Covariance'!G8+C157*H157*'Covariance'!H8+C157*I157*'Covariance'!I8+D157*B157*'Covariance'!B9+D157*C157*'Covariance'!C9+D157*D157*'Covariance'!D9+D157*E157*'Covariance'!E9+D157*F157*'Covariance'!F9+D157*G157*'Covariance'!G9+D157*H157*'Covariance'!H9+D157*I157*'Covariance'!I9+E157*B157*'Covariance'!B10+E157*C157*'Covariance'!C10+E157*D157*'Covariance'!D10+E157*E157*'Covariance'!E10+E157*F157*'Covariance'!F10+E157*G157*'Covariance'!G10+E157*H157*'Covariance'!H10+E157*I157*'Covariance'!I10+F157*B157*'Covariance'!B11+F157*C157*'Covariance'!C11+F157*D157*'Covariance'!D11+F157*E157*'Covariance'!E11+F157*F157*'Covariance'!F11+F157*G157*'Covariance'!G11+F157*H157*'Covariance'!H11+F157*I157*'Covariance'!I11+G157*B157*'Covariance'!B12+G157*C157*'Covariance'!C12+G157*D157*'Covariance'!D12+G157*E157*'Covariance'!E12+G157*F157*'Covariance'!F12+G157*G157*'Covariance'!G12+G157*H157*'Covariance'!H12+G157*I157*'Covariance'!I12+H157*B157*'Covariance'!B13+H157*C157*'Covariance'!C13+H157*D157*'Covariance'!D13+H157*E157*'Covariance'!E13+H157*F157*'Covariance'!F13+H157*G157*'Covariance'!G13+H157*H157*'Covariance'!H13+H157*I157*'Covariance'!I13+I157*B157*'Covariance'!B14+I157*C157*'Covariance'!C14+I157*D157*'Covariance'!D14+I157*E157*'Covariance'!E14+I157*F157*'Covariance'!F14+I157*G157*'Covariance'!G14+I157*H157*'Covariance'!H14+I157*I157*'Covariance'!I14)
Sampled portfolios,L157,=(J157-'Inputs'!$B$11)/K157
Sampled portfolios,J158,=B158*'Asset assumptions'!E7+C158*'Asset assumptions'!E8+D158*'Asset assumptions'!E9+E158*'Asset assumptions'!E10+F158*'Asset assumptions'!E11+G158*'Asset assumptions'!E12+H158*'Asset assumptions'!E13+I158*'Asset assumptions'!E14
Sampled portfolios,K158,=SQRT(B158*B158*'Covariance'!B7+B158*C158*'Covariance'!C7+B158*D158*'Covariance'!D7+B158*E158*'Covariance'!E7+B158*F158*'Covariance'!F7+B158*G158*'Covariance'!G7+B158*H158*'Covariance'!H7+B158*I158*'Covariance'!I7+C158*B158*'Covariance'!B8+C158*C158*'Covariance'!C8+C158*D158*'Covariance'!D8+C158*E158*'Covariance'!E8+C158*F158*'Covariance'!F8+C158*G158*'Covariance'!G8+C158*H158*'Covariance'!H8+C158*I158*'Covariance'!I8+D158*B158*'Covariance'!B9+D158*C158*'Covariance'!C9+D158*D158*'Covariance'!D9+D158*E158*'Covariance'!E9+D158*F158*'Covariance'!F9+D158*G158*'Covariance'!G9+D158*H158*'Covariance'!H9+D158*I158*'Covariance'!I9+E158*B158*'Covariance'!B10+E158*C158*'Covariance'!C10+E158*D158*'Covariance'!D10+E158*E158*'Covariance'!E10+E158*F158*'Covariance'!F10+E158*G158*'Covariance'!G10+E158*H158*'Covariance'!H10+E158*I158*'Covariance'!I10+F158*B158*'Covariance'!B11+F158*C158*'Covariance'!C11+F158*D158*'Covariance'!D11+F158*E158*'Covariance'!E11+F158*F158*'Covariance'!F11+F158*G158*'Covariance'!G11+F158*H158*'Covariance'!H11+F158*I158*'Covariance'!I11+G158*B158*'Covariance'!B12+G158*C158*'Covariance'!C12+G158*D158*'Covariance'!D12+G158*E158*'Covariance'!E12+G158*F158*'Covariance'!F12+G158*G158*'Covariance'!G12+G158*H158*'Covariance'!H12+G158*I158*'Covariance'!I12+H158*B158*'Covariance'!B13+H158*C158*'Covariance'!C13+H158*D158*'Covariance'!D13+H158*E158*'Covariance'!E13+H158*F158*'Covariance'!F13+H158*G158*'Covariance'!G13+H158*H158*'Covariance'!H13+H158*I158*'Covariance'!I13+I158*B158*'Covariance'!B14+I158*C158*'Covariance'!C14+I158*D158*'Covariance'!D14+I158*E158*'Covariance'!E14+I158*F158*'Covariance'!F14+I158*G158*'Covariance'!G14+I158*H158*'Covariance'!H14+I158*I158*'Covariance'!I14)
Sampled portfolios,L158,=(J158-'Inputs'!$B$11)/K158
Sampled portfolios,J159,=B159*'Asset assumptions'!E7+C159*'Asset assumptions'!E8+D159*'Asset assumptions'!E9+E159*'Asset assumptions'!E10+F159*'Asset assumptions'!E11+G159*'Asset assumptions'!E12+H159*'Asset assumptions'!E13+I159*'Asset assumptions'!E14
Sampled portfolios,K159,=SQRT(B159*B159*'Covariance'!B7+B159*C159*'Covariance'!C7+B159*D159*'Covariance'!D7+B159*E159*'Covariance'!E7+B159*F159*'Covariance'!F7+B159*G159*'Covariance'!G7+B159*H159*'Covariance'!H7+B159*I159*'Covariance'!I7+C159*B159*'Covariance'!B8+C159*C159*'Covariance'!C8+C159*D159*'Covariance'!D8+C159*E159*'Covariance'!E8+C159*F159*'Covariance'!F8+C159*G159*'Covariance'!G8+C159*H159*'Covariance'!H8+C159*I159*'Covariance'!I8+D159*B159*'Covariance'!B9+D159*C159*'Covariance'!C9+D159*D159*'Covariance'!D9+D159*E159*'Covariance'!E9+D159*F159*'Covariance'!F9+D159*G159*'Covariance'!G9+D159*H159*'Covariance'!H9+D159*I159*'Covariance'!I9+E159*B159*'Covariance'!B10+E159*C159*'Covariance'!C10+E159*D159*'Covariance'!D10+E159*E159*'Covariance'!E10+E159*F159*'Covariance'!F10+E159*G159*'Covariance'!G10+E159*H159*'Covariance'!H10+E159*I159*'Covariance'!I10+F159*B159*'Covariance'!B11+F159*C159*'Covariance'!C11+F159*D159*'Covariance'!D11+F159*E159*'Covariance'!E11+F159*F159*'Covariance'!F11+F159*G159*'Covariance'!G11+F159*H159*'Covariance'!H11+F159*I159*'Covariance'!I11+G159*B159*'Covariance'!B12+G159*C159*'Covariance'!C12+G159*D159*'Covariance'!D12+G159*E159*'Covariance'!E12+G159*F159*'Covariance'!F12+G159*G159*'Covariance'!G12+G159*H159*'Covariance'!H12+G159*I159*'Covariance'!I12+H159*B159*'Covariance'!B13+H159*C159*'Covariance'!C13+H159*D159*'Covariance'!D13+H159*E159*'Covariance'!E13+H159*F159*'Covariance'!F13+H159*G159*'Covariance'!G13+H159*H159*'Covariance'!H13+H159*I159*'Covariance'!I13+I159*B159*'Covariance'!B14+I159*C159*'Covariance'!C14+I159*D159*'Covariance'!D14+I159*E159*'Covariance'!E14+I159*F159*'Covariance'!F14+I159*G159*'Covariance'!G14+I159*H159*'Covariance'!H14+I159*I159*'Covariance'!I14)
Sampled portfolios,L159,=(J159-'Inputs'!$B$11)/K159
Sampled portfolios,J160,=B160*'Asset assumptions'!E7+C160*'Asset assumptions'!E8+D160*'Asset assumptions'!E9+E160*'Asset assumptions'!E10+F160*'Asset assumptions'!E11+G160*'Asset assumptions'!E12+H160*'Asset assumptions'!E13+I160*'Asset assumptions'!E14
Sampled portfolios,K160,=SQRT(B160*B160*'Covariance'!B7+B160*C160*'Covariance'!C7+B160*D160*'Covariance'!D7+B160*E160*'Covariance'!E7+B160*F160*'Covariance'!F7+B160*G160*'Covariance'!G7+B160*H160*'Covariance'!H7+B160*I160*'Covariance'!I7+C160*B160*'Covariance'!B8+C160*C160*'Covariance'!C8+C160*D160*'Covariance'!D8+C160*E160*'Covariance'!E8+C160*F160*'Covariance'!F8+C160*G160*'Covariance'!G8+C160*H160*'Covariance'!H8+C160*I160*'Covariance'!I8+D160*B160*'Covariance'!B9+D160*C160*'Covariance'!C9+D160*D160*'Covariance'!D9+D160*E160*'Covariance'!E9+D160*F160*'Covariance'!F9+D160*G160*'Covariance'!G9+D160*H160*'Covariance'!H9+D160*I160*'Covariance'!I9+E160*B160*'Covariance'!B10+E160*C160*'Covariance'!C10+E160*D160*'Covariance'!D10+E160*E160*'Covariance'!E10+E160*F160*'Covariance'!F10+E160*G160*'Covariance'!G10+E160*H160*'Covariance'!H10+E160*I160*'Covariance'!I10+F160*B160*'Covariance'!B11+F160*C160*'Covariance'!C11+F160*D160*'Covariance'!D11+F160*E160*'Covariance'!E11+F160*F160*'Covariance'!F11+F160*G160*'Covariance'!G11+F160*H160*'Covariance'!H11+F160*I160*'Covariance'!I11+G160*B160*'Covariance'!B12+G160*C160*'Covariance'!C12+G160*D160*'Covariance'!D12+G160*E160*'Covariance'!E12+G160*F160*'Covariance'!F12+G160*G160*'Covariance'!G12+G160*H160*'Covariance'!H12+G160*I160*'Covariance'!I12+H160*B160*'Covariance'!B13+H160*C160*'Covariance'!C13+H160*D160*'Covariance'!D13+H160*E160*'Covariance'!E13+H160*F160*'Covariance'!F13+H160*G160*'Covariance'!G13+H160*H160*'Covariance'!H13+H160*I160*'Covariance'!I13+I160*B160*'Covariance'!B14+I160*C160*'Covariance'!C14+I160*D160*'Covariance'!D14+I160*E160*'Covariance'!E14+I160*F160*'Covariance'!F14+I160*G160*'Covariance'!G14+I160*H160*'Covariance'!H14+I160*I160*'Covariance'!I14)
Sampled portfolios,L160,=(J160-'Inputs'!$B$11)/K160
Sampled portfolios,J161,=B161*'Asset assumptions'!E7+C161*'Asset assumptions'!E8+D161*'Asset assumptions'!E9+E161*'Asset assumptions'!E10+F161*'Asset assumptions'!E11+G161*'Asset assumptions'!E12+H161*'Asset assumptions'!E13+I161*'Asset assumptions'!E14
Sampled portfolios,K161,=SQRT(B161*B161*'Covariance'!B7+B161*C161*'Covariance'!C7+B161*D161*'Covariance'!D7+B161*E161*'Covariance'!E7+B161*F161*'Covariance'!F7+B161*G161*'Covariance'!G7+B161*H161*'Covariance'!H7+B161*I161*'Covariance'!I7+C161*B161*'Covariance'!B8+C161*C161*'Covariance'!C8+C161*D161*'Covariance'!D8+C161*E161*'Covariance'!E8+C161*F161*'Covariance'!F8+C161*G161*'Covariance'!G8+C161*H161*'Covariance'!H8+C161*I161*'Covariance'!I8+D161*B161*'Covariance'!B9+D161*C161*'Covariance'!C9+D161*D161*'Covariance'!D9+D161*E161*'Covariance'!E9+D161*F161*'Covariance'!F9+D161*G161*'Covariance'!G9+D161*H161*'Covariance'!H9+D161*I161*'Covariance'!I9+E161*B161*'Covariance'!B10+E161*C161*'Covariance'!C10+E161*D161*'Covariance'!D10+E161*E161*'Covariance'!E10+E161*F161*'Covariance'!F10+E161*G161*'Covariance'!G10+E161*H161*'Covariance'!H10+E161*I161*'Covariance'!I10+F161*B161*'Covariance'!B11+F161*C161*'Covariance'!C11+F161*D161*'Covariance'!D11+F161*E161*'Covariance'!E11+F161*F161*'Covariance'!F11+F161*G161*'Covariance'!G11+F161*H161*'Covariance'!H11+F161*I161*'Covariance'!I11+G161*B161*'Covariance'!B12+G161*C161*'Covariance'!C12+G161*D161*'Covariance'!D12+G161*E161*'Covariance'!E12+G161*F161*'Covariance'!F12+G161*G161*'Covariance'!G12+G161*H161*'Covariance'!H12+G161*I161*'Covariance'!I12+H161*B161*'Covariance'!B13+H161*C161*'Covariance'!C13+H161*D161*'Covariance'!D13+H161*E161*'Covariance'!E13+H161*F161*'Covariance'!F13+H161*G161*'Covariance'!G13+H161*H161*'Covariance'!H13+H161*I161*'Covariance'!I13+I161*B161*'Covariance'!B14+I161*C161*'Covariance'!C14+I161*D161*'Covariance'!D14+I161*E161*'Covariance'!E14+I161*F161*'Covariance'!F14+I161*G161*'Covariance'!G14+I161*H161*'Covariance'!H14+I161*I161*'Covariance'!I14)
Sampled portfolios,L161,=(J161-'Inputs'!$B$11)/K161
Sampled portfolios,J162,=B162*'Asset assumptions'!E7+C162*'Asset assumptions'!E8+D162*'Asset assumptions'!E9+E162*'Asset assumptions'!E10+F162*'Asset assumptions'!E11+G162*'Asset assumptions'!E12+H162*'Asset assumptions'!E13+I162*'Asset assumptions'!E14
Sampled portfolios,K162,=SQRT(B162*B162*'Covariance'!B7+B162*C162*'Covariance'!C7+B162*D162*'Covariance'!D7+B162*E162*'Covariance'!E7+B162*F162*'Covariance'!F7+B162*G162*'Covariance'!G7+B162*H162*'Covariance'!H7+B162*I162*'Covariance'!I7+C162*B162*'Covariance'!B8+C162*C162*'Covariance'!C8+C162*D162*'Covariance'!D8+C162*E162*'Covariance'!E8+C162*F162*'Covariance'!F8+C162*G162*'Covariance'!G8+C162*H162*'Covariance'!H8+C162*I162*'Covariance'!I8+D162*B162*'Covariance'!B9+D162*C162*'Covariance'!C9+D162*D162*'Covariance'!D9+D162*E162*'Covariance'!E9+D162*F162*'Covariance'!F9+D162*G162*'Covariance'!G9+D162*H162*'Covariance'!H9+D162*I162*'Covariance'!I9+E162*B162*'Covariance'!B10+E162*C162*'Covariance'!C10+E162*D162*'Covariance'!D10+E162*E162*'Covariance'!E10+E162*F162*'Covariance'!F10+E162*G162*'Covariance'!G10+E162*H162*'Covariance'!H10+E162*I162*'Covariance'!I10+F162*B162*'Covariance'!B11+F162*C162*'Covariance'!C11+F162*D162*'Covariance'!D11+F162*E162*'Covariance'!E11+F162*F162*'Covariance'!F11+F162*G162*'Covariance'!G11+F162*H162*'Covariance'!H11+F162*I162*'Covariance'!I11+G162*B162*'Covariance'!B12+G162*C162*'Covariance'!C12+G162*D162*'Covariance'!D12+G162*E162*'Covariance'!E12+G162*F162*'Covariance'!F12+G162*G162*'Covariance'!G12+G162*H162*'Covariance'!H12+G162*I162*'Covariance'!I12+H162*B162*'Covariance'!B13+H162*C162*'Covariance'!C13+H162*D162*'Covariance'!D13+H162*E162*'Covariance'!E13+H162*F162*'Covariance'!F13+H162*G162*'Covariance'!G13+H162*H162*'Covariance'!H13+H162*I162*'Covariance'!I13+I162*B162*'Covariance'!B14+I162*C162*'Covariance'!C14+I162*D162*'Covariance'!D14+I162*E162*'Covariance'!E14+I162*F162*'Covariance'!F14+I162*G162*'Covariance'!G14+I162*H162*'Covariance'!H14+I162*I162*'Covariance'!I14)
Sampled portfolios,L162,=(J162-'Inputs'!$B$11)/K162
Sampled portfolios,J163,=B163*'Asset assumptions'!E7+C163*'Asset assumptions'!E8+D163*'Asset assumptions'!E9+E163*'Asset assumptions'!E10+F163*'Asset assumptions'!E11+G163*'Asset assumptions'!E12+H163*'Asset assumptions'!E13+I163*'Asset assumptions'!E14
Sampled portfolios,K163,=SQRT(B163*B163*'Covariance'!B7+B163*C163*'Covariance'!C7+B163*D163*'Covariance'!D7+B163*E163*'Covariance'!E7+B163*F163*'Covariance'!F7+B163*G163*'Covariance'!G7+B163*H163*'Covariance'!H7+B163*I163*'Covariance'!I7+C163*B163*'Covariance'!B8+C163*C163*'Covariance'!C8+C163*D163*'Covariance'!D8+C163*E163*'Covariance'!E8+C163*F163*'Covariance'!F8+C163*G163*'Covariance'!G8+C163*H163*'Covariance'!H8+C163*I163*'Covariance'!I8+D163*B163*'Covariance'!B9+D163*C163*'Covariance'!C9+D163*D163*'Covariance'!D9+D163*E163*'Covariance'!E9+D163*F163*'Covariance'!F9+D163*G163*'Covariance'!G9+D163*H163*'Covariance'!H9+D163*I163*'Covariance'!I9+E163*B163*'Covariance'!B10+E163*C163*'Covariance'!C10+E163*D163*'Covariance'!D10+E163*E163*'Covariance'!E10+E163*F163*'Covariance'!F10+E163*G163*'Covariance'!G10+E163*H163*'Covariance'!H10+E163*I163*'Covariance'!I10+F163*B163*'Covariance'!B11+F163*C163*'Covariance'!C11+F163*D163*'Covariance'!D11+F163*E163*'Covariance'!E11+F163*F163*'Covariance'!F11+F163*G163*'Covariance'!G11+F163*H163*'Covariance'!H11+F163*I163*'Covariance'!I11+G163*B163*'Covariance'!B12+G163*C163*'Covariance'!C12+G163*D163*'Covariance'!D12+G163*E163*'Covariance'!E12+G163*F163*'Covariance'!F12+G163*G163*'Covariance'!G12+G163*H163*'Covariance'!H12+G163*I163*'Covariance'!I12+H163*B163*'Covariance'!B13+H163*C163*'Covariance'!C13+H163*D163*'Covariance'!D13+H163*E163*'Covariance'!E13+H163*F163*'Covariance'!F13+H163*G163*'Covariance'!G13+H163*H163*'Covariance'!H13+H163*I163*'Covariance'!I13+I163*B163*'Covariance'!B14+I163*C163*'Covariance'!C14+I163*D163*'Covariance'!D14+I163*E163*'Covariance'!E14+I163*F163*'Covariance'!F14+I163*G163*'Covariance'!G14+I163*H163*'Covariance'!H14+I163*I163*'Covariance'!I14)
Sampled portfolios,L163,=(J163-'Inputs'!$B$11)/K163
Sampled portfolios,J164,=B164*'Asset assumptions'!E7+C164*'Asset assumptions'!E8+D164*'Asset assumptions'!E9+E164*'Asset assumptions'!E10+F164*'Asset assumptions'!E11+G164*'Asset assumptions'!E12+H164*'Asset assumptions'!E13+I164*'Asset assumptions'!E14
Sampled portfolios,K164,=SQRT(B164*B164*'Covariance'!B7+B164*C164*'Covariance'!C7+B164*D164*'Covariance'!D7+B164*E164*'Covariance'!E7+B164*F164*'Covariance'!F7+B164*G164*'Covariance'!G7+B164*H164*'Covariance'!H7+B164*I164*'Covariance'!I7+C164*B164*'Covariance'!B8+C164*C164*'Covariance'!C8+C164*D164*'Covariance'!D8+C164*E164*'Covariance'!E8+C164*F164*'Covariance'!F8+C164*G164*'Covariance'!G8+C164*H164*'Covariance'!H8+C164*I164*'Covariance'!I8+D164*B164*'Covariance'!B9+D164*C164*'Covariance'!C9+D164*D164*'Covariance'!D9+D164*E164*'Covariance'!E9+D164*F164*'Covariance'!F9+D164*G164*'Covariance'!G9+D164*H164*'Covariance'!H9+D164*I164*'Covariance'!I9+E164*B164*'Covariance'!B10+E164*C164*'Covariance'!C10+E164*D164*'Covariance'!D10+E164*E164*'Covariance'!E10+E164*F164*'Covariance'!F10+E164*G164*'Covariance'!G10+E164*H164*'Covariance'!H10+E164*I164*'Covariance'!I10+F164*B164*'Covariance'!B11+F164*C164*'Covariance'!C11+F164*D164*'Covariance'!D11+F164*E164*'Covariance'!E11+F164*F164*'Covariance'!F11+F164*G164*'Covariance'!G11+F164*H164*'Covariance'!H11+F164*I164*'Covariance'!I11+G164*B164*'Covariance'!B12+G164*C164*'Covariance'!C12+G164*D164*'Covariance'!D12+G164*E164*'Covariance'!E12+G164*F164*'Covariance'!F12+G164*G164*'Covariance'!G12+G164*H164*'Covariance'!H12+G164*I164*'Covariance'!I12+H164*B164*'Covariance'!B13+H164*C164*'Covariance'!C13+H164*D164*'Covariance'!D13+H164*E164*'Covariance'!E13+H164*F164*'Covariance'!F13+H164*G164*'Covariance'!G13+H164*H164*'Covariance'!H13+H164*I164*'Covariance'!I13+I164*B164*'Covariance'!B14+I164*C164*'Covariance'!C14+I164*D164*'Covariance'!D14+I164*E164*'Covariance'!E14+I164*F164*'Covariance'!F14+I164*G164*'Covariance'!G14+I164*H164*'Covariance'!H14+I164*I164*'Covariance'!I14)
Sampled portfolios,L164,=(J164-'Inputs'!$B$11)/K164
Sampled portfolios,J165,=B165*'Asset assumptions'!E7+C165*'Asset assumptions'!E8+D165*'Asset assumptions'!E9+E165*'Asset assumptions'!E10+F165*'Asset assumptions'!E11+G165*'Asset assumptions'!E12+H165*'Asset assumptions'!E13+I165*'Asset assumptions'!E14
Sampled portfolios,K165,=SQRT(B165*B165*'Covariance'!B7+B165*C165*'Covariance'!C7+B165*D165*'Covariance'!D7+B165*E165*'Covariance'!E7+B165*F165*'Covariance'!F7+B165*G165*'Covariance'!G7+B165*H165*'Covariance'!H7+B165*I165*'Covariance'!I7+C165*B165*'Covariance'!B8+C165*C165*'Covariance'!C8+C165*D165*'Covariance'!D8+C165*E165*'Covariance'!E8+C165*F165*'Covariance'!F8+C165*G165*'Covariance'!G8+C165*H165*'Covariance'!H8+C165*I165*'Covariance'!I8+D165*B165*'Covariance'!B9+D165*C165*'Covariance'!C9+D165*D165*'Covariance'!D9+D165*E165*'Covariance'!E9+D165*F165*'Covariance'!F9+D165*G165*'Covariance'!G9+D165*H165*'Covariance'!H9+D165*I165*'Covariance'!I9+E165*B165*'Covariance'!B10+E165*C165*'Covariance'!C10+E165*D165*'Covariance'!D10+E165*E165*'Covariance'!E10+E165*F165*'Covariance'!F10+E165*G165*'Covariance'!G10+E165*H165*'Covariance'!H10+E165*I165*'Covariance'!I10+F165*B165*'Covariance'!B11+F165*C165*'Covariance'!C11+F165*D165*'Covariance'!D11+F165*E165*'Covariance'!E11+F165*F165*'Covariance'!F11+F165*G165*'Covariance'!G11+F165*H165*'Covariance'!H11+F165*I165*'Covariance'!I11+G165*B165*'Covariance'!B12+G165*C165*'Covariance'!C12+G165*D165*'Covariance'!D12+G165*E165*'Covariance'!E12+G165*F165*'Covariance'!F12+G165*G165*'Covariance'!G12+G165*H165*'Covariance'!H12+G165*I165*'Covariance'!I12+H165*B165*'Covariance'!B13+H165*C165*'Covariance'!C13+H165*D165*'Covariance'!D13+H165*E165*'Covariance'!E13+H165*F165*'Covariance'!F13+H165*G165*'Covariance'!G13+H165*H165*'Covariance'!H13+H165*I165*'Covariance'!I13+I165*B165*'Covariance'!B14+I165*C165*'Covariance'!C14+I165*D165*'Covariance'!D14+I165*E165*'Covariance'!E14+I165*F165*'Covariance'!F14+I165*G165*'Covariance'!G14+I165*H165*'Covariance'!H14+I165*I165*'Covariance'!I14)
Sampled portfolios,L165,=(J165-'Inputs'!$B$11)/K165
Sampled portfolios,J166,=B166*'Asset assumptions'!E7+C166*'Asset assumptions'!E8+D166*'Asset assumptions'!E9+E166*'Asset assumptions'!E10+F166*'Asset assumptions'!E11+G166*'Asset assumptions'!E12+H166*'Asset assumptions'!E13+I166*'Asset assumptions'!E14
Sampled portfolios,K166,=SQRT(B166*B166*'Covariance'!B7+B166*C166*'Covariance'!C7+B166*D166*'Covariance'!D7+B166*E166*'Covariance'!E7+B166*F166*'Covariance'!F7+B166*G166*'Covariance'!G7+B166*H166*'Covariance'!H7+B166*I166*'Covariance'!I7+C166*B166*'Covariance'!B8+C166*C166*'Covariance'!C8+C166*D166*'Covariance'!D8+C166*E166*'Covariance'!E8+C166*F166*'Covariance'!F8+C166*G166*'Covariance'!G8+C166*H166*'Covariance'!H8+C166*I166*'Covariance'!I8+D166*B166*'Covariance'!B9+D166*C166*'Covariance'!C9+D166*D166*'Covariance'!D9+D166*E166*'Covariance'!E9+D166*F166*'Covariance'!F9+D166*G166*'Covariance'!G9+D166*H166*'Covariance'!H9+D166*I166*'Covariance'!I9+E166*B166*'Covariance'!B10+E166*C166*'Covariance'!C10+E166*D166*'Covariance'!D10+E166*E166*'Covariance'!E10+E166*F166*'Covariance'!F10+E166*G166*'Covariance'!G10+E166*H166*'Covariance'!H10+E166*I166*'Covariance'!I10+F166*B166*'Covariance'!B11+F166*C166*'Covariance'!C11+F166*D166*'Covariance'!D11+F166*E166*'Covariance'!E11+F166*F166*'Covariance'!F11+F166*G166*'Covariance'!G11+F166*H166*'Covariance'!H11+F166*I166*'Covariance'!I11+G166*B166*'Covariance'!B12+G166*C166*'Covariance'!C12+G166*D166*'Covariance'!D12+G166*E166*'Covariance'!E12+G166*F166*'Covariance'!F12+G166*G166*'Covariance'!G12+G166*H166*'Covariance'!H12+G166*I166*'Covariance'!I12+H166*B166*'Covariance'!B13+H166*C166*'Covariance'!C13+H166*D166*'Covariance'!D13+H166*E166*'Covariance'!E13+H166*F166*'Covariance'!F13+H166*G166*'Covariance'!G13+H166*H166*'Covariance'!H13+H166*I166*'Covariance'!I13+I166*B166*'Covariance'!B14+I166*C166*'Covariance'!C14+I166*D166*'Covariance'!D14+I166*E166*'Covariance'!E14+I166*F166*'Covariance'!F14+I166*G166*'Covariance'!G14+I166*H166*'Covariance'!H14+I166*I166*'Covariance'!I14)
Sampled portfolios,L166,=(J166-'Inputs'!$B$11)/K166
Sampled portfolios,J167,=B167*'Asset assumptions'!E7+C167*'Asset assumptions'!E8+D167*'Asset assumptions'!E9+E167*'Asset assumptions'!E10+F167*'Asset assumptions'!E11+G167*'Asset assumptions'!E12+H167*'Asset assumptions'!E13+I167*'Asset assumptions'!E14
Sampled portfolios,K167,=SQRT(B167*B167*'Covariance'!B7+B167*C167*'Covariance'!C7+B167*D167*'Covariance'!D7+B167*E167*'Covariance'!E7+B167*F167*'Covariance'!F7+B167*G167*'Covariance'!G7+B167*H167*'Covariance'!H7+B167*I167*'Covariance'!I7+C167*B167*'Covariance'!B8+C167*C167*'Covariance'!C8+C167*D167*'Covariance'!D8+C167*E167*'Covariance'!E8+C167*F167*'Covariance'!F8+C167*G167*'Covariance'!G8+C167*H167*'Covariance'!H8+C167*I167*'Covariance'!I8+D167*B167*'Covariance'!B9+D167*C167*'Covariance'!C9+D167*D167*'Covariance'!D9+D167*E167*'Covariance'!E9+D167*F167*'Covariance'!F9+D167*G167*'Covariance'!G9+D167*H167*'Covariance'!H9+D167*I167*'Covariance'!I9+E167*B167*'Covariance'!B10+E167*C167*'Covariance'!C10+E167*D167*'Covariance'!D10+E167*E167*'Covariance'!E10+E167*F167*'Covariance'!F10+E167*G167*'Covariance'!G10+E167*H167*'Covariance'!H10+E167*I167*'Covariance'!I10+F167*B167*'Covariance'!B11+F167*C167*'Covariance'!C11+F167*D167*'Covariance'!D11+F167*E167*'Covariance'!E11+F167*F167*'Covariance'!F11+F167*G167*'Covariance'!G11+F167*H167*'Covariance'!H11+F167*I167*'Covariance'!I11+G167*B167*'Covariance'!B12+G167*C167*'Covariance'!C12+G167*D167*'Covariance'!D12+G167*E167*'Covariance'!E12+G167*F167*'Covariance'!F12+G167*G167*'Covariance'!G12+G167*H167*'Covariance'!H12+G167*I167*'Covariance'!I12+H167*B167*'Covariance'!B13+H167*C167*'Covariance'!C13+H167*D167*'Covariance'!D13+H167*E167*'Covariance'!E13+H167*F167*'Covariance'!F13+H167*G167*'Covariance'!G13+H167*H167*'Covariance'!H13+H167*I167*'Covariance'!I13+I167*B167*'Covariance'!B14+I167*C167*'Covariance'!C14+I167*D167*'Covariance'!D14+I167*E167*'Covariance'!E14+I167*F167*'Covariance'!F14+I167*G167*'Covariance'!G14+I167*H167*'Covariance'!H14+I167*I167*'Covariance'!I14)
Sampled portfolios,L167,=(J167-'Inputs'!$B$11)/K167
Sampled portfolios,J168,=B168*'Asset assumptions'!E7+C168*'Asset assumptions'!E8+D168*'Asset assumptions'!E9+E168*'Asset assumptions'!E10+F168*'Asset assumptions'!E11+G168*'Asset assumptions'!E12+H168*'Asset assumptions'!E13+I168*'Asset assumptions'!E14
Sampled portfolios,K168,=SQRT(B168*B168*'Covariance'!B7+B168*C168*'Covariance'!C7+B168*D168*'Covariance'!D7+B168*E168*'Covariance'!E7+B168*F168*'Covariance'!F7+B168*G168*'Covariance'!G7+B168*H168*'Covariance'!H7+B168*I168*'Covariance'!I7+C168*B168*'Covariance'!B8+C168*C168*'Covariance'!C8+C168*D168*'Covariance'!D8+C168*E168*'Covariance'!E8+C168*F168*'Covariance'!F8+C168*G168*'Covariance'!G8+C168*H168*'Covariance'!H8+C168*I168*'Covariance'!I8+D168*B168*'Covariance'!B9+D168*C168*'Covariance'!C9+D168*D168*'Covariance'!D9+D168*E168*'Covariance'!E9+D168*F168*'Covariance'!F9+D168*G168*'Covariance'!G9+D168*H168*'Covariance'!H9+D168*I168*'Covariance'!I9+E168*B168*'Covariance'!B10+E168*C168*'Covariance'!C10+E168*D168*'Covariance'!D10+E168*E168*'Covariance'!E10+E168*F168*'Covariance'!F10+E168*G168*'Covariance'!G10+E168*H168*'Covariance'!H10+E168*I168*'Covariance'!I10+F168*B168*'Covariance'!B11+F168*C168*'Covariance'!C11+F168*D168*'Covariance'!D11+F168*E168*'Covariance'!E11+F168*F168*'Covariance'!F11+F168*G168*'Covariance'!G11+F168*H168*'Covariance'!H11+F168*I168*'Covariance'!I11+G168*B168*'Covariance'!B12+G168*C168*'Covariance'!C12+G168*D168*'Covariance'!D12+G168*E168*'Covariance'!E12+G168*F168*'Covariance'!F12+G168*G168*'Covariance'!G12+G168*H168*'Covariance'!H12+G168*I168*'Covariance'!I12+H168*B168*'Covariance'!B13+H168*C168*'Covariance'!C13+H168*D168*'Covariance'!D13+H168*E168*'Covariance'!E13+H168*F168*'Covariance'!F13+H168*G168*'Covariance'!G13+H168*H168*'Covariance'!H13+H168*I168*'Covariance'!I13+I168*B168*'Covariance'!B14+I168*C168*'Covariance'!C14+I168*D168*'Covariance'!D14+I168*E168*'Covariance'!E14+I168*F168*'Covariance'!F14+I168*G168*'Covariance'!G14+I168*H168*'Covariance'!H14+I168*I168*'Covariance'!I14)
Sampled portfolios,L168,=(J168-'Inputs'!$B$11)/K168
Sampled portfolios,J169,=B169*'Asset assumptions'!E7+C169*'Asset assumptions'!E8+D169*'Asset assumptions'!E9+E169*'Asset assumptions'!E10+F169*'Asset assumptions'!E11+G169*'Asset assumptions'!E12+H169*'Asset assumptions'!E13+I169*'Asset assumptions'!E14
Sampled portfolios,K169,=SQRT(B169*B169*'Covariance'!B7+B169*C169*'Covariance'!C7+B169*D169*'Covariance'!D7+B169*E169*'Covariance'!E7+B169*F169*'Covariance'!F7+B169*G169*'Covariance'!G7+B169*H169*'Covariance'!H7+B169*I169*'Covariance'!I7+C169*B169*'Covariance'!B8+C169*C169*'Covariance'!C8+C169*D169*'Covariance'!D8+C169*E169*'Covariance'!E8+C169*F169*'Covariance'!F8+C169*G169*'Covariance'!G8+C169*H169*'Covariance'!H8+C169*I169*'Covariance'!I8+D169*B169*'Covariance'!B9+D169*C169*'Covariance'!C9+D169*D169*'Covariance'!D9+D169*E169*'Covariance'!E9+D169*F169*'Covariance'!F9+D169*G169*'Covariance'!G9+D169*H169*'Covariance'!H9+D169*I169*'Covariance'!I9+E169*B169*'Covariance'!B10+E169*C169*'Covariance'!C10+E169*D169*'Covariance'!D10+E169*E169*'Covariance'!E10+E169*F169*'Covariance'!F10+E169*G169*'Covariance'!G10+E169*H169*'Covariance'!H10+E169*I169*'Covariance'!I10+F169*B169*'Covariance'!B11+F169*C169*'Covariance'!C11+F169*D169*'Covariance'!D11+F169*E169*'Covariance'!E11+F169*F169*'Covariance'!F11+F169*G169*'Covariance'!G11+F169*H169*'Covariance'!H11+F169*I169*'Covariance'!I11+G169*B169*'Covariance'!B12+G169*C169*'Covariance'!C12+G169*D169*'Covariance'!D12+G169*E169*'Covariance'!E12+G169*F169*'Covariance'!F12+G169*G169*'Covariance'!G12+G169*H169*'Covariance'!H12+G169*I169*'Covariance'!I12+H169*B169*'Covariance'!B13+H169*C169*'Covariance'!C13+H169*D169*'Covariance'!D13+H169*E169*'Covariance'!E13+H169*F169*'Covariance'!F13+H169*G169*'Covariance'!G13+H169*H169*'Covariance'!H13+H169*I169*'Covariance'!I13+I169*B169*'Covariance'!B14+I169*C169*'Covariance'!C14+I169*D169*'Covariance'!D14+I169*E169*'Covariance'!E14+I169*F169*'Covariance'!F14+I169*G169*'Covariance'!G14+I169*H169*'Covariance'!H14+I169*I169*'Covariance'!I14)
Sampled portfolios,L169,=(J169-'Inputs'!$B$11)/K169
Sampled portfolios,J170,=B170*'Asset assumptions'!E7+C170*'Asset assumptions'!E8+D170*'Asset assumptions'!E9+E170*'Asset assumptions'!E10+F170*'Asset assumptions'!E11+G170*'Asset assumptions'!E12+H170*'Asset assumptions'!E13+I170*'Asset assumptions'!E14
Sampled portfolios,K170,=SQRT(B170*B170*'Covariance'!B7+B170*C170*'Covariance'!C7+B170*D170*'Covariance'!D7+B170*E170*'Covariance'!E7+B170*F170*'Covariance'!F7+B170*G170*'Covariance'!G7+B170*H170*'Covariance'!H7+B170*I170*'Covariance'!I7+C170*B170*'Covariance'!B8+C170*C170*'Covariance'!C8+C170*D170*'Covariance'!D8+C170*E170*'Covariance'!E8+C170*F170*'Covariance'!F8+C170*G170*'Covariance'!G8+C170*H170*'Covariance'!H8+C170*I170*'Covariance'!I8+D170*B170*'Covariance'!B9+D170*C170*'Covariance'!C9+D170*D170*'Covariance'!D9+D170*E170*'Covariance'!E9+D170*F170*'Covariance'!F9+D170*G170*'Covariance'!G9+D170*H170*'Covariance'!H9+D170*I170*'Covariance'!I9+E170*B170*'Covariance'!B10+E170*C170*'Covariance'!C10+E170*D170*'Covariance'!D10+E170*E170*'Covariance'!E10+E170*F170*'Covariance'!F10+E170*G170*'Covariance'!G10+E170*H170*'Covariance'!H10+E170*I170*'Covariance'!I10+F170*B170*'Covariance'!B11+F170*C170*'Covariance'!C11+F170*D170*'Covariance'!D11+F170*E170*'Covariance'!E11+F170*F170*'Covariance'!F11+F170*G170*'Covariance'!G11+F170*H170*'Covariance'!H11+F170*I170*'Covariance'!I11+G170*B170*'Covariance'!B12+G170*C170*'Covariance'!C12+G170*D170*'Covariance'!D12+G170*E170*'Covariance'!E12+G170*F170*'Covariance'!F12+G170*G170*'Covariance'!G12+G170*H170*'Covariance'!H12+G170*I170*'Covariance'!I12+H170*B170*'Covariance'!B13+H170*C170*'Covariance'!C13+H170*D170*'Covariance'!D13+H170*E170*'Covariance'!E13+H170*F170*'Covariance'!F13+H170*G170*'Covariance'!G13+H170*H170*'Covariance'!H13+H170*I170*'Covariance'!I13+I170*B170*'Covariance'!B14+I170*C170*'Covariance'!C14+I170*D170*'Covariance'!D14+I170*E170*'Covariance'!E14+I170*F170*'Covariance'!F14+I170*G170*'Covariance'!G14+I170*H170*'Covariance'!H14+I170*I170*'Covariance'!I14)
Sampled portfolios,L170,=(J170-'Inputs'!$B$11)/K170
Sampled portfolios,J171,=B171*'Asset assumptions'!E7+C171*'Asset assumptions'!E8+D171*'Asset assumptions'!E9+E171*'Asset assumptions'!E10+F171*'Asset assumptions'!E11+G171*'Asset assumptions'!E12+H171*'Asset assumptions'!E13+I171*'Asset assumptions'!E14
Sampled portfolios,K171,=SQRT(B171*B171*'Covariance'!B7+B171*C171*'Covariance'!C7+B171*D171*'Covariance'!D7+B171*E171*'Covariance'!E7+B171*F171*'Covariance'!F7+B171*G171*'Covariance'!G7+B171*H171*'Covariance'!H7+B171*I171*'Covariance'!I7+C171*B171*'Covariance'!B8+C171*C171*'Covariance'!C8+C171*D171*'Covariance'!D8+C171*E171*'Covariance'!E8+C171*F171*'Covariance'!F8+C171*G171*'Covariance'!G8+C171*H171*'Covariance'!H8+C171*I171*'Covariance'!I8+D171*B171*'Covariance'!B9+D171*C171*'Covariance'!C9+D171*D171*'Covariance'!D9+D171*E171*'Covariance'!E9+D171*F171*'Covariance'!F9+D171*G171*'Covariance'!G9+D171*H171*'Covariance'!H9+D171*I171*'Covariance'!I9+E171*B171*'Covariance'!B10+E171*C171*'Covariance'!C10+E171*D171*'Covariance'!D10+E171*E171*'Covariance'!E10+E171*F171*'Covariance'!F10+E171*G171*'Covariance'!G10+E171*H171*'Covariance'!H10+E171*I171*'Covariance'!I10+F171*B171*'Covariance'!B11+F171*C171*'Covariance'!C11+F171*D171*'Covariance'!D11+F171*E171*'Covariance'!E11+F171*F171*'Covariance'!F11+F171*G171*'Covariance'!G11+F171*H171*'Covariance'!H11+F171*I171*'Covariance'!I11+G171*B171*'Covariance'!B12+G171*C171*'Covariance'!C12+G171*D171*'Covariance'!D12+G171*E171*'Covariance'!E12+G171*F171*'Covariance'!F12+G171*G171*'Covariance'!G12+G171*H171*'Covariance'!H12+G171*I171*'Covariance'!I12+H171*B171*'Covariance'!B13+H171*C171*'Covariance'!C13+H171*D171*'Covariance'!D13+H171*E171*'Covariance'!E13+H171*F171*'Covariance'!F13+H171*G171*'Covariance'!G13+H171*H171*'Covariance'!H13+H171*I171*'Covariance'!I13+I171*B171*'Covariance'!B14+I171*C171*'Covariance'!C14+I171*D171*'Covariance'!D14+I171*E171*'Covariance'!E14+I171*F171*'Covariance'!F14+I171*G171*'Covariance'!G14+I171*H171*'Covariance'!H14+I171*I171*'Covariance'!I14)
Sampled portfolios,L171,=(J171-'Inputs'!$B$11)/K171
Sampled portfolios,J172,=B172*'Asset assumptions'!E7+C172*'Asset assumptions'!E8+D172*'Asset assumptions'!E9+E172*'Asset assumptions'!E10+F172*'Asset assumptions'!E11+G172*'Asset assumptions'!E12+H172*'Asset assumptions'!E13+I172*'Asset assumptions'!E14
Sampled portfolios,K172,=SQRT(B172*B172*'Covariance'!B7+B172*C172*'Covariance'!C7+B172*D172*'Covariance'!D7+B172*E172*'Covariance'!E7+B172*F172*'Covariance'!F7+B172*G172*'Covariance'!G7+B172*H172*'Covariance'!H7+B172*I172*'Covariance'!I7+C172*B172*'Covariance'!B8+C172*C172*'Covariance'!C8+C172*D172*'Covariance'!D8+C172*E172*'Covariance'!E8+C172*F172*'Covariance'!F8+C172*G172*'Covariance'!G8+C172*H172*'Covariance'!H8+C172*I172*'Covariance'!I8+D172*B172*'Covariance'!B9+D172*C172*'Covariance'!C9+D172*D172*'Covariance'!D9+D172*E172*'Covariance'!E9+D172*F172*'Covariance'!F9+D172*G172*'Covariance'!G9+D172*H172*'Covariance'!H9+D172*I172*'Covariance'!I9+E172*B172*'Covariance'!B10+E172*C172*'Covariance'!C10+E172*D172*'Covariance'!D10+E172*E172*'Covariance'!E10+E172*F172*'Covariance'!F10+E172*G172*'Covariance'!G10+E172*H172*'Covariance'!H10+E172*I172*'Covariance'!I10+F172*B172*'Covariance'!B11+F172*C172*'Covariance'!C11+F172*D172*'Covariance'!D11+F172*E172*'Covariance'!E11+F172*F172*'Covariance'!F11+F172*G172*'Covariance'!G11+F172*H172*'Covariance'!H11+F172*I172*'Covariance'!I11+G172*B172*'Covariance'!B12+G172*C172*'Covariance'!C12+G172*D172*'Covariance'!D12+G172*E172*'Covariance'!E12+G172*F172*'Covariance'!F12+G172*G172*'Covariance'!G12+G172*H172*'Covariance'!H12+G172*I172*'Covariance'!I12+H172*B172*'Covariance'!B13+H172*C172*'Covariance'!C13+H172*D172*'Covariance'!D13+H172*E172*'Covariance'!E13+H172*F172*'Covariance'!F13+H172*G172*'Covariance'!G13+H172*H172*'Covariance'!H13+H172*I172*'Covariance'!I13+I172*B172*'Covariance'!B14+I172*C172*'Covariance'!C14+I172*D172*'Covariance'!D14+I172*E172*'Covariance'!E14+I172*F172*'Covariance'!F14+I172*G172*'Covariance'!G14+I172*H172*'Covariance'!H14+I172*I172*'Covariance'!I14)
Sampled portfolios,L172,=(J172-'Inputs'!$B$11)/K172
Sampled portfolios,J173,=B173*'Asset assumptions'!E7+C173*'Asset assumptions'!E8+D173*'Asset assumptions'!E9+E173*'Asset assumptions'!E10+F173*'Asset assumptions'!E11+G173*'Asset assumptions'!E12+H173*'Asset assumptions'!E13+I173*'Asset assumptions'!E14
Sampled portfolios,K173,=SQRT(B173*B173*'Covariance'!B7+B173*C173*'Covariance'!C7+B173*D173*'Covariance'!D7+B173*E173*'Covariance'!E7+B173*F173*'Covariance'!F7+B173*G173*'Covariance'!G7+B173*H173*'Covariance'!H7+B173*I173*'Covariance'!I7+C173*B173*'Covariance'!B8+C173*C173*'Covariance'!C8+C173*D173*'Covariance'!D8+C173*E173*'Covariance'!E8+C173*F173*'Covariance'!F8+C173*G173*'Covariance'!G8+C173*H173*'Covariance'!H8+C173*I173*'Covariance'!I8+D173*B173*'Covariance'!B9+D173*C173*'Covariance'!C9+D173*D173*'Covariance'!D9+D173*E173*'Covariance'!E9+D173*F173*'Covariance'!F9+D173*G173*'Covariance'!G9+D173*H173*'Covariance'!H9+D173*I173*'Covariance'!I9+E173*B173*'Covariance'!B10+E173*C173*'Covariance'!C10+E173*D173*'Covariance'!D10+E173*E173*'Covariance'!E10+E173*F173*'Covariance'!F10+E173*G173*'Covariance'!G10+E173*H173*'Covariance'!H10+E173*I173*'Covariance'!I10+F173*B173*'Covariance'!B11+F173*C173*'Covariance'!C11+F173*D173*'Covariance'!D11+F173*E173*'Covariance'!E11+F173*F173*'Covariance'!F11+F173*G173*'Covariance'!G11+F173*H173*'Covariance'!H11+F173*I173*'Covariance'!I11+G173*B173*'Covariance'!B12+G173*C173*'Covariance'!C12+G173*D173*'Covariance'!D12+G173*E173*'Covariance'!E12+G173*F173*'Covariance'!F12+G173*G173*'Covariance'!G12+G173*H173*'Covariance'!H12+G173*I173*'Covariance'!I12+H173*B173*'Covariance'!B13+H173*C173*'Covariance'!C13+H173*D173*'Covariance'!D13+H173*E173*'Covariance'!E13+H173*F173*'Covariance'!F13+H173*G173*'Covariance'!G13+H173*H173*'Covariance'!H13+H173*I173*'Covariance'!I13+I173*B173*'Covariance'!B14+I173*C173*'Covariance'!C14+I173*D173*'Covariance'!D14+I173*E173*'Covariance'!E14+I173*F173*'Covariance'!F14+I173*G173*'Covariance'!G14+I173*H173*'Covariance'!H14+I173*I173*'Covariance'!I14)
Sampled portfolios,L173,=(J173-'Inputs'!$B$11)/K173
Sampled portfolios,J174,=B174*'Asset assumptions'!E7+C174*'Asset assumptions'!E8+D174*'Asset assumptions'!E9+E174*'Asset assumptions'!E10+F174*'Asset assumptions'!E11+G174*'Asset assumptions'!E12+H174*'Asset assumptions'!E13+I174*'Asset assumptions'!E14
Sampled portfolios,K174,=SQRT(B174*B174*'Covariance'!B7+B174*C174*'Covariance'!C7+B174*D174*'Covariance'!D7+B174*E174*'Covariance'!E7+B174*F174*'Covariance'!F7+B174*G174*'Covariance'!G7+B174*H174*'Covariance'!H7+B174*I174*'Covariance'!I7+C174*B174*'Covariance'!B8+C174*C174*'Covariance'!C8+C174*D174*'Covariance'!D8+C174*E174*'Covariance'!E8+C174*F174*'Covariance'!F8+C174*G174*'Covariance'!G8+C174*H174*'Covariance'!H8+C174*I174*'Covariance'!I8+D174*B174*'Covariance'!B9+D174*C174*'Covariance'!C9+D174*D174*'Covariance'!D9+D174*E174*'Covariance'!E9+D174*F174*'Covariance'!F9+D174*G174*'Covariance'!G9+D174*H174*'Covariance'!H9+D174*I174*'Covariance'!I9+E174*B174*'Covariance'!B10+E174*C174*'Covariance'!C10+E174*D174*'Covariance'!D10+E174*E174*'Covariance'!E10+E174*F174*'Covariance'!F10+E174*G174*'Covariance'!G10+E174*H174*'Covariance'!H10+E174*I174*'Covariance'!I10+F174*B174*'Covariance'!B11+F174*C174*'Covariance'!C11+F174*D174*'Covariance'!D11+F174*E174*'Covariance'!E11+F174*F174*'Covariance'!F11+F174*G174*'Covariance'!G11+F174*H174*'Covariance'!H11+F174*I174*'Covariance'!I11+G174*B174*'Covariance'!B12+G174*C174*'Covariance'!C12+G174*D174*'Covariance'!D12+G174*E174*'Covariance'!E12+G174*F174*'Covariance'!F12+G174*G174*'Covariance'!G12+G174*H174*'Covariance'!H12+G174*I174*'Covariance'!I12+H174*B174*'Covariance'!B13+H174*C174*'Covariance'!C13+H174*D174*'Covariance'!D13+H174*E174*'Covariance'!E13+H174*F174*'Covariance'!F13+H174*G174*'Covariance'!G13+H174*H174*'Covariance'!H13+H174*I174*'Covariance'!I13+I174*B174*'Covariance'!B14+I174*C174*'Covariance'!C14+I174*D174*'Covariance'!D14+I174*E174*'Covariance'!E14+I174*F174*'Covariance'!F14+I174*G174*'Covariance'!G14+I174*H174*'Covariance'!H14+I174*I174*'Covariance'!I14)
Sampled portfolios,L174,=(J174-'Inputs'!$B$11)/K174
Sampled portfolios,J175,=B175*'Asset assumptions'!E7+C175*'Asset assumptions'!E8+D175*'Asset assumptions'!E9+E175*'Asset assumptions'!E10+F175*'Asset assumptions'!E11+G175*'Asset assumptions'!E12+H175*'Asset assumptions'!E13+I175*'Asset assumptions'!E14
Sampled portfolios,K175,=SQRT(B175*B175*'Covariance'!B7+B175*C175*'Covariance'!C7+B175*D175*'Covariance'!D7+B175*E175*'Covariance'!E7+B175*F175*'Covariance'!F7+B175*G175*'Covariance'!G7+B175*H175*'Covariance'!H7+B175*I175*'Covariance'!I7+C175*B175*'Covariance'!B8+C175*C175*'Covariance'!C8+C175*D175*'Covariance'!D8+C175*E175*'Covariance'!E8+C175*F175*'Covariance'!F8+C175*G175*'Covariance'!G8+C175*H175*'Covariance'!H8+C175*I175*'Covariance'!I8+D175*B175*'Covariance'!B9+D175*C175*'Covariance'!C9+D175*D175*'Covariance'!D9+D175*E175*'Covariance'!E9+D175*F175*'Covariance'!F9+D175*G175*'Covariance'!G9+D175*H175*'Covariance'!H9+D175*I175*'Covariance'!I9+E175*B175*'Covariance'!B10+E175*C175*'Covariance'!C10+E175*D175*'Covariance'!D10+E175*E175*'Covariance'!E10+E175*F175*'Covariance'!F10+E175*G175*'Covariance'!G10+E175*H175*'Covariance'!H10+E175*I175*'Covariance'!I10+F175*B175*'Covariance'!B11+F175*C175*'Covariance'!C11+F175*D175*'Covariance'!D11+F175*E175*'Covariance'!E11+F175*F175*'Covariance'!F11+F175*G175*'Covariance'!G11+F175*H175*'Covariance'!H11+F175*I175*'Covariance'!I11+G175*B175*'Covariance'!B12+G175*C175*'Covariance'!C12+G175*D175*'Covariance'!D12+G175*E175*'Covariance'!E12+G175*F175*'Covariance'!F12+G175*G175*'Covariance'!G12+G175*H175*'Covariance'!H12+G175*I175*'Covariance'!I12+H175*B175*'Covariance'!B13+H175*C175*'Covariance'!C13+H175*D175*'Covariance'!D13+H175*E175*'Covariance'!E13+H175*F175*'Covariance'!F13+H175*G175*'Covariance'!G13+H175*H175*'Covariance'!H13+H175*I175*'Covariance'!I13+I175*B175*'Covariance'!B14+I175*C175*'Covariance'!C14+I175*D175*'Covariance'!D14+I175*E175*'Covariance'!E14+I175*F175*'Covariance'!F14+I175*G175*'Covariance'!G14+I175*H175*'Covariance'!H14+I175*I175*'Covariance'!I14)
Sampled portfolios,L175,=(J175-'Inputs'!$B$11)/K175
Sampled portfolios,J176,=B176*'Asset assumptions'!E7+C176*'Asset assumptions'!E8+D176*'Asset assumptions'!E9+E176*'Asset assumptions'!E10+F176*'Asset assumptions'!E11+G176*'Asset assumptions'!E12+H176*'Asset assumptions'!E13+I176*'Asset assumptions'!E14
Sampled portfolios,K176,=SQRT(B176*B176*'Covariance'!B7+B176*C176*'Covariance'!C7+B176*D176*'Covariance'!D7+B176*E176*'Covariance'!E7+B176*F176*'Covariance'!F7+B176*G176*'Covariance'!G7+B176*H176*'Covariance'!H7+B176*I176*'Covariance'!I7+C176*B176*'Covariance'!B8+C176*C176*'Covariance'!C8+C176*D176*'Covariance'!D8+C176*E176*'Covariance'!E8+C176*F176*'Covariance'!F8+C176*G176*'Covariance'!G8+C176*H176*'Covariance'!H8+C176*I176*'Covariance'!I8+D176*B176*'Covariance'!B9+D176*C176*'Covariance'!C9+D176*D176*'Covariance'!D9+D176*E176*'Covariance'!E9+D176*F176*'Covariance'!F9+D176*G176*'Covariance'!G9+D176*H176*'Covariance'!H9+D176*I176*'Covariance'!I9+E176*B176*'Covariance'!B10+E176*C176*'Covariance'!C10+E176*D176*'Covariance'!D10+E176*E176*'Covariance'!E10+E176*F176*'Covariance'!F10+E176*G176*'Covariance'!G10+E176*H176*'Covariance'!H10+E176*I176*'Covariance'!I10+F176*B176*'Covariance'!B11+F176*C176*'Covariance'!C11+F176*D176*'Covariance'!D11+F176*E176*'Covariance'!E11+F176*F176*'Covariance'!F11+F176*G176*'Covariance'!G11+F176*H176*'Covariance'!H11+F176*I176*'Covariance'!I11+G176*B176*'Covariance'!B12+G176*C176*'Covariance'!C12+G176*D176*'Covariance'!D12+G176*E176*'Covariance'!E12+G176*F176*'Covariance'!F12+G176*G176*'Covariance'!G12+G176*H176*'Covariance'!H12+G176*I176*'Covariance'!I12+H176*B176*'Covariance'!B13+H176*C176*'Covariance'!C13+H176*D176*'Covariance'!D13+H176*E176*'Covariance'!E13+H176*F176*'Covariance'!F13+H176*G176*'Covariance'!G13+H176*H176*'Covariance'!H13+H176*I176*'Covariance'!I13+I176*B176*'Covariance'!B14+I176*C176*'Covariance'!C14+I176*D176*'Covariance'!D14+I176*E176*'Covariance'!E14+I176*F176*'Covariance'!F14+I176*G176*'Covariance'!G14+I176*H176*'Covariance'!H14+I176*I176*'Covariance'!I14)
Sampled portfolios,L176,=(J176-'Inputs'!$B$11)/K176
Sampled portfolios,J177,=B177*'Asset assumptions'!E7+C177*'Asset assumptions'!E8+D177*'Asset assumptions'!E9+E177*'Asset assumptions'!E10+F177*'Asset assumptions'!E11+G177*'Asset assumptions'!E12+H177*'Asset assumptions'!E13+I177*'Asset assumptions'!E14
Sampled portfolios,K177,=SQRT(B177*B177*'Covariance'!B7+B177*C177*'Covariance'!C7+B177*D177*'Covariance'!D7+B177*E177*'Covariance'!E7+B177*F177*'Covariance'!F7+B177*G177*'Covariance'!G7+B177*H177*'Covariance'!H7+B177*I177*'Covariance'!I7+C177*B177*'Covariance'!B8+C177*C177*'Covariance'!C8+C177*D177*'Covariance'!D8+C177*E177*'Covariance'!E8+C177*F177*'Covariance'!F8+C177*G177*'Covariance'!G8+C177*H177*'Covariance'!H8+C177*I177*'Covariance'!I8+D177*B177*'Covariance'!B9+D177*C177*'Covariance'!C9+D177*D177*'Covariance'!D9+D177*E177*'Covariance'!E9+D177*F177*'Covariance'!F9+D177*G177*'Covariance'!G9+D177*H177*'Covariance'!H9+D177*I177*'Covariance'!I9+E177*B177*'Covariance'!B10+E177*C177*'Covariance'!C10+E177*D177*'Covariance'!D10+E177*E177*'Covariance'!E10+E177*F177*'Covariance'!F10+E177*G177*'Covariance'!G10+E177*H177*'Covariance'!H10+E177*I177*'Covariance'!I10+F177*B177*'Covariance'!B11+F177*C177*'Covariance'!C11+F177*D177*'Covariance'!D11+F177*E177*'Covariance'!E11+F177*F177*'Covariance'!F11+F177*G177*'Covariance'!G11+F177*H177*'Covariance'!H11+F177*I177*'Covariance'!I11+G177*B177*'Covariance'!B12+G177*C177*'Covariance'!C12+G177*D177*'Covariance'!D12+G177*E177*'Covariance'!E12+G177*F177*'Covariance'!F12+G177*G177*'Covariance'!G12+G177*H177*'Covariance'!H12+G177*I177*'Covariance'!I12+H177*B177*'Covariance'!B13+H177*C177*'Covariance'!C13+H177*D177*'Covariance'!D13+H177*E177*'Covariance'!E13+H177*F177*'Covariance'!F13+H177*G177*'Covariance'!G13+H177*H177*'Covariance'!H13+H177*I177*'Covariance'!I13+I177*B177*'Covariance'!B14+I177*C177*'Covariance'!C14+I177*D177*'Covariance'!D14+I177*E177*'Covariance'!E14+I177*F177*'Covariance'!F14+I177*G177*'Covariance'!G14+I177*H177*'Covariance'!H14+I177*I177*'Covariance'!I14)
Sampled portfolios,L177,=(J177-'Inputs'!$B$11)/K177
Sampled portfolios,J178,=B178*'Asset assumptions'!E7+C178*'Asset assumptions'!E8+D178*'Asset assumptions'!E9+E178*'Asset assumptions'!E10+F178*'Asset assumptions'!E11+G178*'Asset assumptions'!E12+H178*'Asset assumptions'!E13+I178*'Asset assumptions'!E14
Sampled portfolios,K178,=SQRT(B178*B178*'Covariance'!B7+B178*C178*'Covariance'!C7+B178*D178*'Covariance'!D7+B178*E178*'Covariance'!E7+B178*F178*'Covariance'!F7+B178*G178*'Covariance'!G7+B178*H178*'Covariance'!H7+B178*I178*'Covariance'!I7+C178*B178*'Covariance'!B8+C178*C178*'Covariance'!C8+C178*D178*'Covariance'!D8+C178*E178*'Covariance'!E8+C178*F178*'Covariance'!F8+C178*G178*'Covariance'!G8+C178*H178*'Covariance'!H8+C178*I178*'Covariance'!I8+D178*B178*'Covariance'!B9+D178*C178*'Covariance'!C9+D178*D178*'Covariance'!D9+D178*E178*'Covariance'!E9+D178*F178*'Covariance'!F9+D178*G178*'Covariance'!G9+D178*H178*'Covariance'!H9+D178*I178*'Covariance'!I9+E178*B178*'Covariance'!B10+E178*C178*'Covariance'!C10+E178*D178*'Covariance'!D10+E178*E178*'Covariance'!E10+E178*F178*'Covariance'!F10+E178*G178*'Covariance'!G10+E178*H178*'Covariance'!H10+E178*I178*'Covariance'!I10+F178*B178*'Covariance'!B11+F178*C178*'Covariance'!C11+F178*D178*'Covariance'!D11+F178*E178*'Covariance'!E11+F178*F178*'Covariance'!F11+F178*G178*'Covariance'!G11+F178*H178*'Covariance'!H11+F178*I178*'Covariance'!I11+G178*B178*'Covariance'!B12+G178*C178*'Covariance'!C12+G178*D178*'Covariance'!D12+G178*E178*'Covariance'!E12+G178*F178*'Covariance'!F12+G178*G178*'Covariance'!G12+G178*H178*'Covariance'!H12+G178*I178*'Covariance'!I12+H178*B178*'Covariance'!B13+H178*C178*'Covariance'!C13+H178*D178*'Covariance'!D13+H178*E178*'Covariance'!E13+H178*F178*'Covariance'!F13+H178*G178*'Covariance'!G13+H178*H178*'Covariance'!H13+H178*I178*'Covariance'!I13+I178*B178*'Covariance'!B14+I178*C178*'Covariance'!C14+I178*D178*'Covariance'!D14+I178*E178*'Covariance'!E14+I178*F178*'Covariance'!F14+I178*G178*'Covariance'!G14+I178*H178*'Covariance'!H14+I178*I178*'Covariance'!I14)
Sampled portfolios,L178,=(J178-'Inputs'!$B$11)/K178
Sampled portfolios,J179,=B179*'Asset assumptions'!E7+C179*'Asset assumptions'!E8+D179*'Asset assumptions'!E9+E179*'Asset assumptions'!E10+F179*'Asset assumptions'!E11+G179*'Asset assumptions'!E12+H179*'Asset assumptions'!E13+I179*'Asset assumptions'!E14
Sampled portfolios,K179,=SQRT(B179*B179*'Covariance'!B7+B179*C179*'Covariance'!C7+B179*D179*'Covariance'!D7+B179*E179*'Covariance'!E7+B179*F179*'Covariance'!F7+B179*G179*'Covariance'!G7+B179*H179*'Covariance'!H7+B179*I179*'Covariance'!I7+C179*B179*'Covariance'!B8+C179*C179*'Covariance'!C8+C179*D179*'Covariance'!D8+C179*E179*'Covariance'!E8+C179*F179*'Covariance'!F8+C179*G179*'Covariance'!G8+C179*H179*'Covariance'!H8+C179*I179*'Covariance'!I8+D179*B179*'Covariance'!B9+D179*C179*'Covariance'!C9+D179*D179*'Covariance'!D9+D179*E179*'Covariance'!E9+D179*F179*'Covariance'!F9+D179*G179*'Covariance'!G9+D179*H179*'Covariance'!H9+D179*I179*'Covariance'!I9+E179*B179*'Covariance'!B10+E179*C179*'Covariance'!C10+E179*D179*'Covariance'!D10+E179*E179*'Covariance'!E10+E179*F179*'Covariance'!F10+E179*G179*'Covariance'!G10+E179*H179*'Covariance'!H10+E179*I179*'Covariance'!I10+F179*B179*'Covariance'!B11+F179*C179*'Covariance'!C11+F179*D179*'Covariance'!D11+F179*E179*'Covariance'!E11+F179*F179*'Covariance'!F11+F179*G179*'Covariance'!G11+F179*H179*'Covariance'!H11+F179*I179*'Covariance'!I11+G179*B179*'Covariance'!B12+G179*C179*'Covariance'!C12+G179*D179*'Covariance'!D12+G179*E179*'Covariance'!E12+G179*F179*'Covariance'!F12+G179*G179*'Covariance'!G12+G179*H179*'Covariance'!H12+G179*I179*'Covariance'!I12+H179*B179*'Covariance'!B13+H179*C179*'Covariance'!C13+H179*D179*'Covariance'!D13+H179*E179*'Covariance'!E13+H179*F179*'Covariance'!F13+H179*G179*'Covariance'!G13+H179*H179*'Covariance'!H13+H179*I179*'Covariance'!I13+I179*B179*'Covariance'!B14+I179*C179*'Covariance'!C14+I179*D179*'Covariance'!D14+I179*E179*'Covariance'!E14+I179*F179*'Covariance'!F14+I179*G179*'Covariance'!G14+I179*H179*'Covariance'!H14+I179*I179*'Covariance'!I14)
Sampled portfolios,L179,=(J179-'Inputs'!$B$11)/K179
Sampled portfolios,J180,=B180*'Asset assumptions'!E7+C180*'Asset assumptions'!E8+D180*'Asset assumptions'!E9+E180*'Asset assumptions'!E10+F180*'Asset assumptions'!E11+G180*'Asset assumptions'!E12+H180*'Asset assumptions'!E13+I180*'Asset assumptions'!E14
Sampled portfolios,K180,=SQRT(B180*B180*'Covariance'!B7+B180*C180*'Covariance'!C7+B180*D180*'Covariance'!D7+B180*E180*'Covariance'!E7+B180*F180*'Covariance'!F7+B180*G180*'Covariance'!G7+B180*H180*'Covariance'!H7+B180*I180*'Covariance'!I7+C180*B180*'Covariance'!B8+C180*C180*'Covariance'!C8+C180*D180*'Covariance'!D8+C180*E180*'Covariance'!E8+C180*F180*'Covariance'!F8+C180*G180*'Covariance'!G8+C180*H180*'Covariance'!H8+C180*I180*'Covariance'!I8+D180*B180*'Covariance'!B9+D180*C180*'Covariance'!C9+D180*D180*'Covariance'!D9+D180*E180*'Covariance'!E9+D180*F180*'Covariance'!F9+D180*G180*'Covariance'!G9+D180*H180*'Covariance'!H9+D180*I180*'Covariance'!I9+E180*B180*'Covariance'!B10+E180*C180*'Covariance'!C10+E180*D180*'Covariance'!D10+E180*E180*'Covariance'!E10+E180*F180*'Covariance'!F10+E180*G180*'Covariance'!G10+E180*H180*'Covariance'!H10+E180*I180*'Covariance'!I10+F180*B180*'Covariance'!B11+F180*C180*'Covariance'!C11+F180*D180*'Covariance'!D11+F180*E180*'Covariance'!E11+F180*F180*'Covariance'!F11+F180*G180*'Covariance'!G11+F180*H180*'Covariance'!H11+F180*I180*'Covariance'!I11+G180*B180*'Covariance'!B12+G180*C180*'Covariance'!C12+G180*D180*'Covariance'!D12+G180*E180*'Covariance'!E12+G180*F180*'Covariance'!F12+G180*G180*'Covariance'!G12+G180*H180*'Covariance'!H12+G180*I180*'Covariance'!I12+H180*B180*'Covariance'!B13+H180*C180*'Covariance'!C13+H180*D180*'Covariance'!D13+H180*E180*'Covariance'!E13+H180*F180*'Covariance'!F13+H180*G180*'Covariance'!G13+H180*H180*'Covariance'!H13+H180*I180*'Covariance'!I13+I180*B180*'Covariance'!B14+I180*C180*'Covariance'!C14+I180*D180*'Covariance'!D14+I180*E180*'Covariance'!E14+I180*F180*'Covariance'!F14+I180*G180*'Covariance'!G14+I180*H180*'Covariance'!H14+I180*I180*'Covariance'!I14)
Sampled portfolios,L180,=(J180-'Inputs'!$B$11)/K180
Sampled portfolios,J181,=B181*'Asset assumptions'!E7+C181*'Asset assumptions'!E8+D181*'Asset assumptions'!E9+E181*'Asset assumptions'!E10+F181*'Asset assumptions'!E11+G181*'Asset assumptions'!E12+H181*'Asset assumptions'!E13+I181*'Asset assumptions'!E14
Sampled portfolios,K181,=SQRT(B181*B181*'Covariance'!B7+B181*C181*'Covariance'!C7+B181*D181*'Covariance'!D7+B181*E181*'Covariance'!E7+B181*F181*'Covariance'!F7+B181*G181*'Covariance'!G7+B181*H181*'Covariance'!H7+B181*I181*'Covariance'!I7+C181*B181*'Covariance'!B8+C181*C181*'Covariance'!C8+C181*D181*'Covariance'!D8+C181*E181*'Covariance'!E8+C181*F181*'Covariance'!F8+C181*G181*'Covariance'!G8+C181*H181*'Covariance'!H8+C181*I181*'Covariance'!I8+D181*B181*'Covariance'!B9+D181*C181*'Covariance'!C9+D181*D181*'Covariance'!D9+D181*E181*'Covariance'!E9+D181*F181*'Covariance'!F9+D181*G181*'Covariance'!G9+D181*H181*'Covariance'!H9+D181*I181*'Covariance'!I9+E181*B181*'Covariance'!B10+E181*C181*'Covariance'!C10+E181*D181*'Covariance'!D10+E181*E181*'Covariance'!E10+E181*F181*'Covariance'!F10+E181*G181*'Covariance'!G10+E181*H181*'Covariance'!H10+E181*I181*'Covariance'!I10+F181*B181*'Covariance'!B11+F181*C181*'Covariance'!C11+F181*D181*'Covariance'!D11+F181*E181*'Covariance'!E11+F181*F181*'Covariance'!F11+F181*G181*'Covariance'!G11+F181*H181*'Covariance'!H11+F181*I181*'Covariance'!I11+G181*B181*'Covariance'!B12+G181*C181*'Covariance'!C12+G181*D181*'Covariance'!D12+G181*E181*'Covariance'!E12+G181*F181*'Covariance'!F12+G181*G181*'Covariance'!G12+G181*H181*'Covariance'!H12+G181*I181*'Covariance'!I12+H181*B181*'Covariance'!B13+H181*C181*'Covariance'!C13+H181*D181*'Covariance'!D13+H181*E181*'Covariance'!E13+H181*F181*'Covariance'!F13+H181*G181*'Covariance'!G13+H181*H181*'Covariance'!H13+H181*I181*'Covariance'!I13+I181*B181*'Covariance'!B14+I181*C181*'Covariance'!C14+I181*D181*'Covariance'!D14+I181*E181*'Covariance'!E14+I181*F181*'Covariance'!F14+I181*G181*'Covariance'!G14+I181*H181*'Covariance'!H14+I181*I181*'Covariance'!I14)
Sampled portfolios,L181,=(J181-'Inputs'!$B$11)/K181
Sampled portfolios,J182,=B182*'Asset assumptions'!E7+C182*'Asset assumptions'!E8+D182*'Asset assumptions'!E9+E182*'Asset assumptions'!E10+F182*'Asset assumptions'!E11+G182*'Asset assumptions'!E12+H182*'Asset assumptions'!E13+I182*'Asset assumptions'!E14
Sampled portfolios,K182,=SQRT(B182*B182*'Covariance'!B7+B182*C182*'Covariance'!C7+B182*D182*'Covariance'!D7+B182*E182*'Covariance'!E7+B182*F182*'Covariance'!F7+B182*G182*'Covariance'!G7+B182*H182*'Covariance'!H7+B182*I182*'Covariance'!I7+C182*B182*'Covariance'!B8+C182*C182*'Covariance'!C8+C182*D182*'Covariance'!D8+C182*E182*'Covariance'!E8+C182*F182*'Covariance'!F8+C182*G182*'Covariance'!G8+C182*H182*'Covariance'!H8+C182*I182*'Covariance'!I8+D182*B182*'Covariance'!B9+D182*C182*'Covariance'!C9+D182*D182*'Covariance'!D9+D182*E182*'Covariance'!E9+D182*F182*'Covariance'!F9+D182*G182*'Covariance'!G9+D182*H182*'Covariance'!H9+D182*I182*'Covariance'!I9+E182*B182*'Covariance'!B10+E182*C182*'Covariance'!C10+E182*D182*'Covariance'!D10+E182*E182*'Covariance'!E10+E182*F182*'Covariance'!F10+E182*G182*'Covariance'!G10+E182*H182*'Covariance'!H10+E182*I182*'Covariance'!I10+F182*B182*'Covariance'!B11+F182*C182*'Covariance'!C11+F182*D182*'Covariance'!D11+F182*E182*'Covariance'!E11+F182*F182*'Covariance'!F11+F182*G182*'Covariance'!G11+F182*H182*'Covariance'!H11+F182*I182*'Covariance'!I11+G182*B182*'Covariance'!B12+G182*C182*'Covariance'!C12+G182*D182*'Covariance'!D12+G182*E182*'Covariance'!E12+G182*F182*'Covariance'!F12+G182*G182*'Covariance'!G12+G182*H182*'Covariance'!H12+G182*I182*'Covariance'!I12+H182*B182*'Covariance'!B13+H182*C182*'Covariance'!C13+H182*D182*'Covariance'!D13+H182*E182*'Covariance'!E13+H182*F182*'Covariance'!F13+H182*G182*'Covariance'!G13+H182*H182*'Covariance'!H13+H182*I182*'Covariance'!I13+I182*B182*'Covariance'!B14+I182*C182*'Covariance'!C14+I182*D182*'Covariance'!D14+I182*E182*'Covariance'!E14+I182*F182*'Covariance'!F14+I182*G182*'Covariance'!G14+I182*H182*'Covariance'!H14+I182*I182*'Covariance'!I14)
Sampled portfolios,L182,=(J182-'Inputs'!$B$11)/K182
Sampled portfolios,J183,=B183*'Asset assumptions'!E7+C183*'Asset assumptions'!E8+D183*'Asset assumptions'!E9+E183*'Asset assumptions'!E10+F183*'Asset assumptions'!E11+G183*'Asset assumptions'!E12+H183*'Asset assumptions'!E13+I183*'Asset assumptions'!E14
Sampled portfolios,K183,=SQRT(B183*B183*'Covariance'!B7+B183*C183*'Covariance'!C7+B183*D183*'Covariance'!D7+B183*E183*'Covariance'!E7+B183*F183*'Covariance'!F7+B183*G183*'Covariance'!G7+B183*H183*'Covariance'!H7+B183*I183*'Covariance'!I7+C183*B183*'Covariance'!B8+C183*C183*'Covariance'!C8+C183*D183*'Covariance'!D8+C183*E183*'Covariance'!E8+C183*F183*'Covariance'!F8+C183*G183*'Covariance'!G8+C183*H183*'Covariance'!H8+C183*I183*'Covariance'!I8+D183*B183*'Covariance'!B9+D183*C183*'Covariance'!C9+D183*D183*'Covariance'!D9+D183*E183*'Covariance'!E9+D183*F183*'Covariance'!F9+D183*G183*'Covariance'!G9+D183*H183*'Covariance'!H9+D183*I183*'Covariance'!I9+E183*B183*'Covariance'!B10+E183*C183*'Covariance'!C10+E183*D183*'Covariance'!D10+E183*E183*'Covariance'!E10+E183*F183*'Covariance'!F10+E183*G183*'Covariance'!G10+E183*H183*'Covariance'!H10+E183*I183*'Covariance'!I10+F183*B183*'Covariance'!B11+F183*C183*'Covariance'!C11+F183*D183*'Covariance'!D11+F183*E183*'Covariance'!E11+F183*F183*'Covariance'!F11+F183*G183*'Covariance'!G11+F183*H183*'Covariance'!H11+F183*I183*'Covariance'!I11+G183*B183*'Covariance'!B12+G183*C183*'Covariance'!C12+G183*D183*'Covariance'!D12+G183*E183*'Covariance'!E12+G183*F183*'Covariance'!F12+G183*G183*'Covariance'!G12+G183*H183*'Covariance'!H12+G183*I183*'Covariance'!I12+H183*B183*'Covariance'!B13+H183*C183*'Covariance'!C13+H183*D183*'Covariance'!D13+H183*E183*'Covariance'!E13+H183*F183*'Covariance'!F13+H183*G183*'Covariance'!G13+H183*H183*'Covariance'!H13+H183*I183*'Covariance'!I13+I183*B183*'Covariance'!B14+I183*C183*'Covariance'!C14+I183*D183*'Covariance'!D14+I183*E183*'Covariance'!E14+I183*F183*'Covariance'!F14+I183*G183*'Covariance'!G14+I183*H183*'Covariance'!H14+I183*I183*'Covariance'!I14)
Sampled portfolios,L183,=(J183-'Inputs'!$B$11)/K183
Sampled portfolios,J184,=B184*'Asset assumptions'!E7+C184*'Asset assumptions'!E8+D184*'Asset assumptions'!E9+E184*'Asset assumptions'!E10+F184*'Asset assumptions'!E11+G184*'Asset assumptions'!E12+H184*'Asset assumptions'!E13+I184*'Asset assumptions'!E14
Sampled portfolios,K184,=SQRT(B184*B184*'Covariance'!B7+B184*C184*'Covariance'!C7+B184*D184*'Covariance'!D7+B184*E184*'Covariance'!E7+B184*F184*'Covariance'!F7+B184*G184*'Covariance'!G7+B184*H184*'Covariance'!H7+B184*I184*'Covariance'!I7+C184*B184*'Covariance'!B8+C184*C184*'Covariance'!C8+C184*D184*'Covariance'!D8+C184*E184*'Covariance'!E8+C184*F184*'Covariance'!F8+C184*G184*'Covariance'!G8+C184*H184*'Covariance'!H8+C184*I184*'Covariance'!I8+D184*B184*'Covariance'!B9+D184*C184*'Covariance'!C9+D184*D184*'Covariance'!D9+D184*E184*'Covariance'!E9+D184*F184*'Covariance'!F9+D184*G184*'Covariance'!G9+D184*H184*'Covariance'!H9+D184*I184*'Covariance'!I9+E184*B184*'Covariance'!B10+E184*C184*'Covariance'!C10+E184*D184*'Covariance'!D10+E184*E184*'Covariance'!E10+E184*F184*'Covariance'!F10+E184*G184*'Covariance'!G10+E184*H184*'Covariance'!H10+E184*I184*'Covariance'!I10+F184*B184*'Covariance'!B11+F184*C184*'Covariance'!C11+F184*D184*'Covariance'!D11+F184*E184*'Covariance'!E11+F184*F184*'Covariance'!F11+F184*G184*'Covariance'!G11+F184*H184*'Covariance'!H11+F184*I184*'Covariance'!I11+G184*B184*'Covariance'!B12+G184*C184*'Covariance'!C12+G184*D184*'Covariance'!D12+G184*E184*'Covariance'!E12+G184*F184*'Covariance'!F12+G184*G184*'Covariance'!G12+G184*H184*'Covariance'!H12+G184*I184*'Covariance'!I12+H184*B184*'Covariance'!B13+H184*C184*'Covariance'!C13+H184*D184*'Covariance'!D13+H184*E184*'Covariance'!E13+H184*F184*'Covariance'!F13+H184*G184*'Covariance'!G13+H184*H184*'Covariance'!H13+H184*I184*'Covariance'!I13+I184*B184*'Covariance'!B14+I184*C184*'Covariance'!C14+I184*D184*'Covariance'!D14+I184*E184*'Covariance'!E14+I184*F184*'Covariance'!F14+I184*G184*'Covariance'!G14+I184*H184*'Covariance'!H14+I184*I184*'Covariance'!I14)
Sampled portfolios,L184,=(J184-'Inputs'!$B$11)/K184
Sampled portfolios,J185,=B185*'Asset assumptions'!E7+C185*'Asset assumptions'!E8+D185*'Asset assumptions'!E9+E185*'Asset assumptions'!E10+F185*'Asset assumptions'!E11+G185*'Asset assumptions'!E12+H185*'Asset assumptions'!E13+I185*'Asset assumptions'!E14
Sampled portfolios,K185,=SQRT(B185*B185*'Covariance'!B7+B185*C185*'Covariance'!C7+B185*D185*'Covariance'!D7+B185*E185*'Covariance'!E7+B185*F185*'Covariance'!F7+B185*G185*'Covariance'!G7+B185*H185*'Covariance'!H7+B185*I185*'Covariance'!I7+C185*B185*'Covariance'!B8+C185*C185*'Covariance'!C8+C185*D185*'Covariance'!D8+C185*E185*'Covariance'!E8+C185*F185*'Covariance'!F8+C185*G185*'Covariance'!G8+C185*H185*'Covariance'!H8+C185*I185*'Covariance'!I8+D185*B185*'Covariance'!B9+D185*C185*'Covariance'!C9+D185*D185*'Covariance'!D9+D185*E185*'Covariance'!E9+D185*F185*'Covariance'!F9+D185*G185*'Covariance'!G9+D185*H185*'Covariance'!H9+D185*I185*'Covariance'!I9+E185*B185*'Covariance'!B10+E185*C185*'Covariance'!C10+E185*D185*'Covariance'!D10+E185*E185*'Covariance'!E10+E185*F185*'Covariance'!F10+E185*G185*'Covariance'!G10+E185*H185*'Covariance'!H10+E185*I185*'Covariance'!I10+F185*B185*'Covariance'!B11+F185*C185*'Covariance'!C11+F185*D185*'Covariance'!D11+F185*E185*'Covariance'!E11+F185*F185*'Covariance'!F11+F185*G185*'Covariance'!G11+F185*H185*'Covariance'!H11+F185*I185*'Covariance'!I11+G185*B185*'Covariance'!B12+G185*C185*'Covariance'!C12+G185*D185*'Covariance'!D12+G185*E185*'Covariance'!E12+G185*F185*'Covariance'!F12+G185*G185*'Covariance'!G12+G185*H185*'Covariance'!H12+G185*I185*'Covariance'!I12+H185*B185*'Covariance'!B13+H185*C185*'Covariance'!C13+H185*D185*'Covariance'!D13+H185*E185*'Covariance'!E13+H185*F185*'Covariance'!F13+H185*G185*'Covariance'!G13+H185*H185*'Covariance'!H13+H185*I185*'Covariance'!I13+I185*B185*'Covariance'!B14+I185*C185*'Covariance'!C14+I185*D185*'Covariance'!D14+I185*E185*'Covariance'!E14+I185*F185*'Covariance'!F14+I185*G185*'Covariance'!G14+I185*H185*'Covariance'!H14+I185*I185*'Covariance'!I14)
Sampled portfolios,L185,=(J185-'Inputs'!$B$11)/K185
Sampled portfolios,J186,=B186*'Asset assumptions'!E7+C186*'Asset assumptions'!E8+D186*'Asset assumptions'!E9+E186*'Asset assumptions'!E10+F186*'Asset assumptions'!E11+G186*'Asset assumptions'!E12+H186*'Asset assumptions'!E13+I186*'Asset assumptions'!E14
Sampled portfolios,K186,=SQRT(B186*B186*'Covariance'!B7+B186*C186*'Covariance'!C7+B186*D186*'Covariance'!D7+B186*E186*'Covariance'!E7+B186*F186*'Covariance'!F7+B186*G186*'Covariance'!G7+B186*H186*'Covariance'!H7+B186*I186*'Covariance'!I7+C186*B186*'Covariance'!B8+C186*C186*'Covariance'!C8+C186*D186*'Covariance'!D8+C186*E186*'Covariance'!E8+C186*F186*'Covariance'!F8+C186*G186*'Covariance'!G8+C186*H186*'Covariance'!H8+C186*I186*'Covariance'!I8+D186*B186*'Covariance'!B9+D186*C186*'Covariance'!C9+D186*D186*'Covariance'!D9+D186*E186*'Covariance'!E9+D186*F186*'Covariance'!F9+D186*G186*'Covariance'!G9+D186*H186*'Covariance'!H9+D186*I186*'Covariance'!I9+E186*B186*'Covariance'!B10+E186*C186*'Covariance'!C10+E186*D186*'Covariance'!D10+E186*E186*'Covariance'!E10+E186*F186*'Covariance'!F10+E186*G186*'Covariance'!G10+E186*H186*'Covariance'!H10+E186*I186*'Covariance'!I10+F186*B186*'Covariance'!B11+F186*C186*'Covariance'!C11+F186*D186*'Covariance'!D11+F186*E186*'Covariance'!E11+F186*F186*'Covariance'!F11+F186*G186*'Covariance'!G11+F186*H186*'Covariance'!H11+F186*I186*'Covariance'!I11+G186*B186*'Covariance'!B12+G186*C186*'Covariance'!C12+G186*D186*'Covariance'!D12+G186*E186*'Covariance'!E12+G186*F186*'Covariance'!F12+G186*G186*'Covariance'!G12+G186*H186*'Covariance'!H12+G186*I186*'Covariance'!I12+H186*B186*'Covariance'!B13+H186*C186*'Covariance'!C13+H186*D186*'Covariance'!D13+H186*E186*'Covariance'!E13+H186*F186*'Covariance'!F13+H186*G186*'Covariance'!G13+H186*H186*'Covariance'!H13+H186*I186*'Covariance'!I13+I186*B186*'Covariance'!B14+I186*C186*'Covariance'!C14+I186*D186*'Covariance'!D14+I186*E186*'Covariance'!E14+I186*F186*'Covariance'!F14+I186*G186*'Covariance'!G14+I186*H186*'Covariance'!H14+I186*I186*'Covariance'!I14)
Sampled portfolios,L186,=(J186-'Inputs'!$B$11)/K186
Sampled portfolios,J187,=B187*'Asset assumptions'!E7+C187*'Asset assumptions'!E8+D187*'Asset assumptions'!E9+E187*'Asset assumptions'!E10+F187*'Asset assumptions'!E11+G187*'Asset assumptions'!E12+H187*'Asset assumptions'!E13+I187*'Asset assumptions'!E14
Sampled portfolios,K187,=SQRT(B187*B187*'Covariance'!B7+B187*C187*'Covariance'!C7+B187*D187*'Covariance'!D7+B187*E187*'Covariance'!E7+B187*F187*'Covariance'!F7+B187*G187*'Covariance'!G7+B187*H187*'Covariance'!H7+B187*I187*'Covariance'!I7+C187*B187*'Covariance'!B8+C187*C187*'Covariance'!C8+C187*D187*'Covariance'!D8+C187*E187*'Covariance'!E8+C187*F187*'Covariance'!F8+C187*G187*'Covariance'!G8+C187*H187*'Covariance'!H8+C187*I187*'Covariance'!I8+D187*B187*'Covariance'!B9+D187*C187*'Covariance'!C9+D187*D187*'Covariance'!D9+D187*E187*'Covariance'!E9+D187*F187*'Covariance'!F9+D187*G187*'Covariance'!G9+D187*H187*'Covariance'!H9+D187*I187*'Covariance'!I9+E187*B187*'Covariance'!B10+E187*C187*'Covariance'!C10+E187*D187*'Covariance'!D10+E187*E187*'Covariance'!E10+E187*F187*'Covariance'!F10+E187*G187*'Covariance'!G10+E187*H187*'Covariance'!H10+E187*I187*'Covariance'!I10+F187*B187*'Covariance'!B11+F187*C187*'Covariance'!C11+F187*D187*'Covariance'!D11+F187*E187*'Covariance'!E11+F187*F187*'Covariance'!F11+F187*G187*'Covariance'!G11+F187*H187*'Covariance'!H11+F187*I187*'Covariance'!I11+G187*B187*'Covariance'!B12+G187*C187*'Covariance'!C12+G187*D187*'Covariance'!D12+G187*E187*'Covariance'!E12+G187*F187*'Covariance'!F12+G187*G187*'Covariance'!G12+G187*H187*'Covariance'!H12+G187*I187*'Covariance'!I12+H187*B187*'Covariance'!B13+H187*C187*'Covariance'!C13+H187*D187*'Covariance'!D13+H187*E187*'Covariance'!E13+H187*F187*'Covariance'!F13+H187*G187*'Covariance'!G13+H187*H187*'Covariance'!H13+H187*I187*'Covariance'!I13+I187*B187*'Covariance'!B14+I187*C187*'Covariance'!C14+I187*D187*'Covariance'!D14+I187*E187*'Covariance'!E14+I187*F187*'Covariance'!F14+I187*G187*'Covariance'!G14+I187*H187*'Covariance'!H14+I187*I187*'Covariance'!I14)
Sampled portfolios,L187,=(J187-'Inputs'!$B$11)/K187
Sampled portfolios,J188,=B188*'Asset assumptions'!E7+C188*'Asset assumptions'!E8+D188*'Asset assumptions'!E9+E188*'Asset assumptions'!E10+F188*'Asset assumptions'!E11+G188*'Asset assumptions'!E12+H188*'Asset assumptions'!E13+I188*'Asset assumptions'!E14
Sampled portfolios,K188,=SQRT(B188*B188*'Covariance'!B7+B188*C188*'Covariance'!C7+B188*D188*'Covariance'!D7+B188*E188*'Covariance'!E7+B188*F188*'Covariance'!F7+B188*G188*'Covariance'!G7+B188*H188*'Covariance'!H7+B188*I188*'Covariance'!I7+C188*B188*'Covariance'!B8+C188*C188*'Covariance'!C8+C188*D188*'Covariance'!D8+C188*E188*'Covariance'!E8+C188*F188*'Covariance'!F8+C188*G188*'Covariance'!G8+C188*H188*'Covariance'!H8+C188*I188*'Covariance'!I8+D188*B188*'Covariance'!B9+D188*C188*'Covariance'!C9+D188*D188*'Covariance'!D9+D188*E188*'Covariance'!E9+D188*F188*'Covariance'!F9+D188*G188*'Covariance'!G9+D188*H188*'Covariance'!H9+D188*I188*'Covariance'!I9+E188*B188*'Covariance'!B10+E188*C188*'Covariance'!C10+E188*D188*'Covariance'!D10+E188*E188*'Covariance'!E10+E188*F188*'Covariance'!F10+E188*G188*'Covariance'!G10+E188*H188*'Covariance'!H10+E188*I188*'Covariance'!I10+F188*B188*'Covariance'!B11+F188*C188*'Covariance'!C11+F188*D188*'Covariance'!D11+F188*E188*'Covariance'!E11+F188*F188*'Covariance'!F11+F188*G188*'Covariance'!G11+F188*H188*'Covariance'!H11+F188*I188*'Covariance'!I11+G188*B188*'Covariance'!B12+G188*C188*'Covariance'!C12+G188*D188*'Covariance'!D12+G188*E188*'Covariance'!E12+G188*F188*'Covariance'!F12+G188*G188*'Covariance'!G12+G188*H188*'Covariance'!H12+G188*I188*'Covariance'!I12+H188*B188*'Covariance'!B13+H188*C188*'Covariance'!C13+H188*D188*'Covariance'!D13+H188*E188*'Covariance'!E13+H188*F188*'Covariance'!F13+H188*G188*'Covariance'!G13+H188*H188*'Covariance'!H13+H188*I188*'Covariance'!I13+I188*B188*'Covariance'!B14+I188*C188*'Covariance'!C14+I188*D188*'Covariance'!D14+I188*E188*'Covariance'!E14+I188*F188*'Covariance'!F14+I188*G188*'Covariance'!G14+I188*H188*'Covariance'!H14+I188*I188*'Covariance'!I14)
Sampled portfolios,L188,=(J188-'Inputs'!$B$11)/K188
Sampled portfolios,J189,=B189*'Asset assumptions'!E7+C189*'Asset assumptions'!E8+D189*'Asset assumptions'!E9+E189*'Asset assumptions'!E10+F189*'Asset assumptions'!E11+G189*'Asset assumptions'!E12+H189*'Asset assumptions'!E13+I189*'Asset assumptions'!E14
Sampled portfolios,K189,=SQRT(B189*B189*'Covariance'!B7+B189*C189*'Covariance'!C7+B189*D189*'Covariance'!D7+B189*E189*'Covariance'!E7+B189*F189*'Covariance'!F7+B189*G189*'Covariance'!G7+B189*H189*'Covariance'!H7+B189*I189*'Covariance'!I7+C189*B189*'Covariance'!B8+C189*C189*'Covariance'!C8+C189*D189*'Covariance'!D8+C189*E189*'Covariance'!E8+C189*F189*'Covariance'!F8+C189*G189*'Covariance'!G8+C189*H189*'Covariance'!H8+C189*I189*'Covariance'!I8+D189*B189*'Covariance'!B9+D189*C189*'Covariance'!C9+D189*D189*'Covariance'!D9+D189*E189*'Covariance'!E9+D189*F189*'Covariance'!F9+D189*G189*'Covariance'!G9+D189*H189*'Covariance'!H9+D189*I189*'Covariance'!I9+E189*B189*'Covariance'!B10+E189*C189*'Covariance'!C10+E189*D189*'Covariance'!D10+E189*E189*'Covariance'!E10+E189*F189*'Covariance'!F10+E189*G189*'Covariance'!G10+E189*H189*'Covariance'!H10+E189*I189*'Covariance'!I10+F189*B189*'Covariance'!B11+F189*C189*'Covariance'!C11+F189*D189*'Covariance'!D11+F189*E189*'Covariance'!E11+F189*F189*'Covariance'!F11+F189*G189*'Covariance'!G11+F189*H189*'Covariance'!H11+F189*I189*'Covariance'!I11+G189*B189*'Covariance'!B12+G189*C189*'Covariance'!C12+G189*D189*'Covariance'!D12+G189*E189*'Covariance'!E12+G189*F189*'Covariance'!F12+G189*G189*'Covariance'!G12+G189*H189*'Covariance'!H12+G189*I189*'Covariance'!I12+H189*B189*'Covariance'!B13+H189*C189*'Covariance'!C13+H189*D189*'Covariance'!D13+H189*E189*'Covariance'!E13+H189*F189*'Covariance'!F13+H189*G189*'Covariance'!G13+H189*H189*'Covariance'!H13+H189*I189*'Covariance'!I13+I189*B189*'Covariance'!B14+I189*C189*'Covariance'!C14+I189*D189*'Covariance'!D14+I189*E189*'Covariance'!E14+I189*F189*'Covariance'!F14+I189*G189*'Covariance'!G14+I189*H189*'Covariance'!H14+I189*I189*'Covariance'!I14)
Sampled portfolios,L189,=(J189-'Inputs'!$B$11)/K189
Sampled portfolios,J190,=B190*'Asset assumptions'!E7+C190*'Asset assumptions'!E8+D190*'Asset assumptions'!E9+E190*'Asset assumptions'!E10+F190*'Asset assumptions'!E11+G190*'Asset assumptions'!E12+H190*'Asset assumptions'!E13+I190*'Asset assumptions'!E14
Sampled portfolios,K190,=SQRT(B190*B190*'Covariance'!B7+B190*C190*'Covariance'!C7+B190*D190*'Covariance'!D7+B190*E190*'Covariance'!E7+B190*F190*'Covariance'!F7+B190*G190*'Covariance'!G7+B190*H190*'Covariance'!H7+B190*I190*'Covariance'!I7+C190*B190*'Covariance'!B8+C190*C190*'Covariance'!C8+C190*D190*'Covariance'!D8+C190*E190*'Covariance'!E8+C190*F190*'Covariance'!F8+C190*G190*'Covariance'!G8+C190*H190*'Covariance'!H8+C190*I190*'Covariance'!I8+D190*B190*'Covariance'!B9+D190*C190*'Covariance'!C9+D190*D190*'Covariance'!D9+D190*E190*'Covariance'!E9+D190*F190*'Covariance'!F9+D190*G190*'Covariance'!G9+D190*H190*'Covariance'!H9+D190*I190*'Covariance'!I9+E190*B190*'Covariance'!B10+E190*C190*'Covariance'!C10+E190*D190*'Covariance'!D10+E190*E190*'Covariance'!E10+E190*F190*'Covariance'!F10+E190*G190*'Covariance'!G10+E190*H190*'Covariance'!H10+E190*I190*'Covariance'!I10+F190*B190*'Covariance'!B11+F190*C190*'Covariance'!C11+F190*D190*'Covariance'!D11+F190*E190*'Covariance'!E11+F190*F190*'Covariance'!F11+F190*G190*'Covariance'!G11+F190*H190*'Covariance'!H11+F190*I190*'Covariance'!I11+G190*B190*'Covariance'!B12+G190*C190*'Covariance'!C12+G190*D190*'Covariance'!D12+G190*E190*'Covariance'!E12+G190*F190*'Covariance'!F12+G190*G190*'Covariance'!G12+G190*H190*'Covariance'!H12+G190*I190*'Covariance'!I12+H190*B190*'Covariance'!B13+H190*C190*'Covariance'!C13+H190*D190*'Covariance'!D13+H190*E190*'Covariance'!E13+H190*F190*'Covariance'!F13+H190*G190*'Covariance'!G13+H190*H190*'Covariance'!H13+H190*I190*'Covariance'!I13+I190*B190*'Covariance'!B14+I190*C190*'Covariance'!C14+I190*D190*'Covariance'!D14+I190*E190*'Covariance'!E14+I190*F190*'Covariance'!F14+I190*G190*'Covariance'!G14+I190*H190*'Covariance'!H14+I190*I190*'Covariance'!I14)
Sampled portfolios,L190,=(J190-'Inputs'!$B$11)/K190
Sampled portfolios,J191,=B191*'Asset assumptions'!E7+C191*'Asset assumptions'!E8+D191*'Asset assumptions'!E9+E191*'Asset assumptions'!E10+F191*'Asset assumptions'!E11+G191*'Asset assumptions'!E12+H191*'Asset assumptions'!E13+I191*'Asset assumptions'!E14
Sampled portfolios,K191,=SQRT(B191*B191*'Covariance'!B7+B191*C191*'Covariance'!C7+B191*D191*'Covariance'!D7+B191*E191*'Covariance'!E7+B191*F191*'Covariance'!F7+B191*G191*'Covariance'!G7+B191*H191*'Covariance'!H7+B191*I191*'Covariance'!I7+C191*B191*'Covariance'!B8+C191*C191*'Covariance'!C8+C191*D191*'Covariance'!D8+C191*E191*'Covariance'!E8+C191*F191*'Covariance'!F8+C191*G191*'Covariance'!G8+C191*H191*'Covariance'!H8+C191*I191*'Covariance'!I8+D191*B191*'Covariance'!B9+D191*C191*'Covariance'!C9+D191*D191*'Covariance'!D9+D191*E191*'Covariance'!E9+D191*F191*'Covariance'!F9+D191*G191*'Covariance'!G9+D191*H191*'Covariance'!H9+D191*I191*'Covariance'!I9+E191*B191*'Covariance'!B10+E191*C191*'Covariance'!C10+E191*D191*'Covariance'!D10+E191*E191*'Covariance'!E10+E191*F191*'Covariance'!F10+E191*G191*'Covariance'!G10+E191*H191*'Covariance'!H10+E191*I191*'Covariance'!I10+F191*B191*'Covariance'!B11+F191*C191*'Covariance'!C11+F191*D191*'Covariance'!D11+F191*E191*'Covariance'!E11+F191*F191*'Covariance'!F11+F191*G191*'Covariance'!G11+F191*H191*'Covariance'!H11+F191*I191*'Covariance'!I11+G191*B191*'Covariance'!B12+G191*C191*'Covariance'!C12+G191*D191*'Covariance'!D12+G191*E191*'Covariance'!E12+G191*F191*'Covariance'!F12+G191*G191*'Covariance'!G12+G191*H191*'Covariance'!H12+G191*I191*'Covariance'!I12+H191*B191*'Covariance'!B13+H191*C191*'Covariance'!C13+H191*D191*'Covariance'!D13+H191*E191*'Covariance'!E13+H191*F191*'Covariance'!F13+H191*G191*'Covariance'!G13+H191*H191*'Covariance'!H13+H191*I191*'Covariance'!I13+I191*B191*'Covariance'!B14+I191*C191*'Covariance'!C14+I191*D191*'Covariance'!D14+I191*E191*'Covariance'!E14+I191*F191*'Covariance'!F14+I191*G191*'Covariance'!G14+I191*H191*'Covariance'!H14+I191*I191*'Covariance'!I14)
Sampled portfolios,L191,=(J191-'Inputs'!$B$11)/K191
Sampled portfolios,J192,=B192*'Asset assumptions'!E7+C192*'Asset assumptions'!E8+D192*'Asset assumptions'!E9+E192*'Asset assumptions'!E10+F192*'Asset assumptions'!E11+G192*'Asset assumptions'!E12+H192*'Asset assumptions'!E13+I192*'Asset assumptions'!E14
Sampled portfolios,K192,=SQRT(B192*B192*'Covariance'!B7+B192*C192*'Covariance'!C7+B192*D192*'Covariance'!D7+B192*E192*'Covariance'!E7+B192*F192*'Covariance'!F7+B192*G192*'Covariance'!G7+B192*H192*'Covariance'!H7+B192*I192*'Covariance'!I7+C192*B192*'Covariance'!B8+C192*C192*'Covariance'!C8+C192*D192*'Covariance'!D8+C192*E192*'Covariance'!E8+C192*F192*'Covariance'!F8+C192*G192*'Covariance'!G8+C192*H192*'Covariance'!H8+C192*I192*'Covariance'!I8+D192*B192*'Covariance'!B9+D192*C192*'Covariance'!C9+D192*D192*'Covariance'!D9+D192*E192*'Covariance'!E9+D192*F192*'Covariance'!F9+D192*G192*'Covariance'!G9+D192*H192*'Covariance'!H9+D192*I192*'Covariance'!I9+E192*B192*'Covariance'!B10+E192*C192*'Covariance'!C10+E192*D192*'Covariance'!D10+E192*E192*'Covariance'!E10+E192*F192*'Covariance'!F10+E192*G192*'Covariance'!G10+E192*H192*'Covariance'!H10+E192*I192*'Covariance'!I10+F192*B192*'Covariance'!B11+F192*C192*'Covariance'!C11+F192*D192*'Covariance'!D11+F192*E192*'Covariance'!E11+F192*F192*'Covariance'!F11+F192*G192*'Covariance'!G11+F192*H192*'Covariance'!H11+F192*I192*'Covariance'!I11+G192*B192*'Covariance'!B12+G192*C192*'Covariance'!C12+G192*D192*'Covariance'!D12+G192*E192*'Covariance'!E12+G192*F192*'Covariance'!F12+G192*G192*'Covariance'!G12+G192*H192*'Covariance'!H12+G192*I192*'Covariance'!I12+H192*B192*'Covariance'!B13+H192*C192*'Covariance'!C13+H192*D192*'Covariance'!D13+H192*E192*'Covariance'!E13+H192*F192*'Covariance'!F13+H192*G192*'Covariance'!G13+H192*H192*'Covariance'!H13+H192*I192*'Covariance'!I13+I192*B192*'Covariance'!B14+I192*C192*'Covariance'!C14+I192*D192*'Covariance'!D14+I192*E192*'Covariance'!E14+I192*F192*'Covariance'!F14+I192*G192*'Covariance'!G14+I192*H192*'Covariance'!H14+I192*I192*'Covariance'!I14)
Sampled portfolios,L192,=(J192-'Inputs'!$B$11)/K192
Sampled portfolios,J193,=B193*'Asset assumptions'!E7+C193*'Asset assumptions'!E8+D193*'Asset assumptions'!E9+E193*'Asset assumptions'!E10+F193*'Asset assumptions'!E11+G193*'Asset assumptions'!E12+H193*'Asset assumptions'!E13+I193*'Asset assumptions'!E14
Sampled portfolios,K193,=SQRT(B193*B193*'Covariance'!B7+B193*C193*'Covariance'!C7+B193*D193*'Covariance'!D7+B193*E193*'Covariance'!E7+B193*F193*'Covariance'!F7+B193*G193*'Covariance'!G7+B193*H193*'Covariance'!H7+B193*I193*'Covariance'!I7+C193*B193*'Covariance'!B8+C193*C193*'Covariance'!C8+C193*D193*'Covariance'!D8+C193*E193*'Covariance'!E8+C193*F193*'Covariance'!F8+C193*G193*'Covariance'!G8+C193*H193*'Covariance'!H8+C193*I193*'Covariance'!I8+D193*B193*'Covariance'!B9+D193*C193*'Covariance'!C9+D193*D193*'Covariance'!D9+D193*E193*'Covariance'!E9+D193*F193*'Covariance'!F9+D193*G193*'Covariance'!G9+D193*H193*'Covariance'!H9+D193*I193*'Covariance'!I9+E193*B193*'Covariance'!B10+E193*C193*'Covariance'!C10+E193*D193*'Covariance'!D10+E193*E193*'Covariance'!E10+E193*F193*'Covariance'!F10+E193*G193*'Covariance'!G10+E193*H193*'Covariance'!H10+E193*I193*'Covariance'!I10+F193*B193*'Covariance'!B11+F193*C193*'Covariance'!C11+F193*D193*'Covariance'!D11+F193*E193*'Covariance'!E11+F193*F193*'Covariance'!F11+F193*G193*'Covariance'!G11+F193*H193*'Covariance'!H11+F193*I193*'Covariance'!I11+G193*B193*'Covariance'!B12+G193*C193*'Covariance'!C12+G193*D193*'Covariance'!D12+G193*E193*'Covariance'!E12+G193*F193*'Covariance'!F12+G193*G193*'Covariance'!G12+G193*H193*'Covariance'!H12+G193*I193*'Covariance'!I12+H193*B193*'Covariance'!B13+H193*C193*'Covariance'!C13+H193*D193*'Covariance'!D13+H193*E193*'Covariance'!E13+H193*F193*'Covariance'!F13+H193*G193*'Covariance'!G13+H193*H193*'Covariance'!H13+H193*I193*'Covariance'!I13+I193*B193*'Covariance'!B14+I193*C193*'Covariance'!C14+I193*D193*'Covariance'!D14+I193*E193*'Covariance'!E14+I193*F193*'Covariance'!F14+I193*G193*'Covariance'!G14+I193*H193*'Covariance'!H14+I193*I193*'Covariance'!I14)
Sampled portfolios,L193,=(J193-'Inputs'!$B$11)/K193
Sampled portfolios,J194,=B194*'Asset assumptions'!E7+C194*'Asset assumptions'!E8+D194*'Asset assumptions'!E9+E194*'Asset assumptions'!E10+F194*'Asset assumptions'!E11+G194*'Asset assumptions'!E12+H194*'Asset assumptions'!E13+I194*'Asset assumptions'!E14
Sampled portfolios,K194,=SQRT(B194*B194*'Covariance'!B7+B194*C194*'Covariance'!C7+B194*D194*'Covariance'!D7+B194*E194*'Covariance'!E7+B194*F194*'Covariance'!F7+B194*G194*'Covariance'!G7+B194*H194*'Covariance'!H7+B194*I194*'Covariance'!I7+C194*B194*'Covariance'!B8+C194*C194*'Covariance'!C8+C194*D194*'Covariance'!D8+C194*E194*'Covariance'!E8+C194*F194*'Covariance'!F8+C194*G194*'Covariance'!G8+C194*H194*'Covariance'!H8+C194*I194*'Covariance'!I8+D194*B194*'Covariance'!B9+D194*C194*'Covariance'!C9+D194*D194*'Covariance'!D9+D194*E194*'Covariance'!E9+D194*F194*'Covariance'!F9+D194*G194*'Covariance'!G9+D194*H194*'Covariance'!H9+D194*I194*'Covariance'!I9+E194*B194*'Covariance'!B10+E194*C194*'Covariance'!C10+E194*D194*'Covariance'!D10+E194*E194*'Covariance'!E10+E194*F194*'Covariance'!F10+E194*G194*'Covariance'!G10+E194*H194*'Covariance'!H10+E194*I194*'Covariance'!I10+F194*B194*'Covariance'!B11+F194*C194*'Covariance'!C11+F194*D194*'Covariance'!D11+F194*E194*'Covariance'!E11+F194*F194*'Covariance'!F11+F194*G194*'Covariance'!G11+F194*H194*'Covariance'!H11+F194*I194*'Covariance'!I11+G194*B194*'Covariance'!B12+G194*C194*'Covariance'!C12+G194*D194*'Covariance'!D12+G194*E194*'Covariance'!E12+G194*F194*'Covariance'!F12+G194*G194*'Covariance'!G12+G194*H194*'Covariance'!H12+G194*I194*'Covariance'!I12+H194*B194*'Covariance'!B13+H194*C194*'Covariance'!C13+H194*D194*'Covariance'!D13+H194*E194*'Covariance'!E13+H194*F194*'Covariance'!F13+H194*G194*'Covariance'!G13+H194*H194*'Covariance'!H13+H194*I194*'Covariance'!I13+I194*B194*'Covariance'!B14+I194*C194*'Covariance'!C14+I194*D194*'Covariance'!D14+I194*E194*'Covariance'!E14+I194*F194*'Covariance'!F14+I194*G194*'Covariance'!G14+I194*H194*'Covariance'!H14+I194*I194*'Covariance'!I14)
Sampled portfolios,L194,=(J194-'Inputs'!$B$11)/K194
Sampled portfolios,J195,=B195*'Asset assumptions'!E7+C195*'Asset assumptions'!E8+D195*'Asset assumptions'!E9+E195*'Asset assumptions'!E10+F195*'Asset assumptions'!E11+G195*'Asset assumptions'!E12+H195*'Asset assumptions'!E13+I195*'Asset assumptions'!E14
Sampled portfolios,K195,=SQRT(B195*B195*'Covariance'!B7+B195*C195*'Covariance'!C7+B195*D195*'Covariance'!D7+B195*E195*'Covariance'!E7+B195*F195*'Covariance'!F7+B195*G195*'Covariance'!G7+B195*H195*'Covariance'!H7+B195*I195*'Covariance'!I7+C195*B195*'Covariance'!B8+C195*C195*'Covariance'!C8+C195*D195*'Covariance'!D8+C195*E195*'Covariance'!E8+C195*F195*'Covariance'!F8+C195*G195*'Covariance'!G8+C195*H195*'Covariance'!H8+C195*I195*'Covariance'!I8+D195*B195*'Covariance'!B9+D195*C195*'Covariance'!C9+D195*D195*'Covariance'!D9+D195*E195*'Covariance'!E9+D195*F195*'Covariance'!F9+D195*G195*'Covariance'!G9+D195*H195*'Covariance'!H9+D195*I195*'Covariance'!I9+E195*B195*'Covariance'!B10+E195*C195*'Covariance'!C10+E195*D195*'Covariance'!D10+E195*E195*'Covariance'!E10+E195*F195*'Covariance'!F10+E195*G195*'Covariance'!G10+E195*H195*'Covariance'!H10+E195*I195*'Covariance'!I10+F195*B195*'Covariance'!B11+F195*C195*'Covariance'!C11+F195*D195*'Covariance'!D11+F195*E195*'Covariance'!E11+F195*F195*'Covariance'!F11+F195*G195*'Covariance'!G11+F195*H195*'Covariance'!H11+F195*I195*'Covariance'!I11+G195*B195*'Covariance'!B12+G195*C195*'Covariance'!C12+G195*D195*'Covariance'!D12+G195*E195*'Covariance'!E12+G195*F195*'Covariance'!F12+G195*G195*'Covariance'!G12+G195*H195*'Covariance'!H12+G195*I195*'Covariance'!I12+H195*B195*'Covariance'!B13+H195*C195*'Covariance'!C13+H195*D195*'Covariance'!D13+H195*E195*'Covariance'!E13+H195*F195*'Covariance'!F13+H195*G195*'Covariance'!G13+H195*H195*'Covariance'!H13+H195*I195*'Covariance'!I13+I195*B195*'Covariance'!B14+I195*C195*'Covariance'!C14+I195*D195*'Covariance'!D14+I195*E195*'Covariance'!E14+I195*F195*'Covariance'!F14+I195*G195*'Covariance'!G14+I195*H195*'Covariance'!H14+I195*I195*'Covariance'!I14)
Sampled portfolios,L195,=(J195-'Inputs'!$B$11)/K195
Sampled portfolios,J196,=B196*'Asset assumptions'!E7+C196*'Asset assumptions'!E8+D196*'Asset assumptions'!E9+E196*'Asset assumptions'!E10+F196*'Asset assumptions'!E11+G196*'Asset assumptions'!E12+H196*'Asset assumptions'!E13+I196*'Asset assumptions'!E14
Sampled portfolios,K196,=SQRT(B196*B196*'Covariance'!B7+B196*C196*'Covariance'!C7+B196*D196*'Covariance'!D7+B196*E196*'Covariance'!E7+B196*F196*'Covariance'!F7+B196*G196*'Covariance'!G7+B196*H196*'Covariance'!H7+B196*I196*'Covariance'!I7+C196*B196*'Covariance'!B8+C196*C196*'Covariance'!C8+C196*D196*'Covariance'!D8+C196*E196*'Covariance'!E8+C196*F196*'Covariance'!F8+C196*G196*'Covariance'!G8+C196*H196*'Covariance'!H8+C196*I196*'Covariance'!I8+D196*B196*'Covariance'!B9+D196*C196*'Covariance'!C9+D196*D196*'Covariance'!D9+D196*E196*'Covariance'!E9+D196*F196*'Covariance'!F9+D196*G196*'Covariance'!G9+D196*H196*'Covariance'!H9+D196*I196*'Covariance'!I9+E196*B196*'Covariance'!B10+E196*C196*'Covariance'!C10+E196*D196*'Covariance'!D10+E196*E196*'Covariance'!E10+E196*F196*'Covariance'!F10+E196*G196*'Covariance'!G10+E196*H196*'Covariance'!H10+E196*I196*'Covariance'!I10+F196*B196*'Covariance'!B11+F196*C196*'Covariance'!C11+F196*D196*'Covariance'!D11+F196*E196*'Covariance'!E11+F196*F196*'Covariance'!F11+F196*G196*'Covariance'!G11+F196*H196*'Covariance'!H11+F196*I196*'Covariance'!I11+G196*B196*'Covariance'!B12+G196*C196*'Covariance'!C12+G196*D196*'Covariance'!D12+G196*E196*'Covariance'!E12+G196*F196*'Covariance'!F12+G196*G196*'Covariance'!G12+G196*H196*'Covariance'!H12+G196*I196*'Covariance'!I12+H196*B196*'Covariance'!B13+H196*C196*'Covariance'!C13+H196*D196*'Covariance'!D13+H196*E196*'Covariance'!E13+H196*F196*'Covariance'!F13+H196*G196*'Covariance'!G13+H196*H196*'Covariance'!H13+H196*I196*'Covariance'!I13+I196*B196*'Covariance'!B14+I196*C196*'Covariance'!C14+I196*D196*'Covariance'!D14+I196*E196*'Covariance'!E14+I196*F196*'Covariance'!F14+I196*G196*'Covariance'!G14+I196*H196*'Covariance'!H14+I196*I196*'Covariance'!I14)
Sampled portfolios,L196,=(J196-'Inputs'!$B$11)/K196
Sampled portfolios,J197,=B197*'Asset assumptions'!E7+C197*'Asset assumptions'!E8+D197*'Asset assumptions'!E9+E197*'Asset assumptions'!E10+F197*'Asset assumptions'!E11+G197*'Asset assumptions'!E12+H197*'Asset assumptions'!E13+I197*'Asset assumptions'!E14
Sampled portfolios,K197,=SQRT(B197*B197*'Covariance'!B7+B197*C197*'Covariance'!C7+B197*D197*'Covariance'!D7+B197*E197*'Covariance'!E7+B197*F197*'Covariance'!F7+B197*G197*'Covariance'!G7+B197*H197*'Covariance'!H7+B197*I197*'Covariance'!I7+C197*B197*'Covariance'!B8+C197*C197*'Covariance'!C8+C197*D197*'Covariance'!D8+C197*E197*'Covariance'!E8+C197*F197*'Covariance'!F8+C197*G197*'Covariance'!G8+C197*H197*'Covariance'!H8+C197*I197*'Covariance'!I8+D197*B197*'Covariance'!B9+D197*C197*'Covariance'!C9+D197*D197*'Covariance'!D9+D197*E197*'Covariance'!E9+D197*F197*'Covariance'!F9+D197*G197*'Covariance'!G9+D197*H197*'Covariance'!H9+D197*I197*'Covariance'!I9+E197*B197*'Covariance'!B10+E197*C197*'Covariance'!C10+E197*D197*'Covariance'!D10+E197*E197*'Covariance'!E10+E197*F197*'Covariance'!F10+E197*G197*'Covariance'!G10+E197*H197*'Covariance'!H10+E197*I197*'Covariance'!I10+F197*B197*'Covariance'!B11+F197*C197*'Covariance'!C11+F197*D197*'Covariance'!D11+F197*E197*'Covariance'!E11+F197*F197*'Covariance'!F11+F197*G197*'Covariance'!G11+F197*H197*'Covariance'!H11+F197*I197*'Covariance'!I11+G197*B197*'Covariance'!B12+G197*C197*'Covariance'!C12+G197*D197*'Covariance'!D12+G197*E197*'Covariance'!E12+G197*F197*'Covariance'!F12+G197*G197*'Covariance'!G12+G197*H197*'Covariance'!H12+G197*I197*'Covariance'!I12+H197*B197*'Covariance'!B13+H197*C197*'Covariance'!C13+H197*D197*'Covariance'!D13+H197*E197*'Covariance'!E13+H197*F197*'Covariance'!F13+H197*G197*'Covariance'!G13+H197*H197*'Covariance'!H13+H197*I197*'Covariance'!I13+I197*B197*'Covariance'!B14+I197*C197*'Covariance'!C14+I197*D197*'Covariance'!D14+I197*E197*'Covariance'!E14+I197*F197*'Covariance'!F14+I197*G197*'Covariance'!G14+I197*H197*'Covariance'!H14+I197*I197*'Covariance'!I14)
Sampled portfolios,L197,=(J197-'Inputs'!$B$11)/K197
Sampled portfolios,J198,=B198*'Asset assumptions'!E7+C198*'Asset assumptions'!E8+D198*'Asset assumptions'!E9+E198*'Asset assumptions'!E10+F198*'Asset assumptions'!E11+G198*'Asset assumptions'!E12+H198*'Asset assumptions'!E13+I198*'Asset assumptions'!E14
Sampled portfolios,K198,=SQRT(B198*B198*'Covariance'!B7+B198*C198*'Covariance'!C7+B198*D198*'Covariance'!D7+B198*E198*'Covariance'!E7+B198*F198*'Covariance'!F7+B198*G198*'Covariance'!G7+B198*H198*'Covariance'!H7+B198*I198*'Covariance'!I7+C198*B198*'Covariance'!B8+C198*C198*'Covariance'!C8+C198*D198*'Covariance'!D8+C198*E198*'Covariance'!E8+C198*F198*'Covariance'!F8+C198*G198*'Covariance'!G8+C198*H198*'Covariance'!H8+C198*I198*'Covariance'!I8+D198*B198*'Covariance'!B9+D198*C198*'Covariance'!C9+D198*D198*'Covariance'!D9+D198*E198*'Covariance'!E9+D198*F198*'Covariance'!F9+D198*G198*'Covariance'!G9+D198*H198*'Covariance'!H9+D198*I198*'Covariance'!I9+E198*B198*'Covariance'!B10+E198*C198*'Covariance'!C10+E198*D198*'Covariance'!D10+E198*E198*'Covariance'!E10+E198*F198*'Covariance'!F10+E198*G198*'Covariance'!G10+E198*H198*'Covariance'!H10+E198*I198*'Covariance'!I10+F198*B198*'Covariance'!B11+F198*C198*'Covariance'!C11+F198*D198*'Covariance'!D11+F198*E198*'Covariance'!E11+F198*F198*'Covariance'!F11+F198*G198*'Covariance'!G11+F198*H198*'Covariance'!H11+F198*I198*'Covariance'!I11+G198*B198*'Covariance'!B12+G198*C198*'Covariance'!C12+G198*D198*'Covariance'!D12+G198*E198*'Covariance'!E12+G198*F198*'Covariance'!F12+G198*G198*'Covariance'!G12+G198*H198*'Covariance'!H12+G198*I198*'Covariance'!I12+H198*B198*'Covariance'!B13+H198*C198*'Covariance'!C13+H198*D198*'Covariance'!D13+H198*E198*'Covariance'!E13+H198*F198*'Covariance'!F13+H198*G198*'Covariance'!G13+H198*H198*'Covariance'!H13+H198*I198*'Covariance'!I13+I198*B198*'Covariance'!B14+I198*C198*'Covariance'!C14+I198*D198*'Covariance'!D14+I198*E198*'Covariance'!E14+I198*F198*'Covariance'!F14+I198*G198*'Covariance'!G14+I198*H198*'Covariance'!H14+I198*I198*'Covariance'!I14)
Sampled portfolios,L198,=(J198-'Inputs'!$B$11)/K198
Sampled portfolios,J199,=B199*'Asset assumptions'!E7+C199*'Asset assumptions'!E8+D199*'Asset assumptions'!E9+E199*'Asset assumptions'!E10+F199*'Asset assumptions'!E11+G199*'Asset assumptions'!E12+H199*'Asset assumptions'!E13+I199*'Asset assumptions'!E14
Sampled portfolios,K199,=SQRT(B199*B199*'Covariance'!B7+B199*C199*'Covariance'!C7+B199*D199*'Covariance'!D7+B199*E199*'Covariance'!E7+B199*F199*'Covariance'!F7+B199*G199*'Covariance'!G7+B199*H199*'Covariance'!H7+B199*I199*'Covariance'!I7+C199*B199*'Covariance'!B8+C199*C199*'Covariance'!C8+C199*D199*'Covariance'!D8+C199*E199*'Covariance'!E8+C199*F199*'Covariance'!F8+C199*G199*'Covariance'!G8+C199*H199*'Covariance'!H8+C199*I199*'Covariance'!I8+D199*B199*'Covariance'!B9+D199*C199*'Covariance'!C9+D199*D199*'Covariance'!D9+D199*E199*'Covariance'!E9+D199*F199*'Covariance'!F9+D199*G199*'Covariance'!G9+D199*H199*'Covariance'!H9+D199*I199*'Covariance'!I9+E199*B199*'Covariance'!B10+E199*C199*'Covariance'!C10+E199*D199*'Covariance'!D10+E199*E199*'Covariance'!E10+E199*F199*'Covariance'!F10+E199*G199*'Covariance'!G10+E199*H199*'Covariance'!H10+E199*I199*'Covariance'!I10+F199*B199*'Covariance'!B11+F199*C199*'Covariance'!C11+F199*D199*'Covariance'!D11+F199*E199*'Covariance'!E11+F199*F199*'Covariance'!F11+F199*G199*'Covariance'!G11+F199*H199*'Covariance'!H11+F199*I199*'Covariance'!I11+G199*B199*'Covariance'!B12+G199*C199*'Covariance'!C12+G199*D199*'Covariance'!D12+G199*E199*'Covariance'!E12+G199*F199*'Covariance'!F12+G199*G199*'Covariance'!G12+G199*H199*'Covariance'!H12+G199*I199*'Covariance'!I12+H199*B199*'Covariance'!B13+H199*C199*'Covariance'!C13+H199*D199*'Covariance'!D13+H199*E199*'Covariance'!E13+H199*F199*'Covariance'!F13+H199*G199*'Covariance'!G13+H199*H199*'Covariance'!H13+H199*I199*'Covariance'!I13+I199*B199*'Covariance'!B14+I199*C199*'Covariance'!C14+I199*D199*'Covariance'!D14+I199*E199*'Covariance'!E14+I199*F199*'Covariance'!F14+I199*G199*'Covariance'!G14+I199*H199*'Covariance'!H14+I199*I199*'Covariance'!I14)
Sampled portfolios,L199,=(J199-'Inputs'!$B$11)/K199
Sampled portfolios,J200,=B200*'Asset assumptions'!E7+C200*'Asset assumptions'!E8+D200*'Asset assumptions'!E9+E200*'Asset assumptions'!E10+F200*'Asset assumptions'!E11+G200*'Asset assumptions'!E12+H200*'Asset assumptions'!E13+I200*'Asset assumptions'!E14
Sampled portfolios,K200,=SQRT(B200*B200*'Covariance'!B7+B200*C200*'Covariance'!C7+B200*D200*'Covariance'!D7+B200*E200*'Covariance'!E7+B200*F200*'Covariance'!F7+B200*G200*'Covariance'!G7+B200*H200*'Covariance'!H7+B200*I200*'Covariance'!I7+C200*B200*'Covariance'!B8+C200*C200*'Covariance'!C8+C200*D200*'Covariance'!D8+C200*E200*'Covariance'!E8+C200*F200*'Covariance'!F8+C200*G200*'Covariance'!G8+C200*H200*'Covariance'!H8+C200*I200*'Covariance'!I8+D200*B200*'Covariance'!B9+D200*C200*'Covariance'!C9+D200*D200*'Covariance'!D9+D200*E200*'Covariance'!E9+D200*F200*'Covariance'!F9+D200*G200*'Covariance'!G9+D200*H200*'Covariance'!H9+D200*I200*'Covariance'!I9+E200*B200*'Covariance'!B10+E200*C200*'Covariance'!C10+E200*D200*'Covariance'!D10+E200*E200*'Covariance'!E10+E200*F200*'Covariance'!F10+E200*G200*'Covariance'!G10+E200*H200*'Covariance'!H10+E200*I200*'Covariance'!I10+F200*B200*'Covariance'!B11+F200*C200*'Covariance'!C11+F200*D200*'Covariance'!D11+F200*E200*'Covariance'!E11+F200*F200*'Covariance'!F11+F200*G200*'Covariance'!G11+F200*H200*'Covariance'!H11+F200*I200*'Covariance'!I11+G200*B200*'Covariance'!B12+G200*C200*'Covariance'!C12+G200*D200*'Covariance'!D12+G200*E200*'Covariance'!E12+G200*F200*'Covariance'!F12+G200*G200*'Covariance'!G12+G200*H200*'Covariance'!H12+G200*I200*'Covariance'!I12+H200*B200*'Covariance'!B13+H200*C200*'Covariance'!C13+H200*D200*'Covariance'!D13+H200*E200*'Covariance'!E13+H200*F200*'Covariance'!F13+H200*G200*'Covariance'!G13+H200*H200*'Covariance'!H13+H200*I200*'Covariance'!I13+I200*B200*'Covariance'!B14+I200*C200*'Covariance'!C14+I200*D200*'Covariance'!D14+I200*E200*'Covariance'!E14+I200*F200*'Covariance'!F14+I200*G200*'Covariance'!G14+I200*H200*'Covariance'!H14+I200*I200*'Covariance'!I14)
Sampled portfolios,L200,=(J200-'Inputs'!$B$11)/K200
Sampled portfolios,J201,=B201*'Asset assumptions'!E7+C201*'Asset assumptions'!E8+D201*'Asset assumptions'!E9+E201*'Asset assumptions'!E10+F201*'Asset assumptions'!E11+G201*'Asset assumptions'!E12+H201*'Asset assumptions'!E13+I201*'Asset assumptions'!E14
Sampled portfolios,K201,=SQRT(B201*B201*'Covariance'!B7+B201*C201*'Covariance'!C7+B201*D201*'Covariance'!D7+B201*E201*'Covariance'!E7+B201*F201*'Covariance'!F7+B201*G201*'Covariance'!G7+B201*H201*'Covariance'!H7+B201*I201*'Covariance'!I7+C201*B201*'Covariance'!B8+C201*C201*'Covariance'!C8+C201*D201*'Covariance'!D8+C201*E201*'Covariance'!E8+C201*F201*'Covariance'!F8+C201*G201*'Covariance'!G8+C201*H201*'Covariance'!H8+C201*I201*'Covariance'!I8+D201*B201*'Covariance'!B9+D201*C201*'Covariance'!C9+D201*D201*'Covariance'!D9+D201*E201*'Covariance'!E9+D201*F201*'Covariance'!F9+D201*G201*'Covariance'!G9+D201*H201*'Covariance'!H9+D201*I201*'Covariance'!I9+E201*B201*'Covariance'!B10+E201*C201*'Covariance'!C10+E201*D201*'Covariance'!D10+E201*E201*'Covariance'!E10+E201*F201*'Covariance'!F10+E201*G201*'Covariance'!G10+E201*H201*'Covariance'!H10+E201*I201*'Covariance'!I10+F201*B201*'Covariance'!B11+F201*C201*'Covariance'!C11+F201*D201*'Covariance'!D11+F201*E201*'Covariance'!E11+F201*F201*'Covariance'!F11+F201*G201*'Covariance'!G11+F201*H201*'Covariance'!H11+F201*I201*'Covariance'!I11+G201*B201*'Covariance'!B12+G201*C201*'Covariance'!C12+G201*D201*'Covariance'!D12+G201*E201*'Covariance'!E12+G201*F201*'Covariance'!F12+G201*G201*'Covariance'!G12+G201*H201*'Covariance'!H12+G201*I201*'Covariance'!I12+H201*B201*'Covariance'!B13+H201*C201*'Covariance'!C13+H201*D201*'Covariance'!D13+H201*E201*'Covariance'!E13+H201*F201*'Covariance'!F13+H201*G201*'Covariance'!G13+H201*H201*'Covariance'!H13+H201*I201*'Covariance'!I13+I201*B201*'Covariance'!B14+I201*C201*'Covariance'!C14+I201*D201*'Covariance'!D14+I201*E201*'Covariance'!E14+I201*F201*'Covariance'!F14+I201*G201*'Covariance'!G14+I201*H201*'Covariance'!H14+I201*I201*'Covariance'!I14)
Sampled portfolios,L201,=(J201-'Inputs'!$B$11)/K201
Sampled portfolios,J202,=B202*'Asset assumptions'!E7+C202*'Asset assumptions'!E8+D202*'Asset assumptions'!E9+E202*'Asset assumptions'!E10+F202*'Asset assumptions'!E11+G202*'Asset assumptions'!E12+H202*'Asset assumptions'!E13+I202*'Asset assumptions'!E14
Sampled portfolios,K202,=SQRT(B202*B202*'Covariance'!B7+B202*C202*'Covariance'!C7+B202*D202*'Covariance'!D7+B202*E202*'Covariance'!E7+B202*F202*'Covariance'!F7+B202*G202*'Covariance'!G7+B202*H202*'Covariance'!H7+B202*I202*'Covariance'!I7+C202*B202*'Covariance'!B8+C202*C202*'Covariance'!C8+C202*D202*'Covariance'!D8+C202*E202*'Covariance'!E8+C202*F202*'Covariance'!F8+C202*G202*'Covariance'!G8+C202*H202*'Covariance'!H8+C202*I202*'Covariance'!I8+D202*B202*'Covariance'!B9+D202*C202*'Covariance'!C9+D202*D202*'Covariance'!D9+D202*E202*'Covariance'!E9+D202*F202*'Covariance'!F9+D202*G202*'Covariance'!G9+D202*H202*'Covariance'!H9+D202*I202*'Covariance'!I9+E202*B202*'Covariance'!B10+E202*C202*'Covariance'!C10+E202*D202*'Covariance'!D10+E202*E202*'Covariance'!E10+E202*F202*'Covariance'!F10+E202*G202*'Covariance'!G10+E202*H202*'Covariance'!H10+E202*I202*'Covariance'!I10+F202*B202*'Covariance'!B11+F202*C202*'Covariance'!C11+F202*D202*'Covariance'!D11+F202*E202*'Covariance'!E11+F202*F202*'Covariance'!F11+F202*G202*'Covariance'!G11+F202*H202*'Covariance'!H11+F202*I202*'Covariance'!I11+G202*B202*'Covariance'!B12+G202*C202*'Covariance'!C12+G202*D202*'Covariance'!D12+G202*E202*'Covariance'!E12+G202*F202*'Covariance'!F12+G202*G202*'Covariance'!G12+G202*H202*'Covariance'!H12+G202*I202*'Covariance'!I12+H202*B202*'Covariance'!B13+H202*C202*'Covariance'!C13+H202*D202*'Covariance'!D13+H202*E202*'Covariance'!E13+H202*F202*'Covariance'!F13+H202*G202*'Covariance'!G13+H202*H202*'Covariance'!H13+H202*I202*'Covariance'!I13+I202*B202*'Covariance'!B14+I202*C202*'Covariance'!C14+I202*D202*'Covariance'!D14+I202*E202*'Covariance'!E14+I202*F202*'Covariance'!F14+I202*G202*'Covariance'!G14+I202*H202*'Covariance'!H14+I202*I202*'Covariance'!I14)
Sampled portfolios,L202,=(J202-'Inputs'!$B$11)/K202
Sampled portfolios,J203,=B203*'Asset assumptions'!E7+C203*'Asset assumptions'!E8+D203*'Asset assumptions'!E9+E203*'Asset assumptions'!E10+F203*'Asset assumptions'!E11+G203*'Asset assumptions'!E12+H203*'Asset assumptions'!E13+I203*'Asset assumptions'!E14
Sampled portfolios,K203,=SQRT(B203*B203*'Covariance'!B7+B203*C203*'Covariance'!C7+B203*D203*'Covariance'!D7+B203*E203*'Covariance'!E7+B203*F203*'Covariance'!F7+B203*G203*'Covariance'!G7+B203*H203*'Covariance'!H7+B203*I203*'Covariance'!I7+C203*B203*'Covariance'!B8+C203*C203*'Covariance'!C8+C203*D203*'Covariance'!D8+C203*E203*'Covariance'!E8+C203*F203*'Covariance'!F8+C203*G203*'Covariance'!G8+C203*H203*'Covariance'!H8+C203*I203*'Covariance'!I8+D203*B203*'Covariance'!B9+D203*C203*'Covariance'!C9+D203*D203*'Covariance'!D9+D203*E203*'Covariance'!E9+D203*F203*'Covariance'!F9+D203*G203*'Covariance'!G9+D203*H203*'Covariance'!H9+D203*I203*'Covariance'!I9+E203*B203*'Covariance'!B10+E203*C203*'Covariance'!C10+E203*D203*'Covariance'!D10+E203*E203*'Covariance'!E10+E203*F203*'Covariance'!F10+E203*G203*'Covariance'!G10+E203*H203*'Covariance'!H10+E203*I203*'Covariance'!I10+F203*B203*'Covariance'!B11+F203*C203*'Covariance'!C11+F203*D203*'Covariance'!D11+F203*E203*'Covariance'!E11+F203*F203*'Covariance'!F11+F203*G203*'Covariance'!G11+F203*H203*'Covariance'!H11+F203*I203*'Covariance'!I11+G203*B203*'Covariance'!B12+G203*C203*'Covariance'!C12+G203*D203*'Covariance'!D12+G203*E203*'Covariance'!E12+G203*F203*'Covariance'!F12+G203*G203*'Covariance'!G12+G203*H203*'Covariance'!H12+G203*I203*'Covariance'!I12+H203*B203*'Covariance'!B13+H203*C203*'Covariance'!C13+H203*D203*'Covariance'!D13+H203*E203*'Covariance'!E13+H203*F203*'Covariance'!F13+H203*G203*'Covariance'!G13+H203*H203*'Covariance'!H13+H203*I203*'Covariance'!I13+I203*B203*'Covariance'!B14+I203*C203*'Covariance'!C14+I203*D203*'Covariance'!D14+I203*E203*'Covariance'!E14+I203*F203*'Covariance'!F14+I203*G203*'Covariance'!G14+I203*H203*'Covariance'!H14+I203*I203*'Covariance'!I14)
Sampled portfolios,L203,=(J203-'Inputs'!$B$11)/K203
Sampled portfolios,J204,=B204*'Asset assumptions'!E7+C204*'Asset assumptions'!E8+D204*'Asset assumptions'!E9+E204*'Asset assumptions'!E10+F204*'Asset assumptions'!E11+G204*'Asset assumptions'!E12+H204*'Asset assumptions'!E13+I204*'Asset assumptions'!E14
Sampled portfolios,K204,=SQRT(B204*B204*'Covariance'!B7+B204*C204*'Covariance'!C7+B204*D204*'Covariance'!D7+B204*E204*'Covariance'!E7+B204*F204*'Covariance'!F7+B204*G204*'Covariance'!G7+B204*H204*'Covariance'!H7+B204*I204*'Covariance'!I7+C204*B204*'Covariance'!B8+C204*C204*'Covariance'!C8+C204*D204*'Covariance'!D8+C204*E204*'Covariance'!E8+C204*F204*'Covariance'!F8+C204*G204*'Covariance'!G8+C204*H204*'Covariance'!H8+C204*I204*'Covariance'!I8+D204*B204*'Covariance'!B9+D204*C204*'Covariance'!C9+D204*D204*'Covariance'!D9+D204*E204*'Covariance'!E9+D204*F204*'Covariance'!F9+D204*G204*'Covariance'!G9+D204*H204*'Covariance'!H9+D204*I204*'Covariance'!I9+E204*B204*'Covariance'!B10+E204*C204*'Covariance'!C10+E204*D204*'Covariance'!D10+E204*E204*'Covariance'!E10+E204*F204*'Covariance'!F10+E204*G204*'Covariance'!G10+E204*H204*'Covariance'!H10+E204*I204*'Covariance'!I10+F204*B204*'Covariance'!B11+F204*C204*'Covariance'!C11+F204*D204*'Covariance'!D11+F204*E204*'Covariance'!E11+F204*F204*'Covariance'!F11+F204*G204*'Covariance'!G11+F204*H204*'Covariance'!H11+F204*I204*'Covariance'!I11+G204*B204*'Covariance'!B12+G204*C204*'Covariance'!C12+G204*D204*'Covariance'!D12+G204*E204*'Covariance'!E12+G204*F204*'Covariance'!F12+G204*G204*'Covariance'!G12+G204*H204*'Covariance'!H12+G204*I204*'Covariance'!I12+H204*B204*'Covariance'!B13+H204*C204*'Covariance'!C13+H204*D204*'Covariance'!D13+H204*E204*'Covariance'!E13+H204*F204*'Covariance'!F13+H204*G204*'Covariance'!G13+H204*H204*'Covariance'!H13+H204*I204*'Covariance'!I13+I204*B204*'Covariance'!B14+I204*C204*'Covariance'!C14+I204*D204*'Covariance'!D14+I204*E204*'Covariance'!E14+I204*F204*'Covariance'!F14+I204*G204*'Covariance'!G14+I204*H204*'Covariance'!H14+I204*I204*'Covariance'!I14)
Sampled portfolios,L204,=(J204-'Inputs'!$B$11)/K204
Sampled portfolios,J205,=B205*'Asset assumptions'!E7+C205*'Asset assumptions'!E8+D205*'Asset assumptions'!E9+E205*'Asset assumptions'!E10+F205*'Asset assumptions'!E11+G205*'Asset assumptions'!E12+H205*'Asset assumptions'!E13+I205*'Asset assumptions'!E14
Sampled portfolios,K205,=SQRT(B205*B205*'Covariance'!B7+B205*C205*'Covariance'!C7+B205*D205*'Covariance'!D7+B205*E205*'Covariance'!E7+B205*F205*'Covariance'!F7+B205*G205*'Covariance'!G7+B205*H205*'Covariance'!H7+B205*I205*'Covariance'!I7+C205*B205*'Covariance'!B8+C205*C205*'Covariance'!C8+C205*D205*'Covariance'!D8+C205*E205*'Covariance'!E8+C205*F205*'Covariance'!F8+C205*G205*'Covariance'!G8+C205*H205*'Covariance'!H8+C205*I205*'Covariance'!I8+D205*B205*'Covariance'!B9+D205*C205*'Covariance'!C9+D205*D205*'Covariance'!D9+D205*E205*'Covariance'!E9+D205*F205*'Covariance'!F9+D205*G205*'Covariance'!G9+D205*H205*'Covariance'!H9+D205*I205*'Covariance'!I9+E205*B205*'Covariance'!B10+E205*C205*'Covariance'!C10+E205*D205*'Covariance'!D10+E205*E205*'Covariance'!E10+E205*F205*'Covariance'!F10+E205*G205*'Covariance'!G10+E205*H205*'Covariance'!H10+E205*I205*'Covariance'!I10+F205*B205*'Covariance'!B11+F205*C205*'Covariance'!C11+F205*D205*'Covariance'!D11+F205*E205*'Covariance'!E11+F205*F205*'Covariance'!F11+F205*G205*'Covariance'!G11+F205*H205*'Covariance'!H11+F205*I205*'Covariance'!I11+G205*B205*'Covariance'!B12+G205*C205*'Covariance'!C12+G205*D205*'Covariance'!D12+G205*E205*'Covariance'!E12+G205*F205*'Covariance'!F12+G205*G205*'Covariance'!G12+G205*H205*'Covariance'!H12+G205*I205*'Covariance'!I12+H205*B205*'Covariance'!B13+H205*C205*'Covariance'!C13+H205*D205*'Covariance'!D13+H205*E205*'Covariance'!E13+H205*F205*'Covariance'!F13+H205*G205*'Covariance'!G13+H205*H205*'Covariance'!H13+H205*I205*'Covariance'!I13+I205*B205*'Covariance'!B14+I205*C205*'Covariance'!C14+I205*D205*'Covariance'!D14+I205*E205*'Covariance'!E14+I205*F205*'Covariance'!F14+I205*G205*'Covariance'!G14+I205*H205*'Covariance'!H14+I205*I205*'Covariance'!I14)
Sampled portfolios,L205,=(J205-'Inputs'!$B$11)/K205
Sampled portfolios,J206,=B206*'Asset assumptions'!E7+C206*'Asset assumptions'!E8+D206*'Asset assumptions'!E9+E206*'Asset assumptions'!E10+F206*'Asset assumptions'!E11+G206*'Asset assumptions'!E12+H206*'Asset assumptions'!E13+I206*'Asset assumptions'!E14
Sampled portfolios,K206,=SQRT(B206*B206*'Covariance'!B7+B206*C206*'Covariance'!C7+B206*D206*'Covariance'!D7+B206*E206*'Covariance'!E7+B206*F206*'Covariance'!F7+B206*G206*'Covariance'!G7+B206*H206*'Covariance'!H7+B206*I206*'Covariance'!I7+C206*B206*'Covariance'!B8+C206*C206*'Covariance'!C8+C206*D206*'Covariance'!D8+C206*E206*'Covariance'!E8+C206*F206*'Covariance'!F8+C206*G206*'Covariance'!G8+C206*H206*'Covariance'!H8+C206*I206*'Covariance'!I8+D206*B206*'Covariance'!B9+D206*C206*'Covariance'!C9+D206*D206*'Covariance'!D9+D206*E206*'Covariance'!E9+D206*F206*'Covariance'!F9+D206*G206*'Covariance'!G9+D206*H206*'Covariance'!H9+D206*I206*'Covariance'!I9+E206*B206*'Covariance'!B10+E206*C206*'Covariance'!C10+E206*D206*'Covariance'!D10+E206*E206*'Covariance'!E10+E206*F206*'Covariance'!F10+E206*G206*'Covariance'!G10+E206*H206*'Covariance'!H10+E206*I206*'Covariance'!I10+F206*B206*'Covariance'!B11+F206*C206*'Covariance'!C11+F206*D206*'Covariance'!D11+F206*E206*'Covariance'!E11+F206*F206*'Covariance'!F11+F206*G206*'Covariance'!G11+F206*H206*'Covariance'!H11+F206*I206*'Covariance'!I11+G206*B206*'Covariance'!B12+G206*C206*'Covariance'!C12+G206*D206*'Covariance'!D12+G206*E206*'Covariance'!E12+G206*F206*'Covariance'!F12+G206*G206*'Covariance'!G12+G206*H206*'Covariance'!H12+G206*I206*'Covariance'!I12+H206*B206*'Covariance'!B13+H206*C206*'Covariance'!C13+H206*D206*'Covariance'!D13+H206*E206*'Covariance'!E13+H206*F206*'Covariance'!F13+H206*G206*'Covariance'!G13+H206*H206*'Covariance'!H13+H206*I206*'Covariance'!I13+I206*B206*'Covariance'!B14+I206*C206*'Covariance'!C14+I206*D206*'Covariance'!D14+I206*E206*'Covariance'!E14+I206*F206*'Covariance'!F14+I206*G206*'Covariance'!G14+I206*H206*'Covariance'!H14+I206*I206*'Covariance'!I14)
Sampled portfolios,L206,=(J206-'Inputs'!$B$11)/K206
Sampled portfolios,J207,=B207*'Asset assumptions'!E7+C207*'Asset assumptions'!E8+D207*'Asset assumptions'!E9+E207*'Asset assumptions'!E10+F207*'Asset assumptions'!E11+G207*'Asset assumptions'!E12+H207*'Asset assumptions'!E13+I207*'Asset assumptions'!E14
Sampled portfolios,K207,=SQRT(B207*B207*'Covariance'!B7+B207*C207*'Covariance'!C7+B207*D207*'Covariance'!D7+B207*E207*'Covariance'!E7+B207*F207*'Covariance'!F7+B207*G207*'Covariance'!G7+B207*H207*'Covariance'!H7+B207*I207*'Covariance'!I7+C207*B207*'Covariance'!B8+C207*C207*'Covariance'!C8+C207*D207*'Covariance'!D8+C207*E207*'Covariance'!E8+C207*F207*'Covariance'!F8+C207*G207*'Covariance'!G8+C207*H207*'Covariance'!H8+C207*I207*'Covariance'!I8+D207*B207*'Covariance'!B9+D207*C207*'Covariance'!C9+D207*D207*'Covariance'!D9+D207*E207*'Covariance'!E9+D207*F207*'Covariance'!F9+D207*G207*'Covariance'!G9+D207*H207*'Covariance'!H9+D207*I207*'Covariance'!I9+E207*B207*'Covariance'!B10+E207*C207*'Covariance'!C10+E207*D207*'Covariance'!D10+E207*E207*'Covariance'!E10+E207*F207*'Covariance'!F10+E207*G207*'Covariance'!G10+E207*H207*'Covariance'!H10+E207*I207*'Covariance'!I10+F207*B207*'Covariance'!B11+F207*C207*'Covariance'!C11+F207*D207*'Covariance'!D11+F207*E207*'Covariance'!E11+F207*F207*'Covariance'!F11+F207*G207*'Covariance'!G11+F207*H207*'Covariance'!H11+F207*I207*'Covariance'!I11+G207*B207*'Covariance'!B12+G207*C207*'Covariance'!C12+G207*D207*'Covariance'!D12+G207*E207*'Covariance'!E12+G207*F207*'Covariance'!F12+G207*G207*'Covariance'!G12+G207*H207*'Covariance'!H12+G207*I207*'Covariance'!I12+H207*B207*'Covariance'!B13+H207*C207*'Covariance'!C13+H207*D207*'Covariance'!D13+H207*E207*'Covariance'!E13+H207*F207*'Covariance'!F13+H207*G207*'Covariance'!G13+H207*H207*'Covariance'!H13+H207*I207*'Covariance'!I13+I207*B207*'Covariance'!B14+I207*C207*'Covariance'!C14+I207*D207*'Covariance'!D14+I207*E207*'Covariance'!E14+I207*F207*'Covariance'!F14+I207*G207*'Covariance'!G14+I207*H207*'Covariance'!H14+I207*I207*'Covariance'!I14)
Sampled portfolios,L207,=(J207-'Inputs'!$B$11)/K207
Sampled portfolios,J208,=B208*'Asset assumptions'!E7+C208*'Asset assumptions'!E8+D208*'Asset assumptions'!E9+E208*'Asset assumptions'!E10+F208*'Asset assumptions'!E11+G208*'Asset assumptions'!E12+H208*'Asset assumptions'!E13+I208*'Asset assumptions'!E14
Sampled portfolios,K208,=SQRT(B208*B208*'Covariance'!B7+B208*C208*'Covariance'!C7+B208*D208*'Covariance'!D7+B208*E208*'Covariance'!E7+B208*F208*'Covariance'!F7+B208*G208*'Covariance'!G7+B208*H208*'Covariance'!H7+B208*I208*'Covariance'!I7+C208*B208*'Covariance'!B8+C208*C208*'Covariance'!C8+C208*D208*'Covariance'!D8+C208*E208*'Covariance'!E8+C208*F208*'Covariance'!F8+C208*G208*'Covariance'!G8+C208*H208*'Covariance'!H8+C208*I208*'Covariance'!I8+D208*B208*'Covariance'!B9+D208*C208*'Covariance'!C9+D208*D208*'Covariance'!D9+D208*E208*'Covariance'!E9+D208*F208*'Covariance'!F9+D208*G208*'Covariance'!G9+D208*H208*'Covariance'!H9+D208*I208*'Covariance'!I9+E208*B208*'Covariance'!B10+E208*C208*'Covariance'!C10+E208*D208*'Covariance'!D10+E208*E208*'Covariance'!E10+E208*F208*'Covariance'!F10+E208*G208*'Covariance'!G10+E208*H208*'Covariance'!H10+E208*I208*'Covariance'!I10+F208*B208*'Covariance'!B11+F208*C208*'Covariance'!C11+F208*D208*'Covariance'!D11+F208*E208*'Covariance'!E11+F208*F208*'Covariance'!F11+F208*G208*'Covariance'!G11+F208*H208*'Covariance'!H11+F208*I208*'Covariance'!I11+G208*B208*'Covariance'!B12+G208*C208*'Covariance'!C12+G208*D208*'Covariance'!D12+G208*E208*'Covariance'!E12+G208*F208*'Covariance'!F12+G208*G208*'Covariance'!G12+G208*H208*'Covariance'!H12+G208*I208*'Covariance'!I12+H208*B208*'Covariance'!B13+H208*C208*'Covariance'!C13+H208*D208*'Covariance'!D13+H208*E208*'Covariance'!E13+H208*F208*'Covariance'!F13+H208*G208*'Covariance'!G13+H208*H208*'Covariance'!H13+H208*I208*'Covariance'!I13+I208*B208*'Covariance'!B14+I208*C208*'Covariance'!C14+I208*D208*'Covariance'!D14+I208*E208*'Covariance'!E14+I208*F208*'Covariance'!F14+I208*G208*'Covariance'!G14+I208*H208*'Covariance'!H14+I208*I208*'Covariance'!I14)
Sampled portfolios,L208,=(J208-'Inputs'!$B$11)/K208
Search results,J7,='Sampled portfolios'!J207
Search results,K7,='Sampled portfolios'!K207
Search results,L7,='Sampled portfolios'!L207
Search results,J8,='Sampled portfolios'!J208
Search results,K8,='Sampled portfolios'!K208
Search results,L8,='Sampled portfolios'!L208
Rebalance,D7,=B7*C7
Rebalance,E7,=D7/SUM($D$7:$D$14)
Rebalance,F7,='Policies'!B8
Rebalance,G7,=E7-F7
Rebalance,H7,"=IF(ABS(G7)>'Inputs'!$B$15,1,0)"
Rebalance,I7,=F7*SUM($D$7:$D$14)
Rebalance,J7,"=IF(I7>=D7,INT((I7-D7)/C7),-INT((D7-I7)/C7))"
Rebalance,K7,=J7*C7
Rebalance,L7,"=IF(J7>0,'Inputs'!$B$8,'Inputs'!$B$9)"
Rebalance,M7,=ABS(K7)*L7
Rebalance,N7,=K7+M7
Rebalance,D8,=B8*C8
Rebalance,E8,=D8/SUM($D$7:$D$14)
Rebalance,F8,='Policies'!C8
Rebalance,G8,=E8-F8
Rebalance,H8,"=IF(ABS(G8)>'Inputs'!$B$15,1,0)"
Rebalance,I8,=F8*SUM($D$7:$D$14)
Rebalance,J8,"=IF(I8>=D8,INT((I8-D8)/C8),-INT((D8-I8)/C8))"
Rebalance,K8,=J8*C8
Rebalance,L8,"=IF(J8>0,'Inputs'!$B$8,'Inputs'!$B$9)"
Rebalance,M8,=ABS(K8)*L8
Rebalance,N8,=K8+M8
Rebalance,D9,=B9*C9
Rebalance,E9,=D9/SUM($D$7:$D$14)
Rebalance,F9,='Policies'!D8
Rebalance,G9,=E9-F9
Rebalance,H9,"=IF(ABS(G9)>'Inputs'!$B$15,1,0)"
Rebalance,I9,=F9*SUM($D$7:$D$14)
Rebalance,J9,"=IF(I9>=D9,INT((I9-D9)/C9),-INT((D9-I9)/C9))"
Rebalance,K9,=J9*C9
Rebalance,L9,"=IF(J9>0,'Inputs'!$B$8,'Inputs'!$B$9)"
Rebalance,M9,=ABS(K9)*L9
Rebalance,N9,=K9+M9
Rebalance,D10,=B10*C10
Rebalance,E10,=D10/SUM($D$7:$D$14)
Rebalance,F10,='Policies'!E8
Rebalance,G10,=E10-F10
Rebalance,H10,"=IF(ABS(G10)>'Inputs'!$B$15,1,0)"
Rebalance,I10,=F10*SUM($D$7:$D$14)
Rebalance,J10,"=IF(I10>=D10,INT((I10-D10)/C10),-INT((D10-I10)/C10))"
Rebalance,K10,=J10*C10
Rebalance,L10,"=IF(J10>0,'Inputs'!$B$8,'Inputs'!$B$9)"
Rebalance,M10,=ABS(K10)*L10
Rebalance,N10,=K10+M10
Rebalance,D11,=B11*C11
Rebalance,E11,=D11/SUM($D$7:$D$14)
Rebalance,F11,='Policies'!F8
Rebalance,G11,=E11-F11
Rebalance,H11,"=IF(ABS(G11)>'Inputs'!$B$15,1,0)"
Rebalance,I11,=F11*SUM($D$7:$D$14)
Rebalance,J11,"=IF(I11>=D11,INT((I11-D11)/C11),-INT((D11-I11)/C11))"
Rebalance,K11,=J11*C11
Rebalance,L11,"=IF(J11>0,'Inputs'!$B$8,'Inputs'!$B$9)"
Rebalance,M11,=ABS(K11)*L11
Rebalance,N11,=K11+M11
Rebalance,D12,=B12*C12
Rebalance,E12,=D12/SUM($D$7:$D$14)
Rebalance,F12,='Policies'!G8
Rebalance,G12,=E12-F12
Rebalance,H12,"=IF(ABS(G12)>'Inputs'!$B$15,1,0)"
Rebalance,I12,=F12*SUM($D$7:$D$14)
Rebalance,J12,"=IF(I12>=D12,INT((I12-D12)/C12),-INT((D12-I12)/C12))"
Rebalance,K12,=J12*C12
Rebalance,L12,"=IF(J12>0,'Inputs'!$B$8,'Inputs'!$B$9)"
Rebalance,M12,=ABS(K12)*L12
Rebalance,N12,=K12+M12
Rebalance,D13,=B13*C13
Rebalance,E13,=D13/SUM($D$7:$D$14)
Rebalance,F13,='Policies'!H8
Rebalance,G13,=E13-F13
Rebalance,H13,"=IF(ABS(G13)>'Inputs'!$B$15,1,0)"
Rebalance,I13,=F13*SUM($D$7:$D$14)
Rebalance,J13,"=IF(I13>=D13,INT((I13-D13)/C13),-INT((D13-I13)/C13))"
Rebalance,K13,=J13*C13
Rebalance,L13,"=IF(J13>0,'Inputs'!$B$8,'Inputs'!$B$9)"
Rebalance,M13,=ABS(K13)*L13
Rebalance,N13,=K13+M13
Rebalance,D14,=B14*C14
Rebalance,E14,=D14/SUM($D$7:$D$14)
Rebalance,F14,='Policies'!I8
Rebalance,G14,=E14-F14
Rebalance,H14,"=IF(ABS(G14)>'Inputs'!$B$15,1,0)"
Rebalance,I14,=F14*SUM($D$7:$D$14)
Rebalance,J14,"=IF(I14>=D14,INT((I14-D14)/C14),-INT((D14-I14)/C14))"
Rebalance,K14,=J14*C14
Rebalance,L14,=0
Rebalance,M14,=ABS(K14)*L14
Rebalance,N14,=K14+M14
Rebalance,N16,=SUM(N7:N14)
